Date,Close,High,Low,Open,Volume
20130102,16.612211227416992,16.79284831308343,16.388307919068655,16.75714458982828,560518000
20130103,16.402523040771484,16.63157136489985,16.369239973770377,16.5774106348578,352965200
20130104,15.945642471313477,16.297536255262795,15.910240922783341,16.247308651968925,594333600
20130107,15.851844787597656,16.015233566165747,15.588605156457378,15.794355245554014,484156400
20130108,15.894505500793457,16.09359960597283,15.77166174900915,16.012509576217365,458707200
20130109,15.646092414855957,15.88542772471438,15.61250554814513,15.809481169576436,407604400
20130110,15.84004020690918,15.997679495325965,15.598282678360528,15.992536027553955,601146000
20130111,15.74291706085205,15.894808559294571,15.704186724408652,15.764096905635249,350506800
20130114,15.181642532348633,15.355622024631257,15.08360798255759,15.209780522978146,734207600
20130115,14.702665328979492,15.09812901411336,14.625810638795812,15.077251349699804,876772400
20130116,15.312956809997559,15.414320140647451,14.9017605133333,14.966510364422787,690804800
20130117,15.209779739379883,15.453957955022839,15.1901140109977,15.440644402340768,453678400
20130118,15.128694534301758,15.19586504953723,15.019767059765863,15.08391257489258,472922800
20130122,15.273021697998047,15.367121499549098,15.026726580919961,15.266667905136632,461546400
20130123,15.552596092224121,15.582248195605722,15.273017963255855,15.39525734551787,861509600
20130124,13.630946159362793,14.09176554606746,13.623380431762017,13.918390482901625,1460852400
20130125,13.309614181518555,13.804321871602482,13.161958043398052,13.666954284429854,1208026400
20130128,13.610677719116211,13.712947583555017,13.187982532280714,13.247589725070716,785517600
20130129,13.866045951843262,13.924443615150688,13.679963290014491,13.873005710991691,571158000
20130130,13.822480201721191,13.997065660113629,13.751980906280153,13.82762367053454,417155200
20130131,13.781933784484863,13.896609050150625,13.766503379617147,13.82701790803804,319334400
20130201,13.725353240966797,13.902661514929848,13.565897634655386,13.891466431521941,539484400
20130204,13.383442878723145,13.795548083460195,13.373760296632184,13.734125415259347,477117200
20130205,13.853038787841797,13.91052831594958,13.3804182126975,13.435789271812697,573347600
20130206,13.838211059570312,14.115064705673877,13.693882095360912,13.811583959776964,593706400
20130207,14.249673843383789,14.303844656218068,13.820557593509267,14.098418479791395,704580800
20130208,14.455411911010742,14.5719729102328,14.250591895128904,14.425586988250862,633158400
20130211,14.606058120727539,14.758532555761086,14.402762666467794,14.501670889059296,517490400
20130212,14.239933967590332,14.680614454067934,14.23506446219264,14.593268919998527,609053200
20130213,14.212851524353027,14.41462723817829,14.097507928953139,14.218938407716506,475207600
20130214,14.200069427490234,14.353759570493237,14.121855010442777,14.137071405696473,355275200
20130215,14.00438117980957,14.308718849427885,13.997076919706473,14.268849356697801,391745200
20130219,13.999205589294434,14.08259507636901,13.812343963948667,14.032988197348951,435783600
20130220,13.660177230834961,13.929211007897644,13.658654290801083,13.929211007897644,476302400
20130221,13.575263023376465,13.66991282889109,13.476657963170082,13.573436958594796,447182400
20130222,13.71982479095459,13.743866760259966,13.591698745705305,13.672348727987444,330654800
20130225,13.476051330566406,13.850994394305626,13.46905100859037,13.812343905197167,372579200
20130226,13.66382884979248,13.742043276224425,13.319623285650813,13.507094433731524,501499600
20130227,13.529919624328613,13.769433219558065,13.410619952500015,13.647393231016892,587350400
20130228,13.433445930480957,13.630351347458827,13.433445930480957,13.514095112597317,322515200
20130301,13.100805282592773,13.335449377973477,13.085892823157115,13.329970369716516,552448400
20130304,12.783687591552734,13.031722051065772,12.751731852825394,13.019548281518558,582755600
20130305,13.121197700500488,13.244454281105714,12.804991735621897,12.827208460203622,638433600
20130306,12.95442008972168,13.24628011622397,12.916986155131703,13.223758642822498,460250000
20130307,13.104153633117676,13.147674450518936,12.814424435189869,12.919116409527765,468473600
20130308,13.138843536376953,13.251752359483918,13.044194547628186,13.08041109122928,391482000
20130311,13.326013565063477,13.360708801875731,12.938591953674427,13.07889177749811,474236000
20130312,13.038721084594727,13.356753894686067,13.012548293695156,13.256931426060127,465911600
20130313,13.03628158569336,13.223448747823468,12.945285539121612,13.039325839528763,405549200
20130314,13.162588119506836,13.227715350973712,13.100197954618203,13.172630260750113,303875600
20130315,13.50222110748291,13.519568314310238,13.307140202446824,13.327835600604079,643960800
20130318,13.869256973266602,13.9222104261823,13.427358945882533,13.434967144565725,606197200
20130319,13.831823348999023,14.029033507814532,13.649524023800964,13.984294505617674,526775200
20130320,13.75847339630127,13.92738153530397,13.68269374355342,13.920990715241244,308660800
20130321,13.77825927734375,13.938036325711867,13.69821959689445,13.70187172730301,383255600
20130322,14.057638168334961,14.063419487749503,13.789821837761322,13.83455920545467,395105200
20130325,14.1084623336792,14.302325884519671,14.05368201645254,14.14224331259087,501135600
20130326,14.034209251403809,14.177246980577257,14.015644659134969,14.16507321100156,294294000
20130327,13.75847339630127,13.902120567497539,13.71738815989598,13.891773680285098,331237200
20130328,13.47179126739502,13.750564030723844,13.440140285820693,13.689696820978448,442839600
20130401,13.053326606750488,13.503441457443259,13.017719559317044,13.448660321749067,389732000
20130402,13.080107688903809,13.334228957865685,12.976937054242738,13.013458352059004,529519200
20130403,13.147061347961426,13.30805574025124,13.095932345352148,13.128192011371029,363216000
20130404,13.017112731933594,13.238670448140939,12.941941741244884,13.200933390187654,358447600
20130405,12.879552841186523,12.932811859181816,12.772425304104988,12.91911596333412,383695200
20130408,12.971158981323242,13.0104181697607,12.857946173332556,12.929768976845647,300829200
20130409,12.99459171295166,13.040850407787827,12.865856955757653,12.975723184496825,306614000
20130410,13.25966739654541,13.30136214082634,12.965068746099238,13.028675457597389,375928000
20130411,13.218278884887695,13.329665604273549,13.123020375397523,13.19971348354401,328364400
20130412,13.080414772033691,13.212800843220451,13.058806739972988,13.212800843220451,238613200
20130415,12.77759838104248,13.022285415726998,12.768468055543941,12.99519918974869,317520000
20130416,12.972068786621094,12.983328301482349,12.799509305777061,12.829942908955632,305771200
20130417,12.258700370788574,12.800421544726706,12.115966630853444,12.790377782104816,945056000
20130418,11.93154239654541,12.349701599359374,11.861240101307368,12.32535487462829,666299200
20130419,11.88528060913086,12.16131466645346,11.720024575060275,11.807370129729104,609274400
20130422,12.133011817932129,12.240444100957575,11.907803612476803,11.949496735984429,429920400
20130423,12.360048294067383,12.428523705744162,12.137272408385638,12.294919449507681,664238400
20130424,12.339655876159668,12.637601910134274,11.94523477221678,11.976886565814205,969651200
20130425,12.428525924682617,12.597737262667712,12.386527231266278,12.515262003404091,384837600
20130426,12.696948051452637,12.744728867946694,12.42456610971757,12.472042988370506,764097600
20130429,13.0901517868042,13.196669803487724,12.78216200202314,12.795857082720397,640326400
20130430,13.475441932678223,13.550613721363778,13.149497056937651,13.241711305953205,691538400
20130501,13.36922836303711,13.54087440244364,13.220103791012196,13.52657063354876,506909200
20130502,13.558832168579102,13.652262174059391,13.41001071012938,13.44500907153756,421828400
20130503,13.694563865661621,13.793473673216075,13.669302897310436,13.735039602043653,361300800
20130506,14.021121978759766,14.066467233295263,13.826344939689367,13.868951502734406,496641600
20130507,13.958730697631836,14.17450543761561,13.807779235929232,14.150767404386,483753200
20130508,14.116379737854004,14.162944000080373,13.87199740898275,13.970297753827277,472598000
20130509,13.993226051330566,14.184083033013561,13.956770591030358,14.086357465327008,398487600
20130510,13.876813888549805,14.083295586903105,13.800532608209844,14.029989984750646,334852000
20130513,13.93103313446045,14.027840829964909,13.831776205895821,13.832082155516563,316948800
20130514,13.597722053527832,13.945124527802882,13.545335141597713,13.90376734359421,447118000
20130515,13.137889862060547,13.51010786756516,12.9390684063282,13.453739509454312,741613600
20130516,13.313432693481445,13.413609954102446,12.833073652568382,12.966030070565187,603204000
20130517,13.272990226745605,13.482228680240153,13.204061577325207,13.450368199478508,427904400
20130520,13.569233894348145,13.657156786048962,13.17618431681052,13.2316340080819,451578400
20130521,13.469057083129883,13.647353741503943,13.30178933704098,13.422798150337934,456022000
20130522,13.520832061767578,13.735279068956455,13.42494383046562,13.603547277537052,443038400
20130523,13.54503345489502,13.668187197544125,13.350500180617106,13.355401919792863,353021200
20130524,13.637242317199707,13.652866198292088,13.490500214773803,13.505511378606737,276166800
20130528,13.52358627319336,13.819828135820408,13.5055123398239,13.78276078410334,386145200
20130529,13.631114959716797,13.709235182166177,13.461089603738051,13.479471121272162,330576400
20130530,13.834228515625,13.923683612981336,13.61763743081039,13.652561501850121,353519600
20130531,13.777552604675293,14.003333605492676,13.770505946917899,13.862410266910036,384302800
20130603,13.807880401611328,13.85812158082416,13.555446616886261,13.808186351217712,372352400
20130604,13.764686584472656,13.921538957476137,13.705867353619958,13.884469965975775,292728800
20130605,13.636015892028809,13.807879389606246,13.593126505030439,13.652558438785013,290589600
20130606,13.432295799255371,13.69392039931262,13.297195295529932,13.64704874589478,416934000
20130607,13.53492546081543,13.578733532269077,13.257982894375541,13.372252655898436,404535600
20130610,13.445467948913574,13.757639668604511,13.381441030686998,13.624377325630835,450153200
20130611,13.40594482421875,13.56402259050204,13.274826614884052,13.348964578445681,286112400
20130612,13.240213394165039,13.517768646373545,13.219075053167462,13.464157101651518,265227200
20130613,13.355706214904785,13.391855718800374,13.134826937967926,13.249709390549434,285832400
20130614,13.174652099609375,13.365815804169337,13.127166918579551,13.33855029374289,271866000
20130617,13.23438835144043,13.347738582099078,13.184147175893516,13.217233087463708,259414400
20130618,13.227344512939453,13.323232726492046,13.17955419902546,13.220911390231139,195025600
20130619,12.958675384521484,13.223975443790437,12.958675384521484,13.216010118507754,310940000
20130620,12.769960403442383,13.049964813782188,12.718799742054028,12.845322986275804,357310800
20130621,12.667643547058105,12.866772638683855,12.502213916978338,12.820512877767149,481118400
20130624,12.331876754760742,12.519364126153334,12.194324607678858,12.480763760924065,480746000
20130625,12.334633827209473,12.492710766021291,12.21822001964936,12.428683867203139,314162800
20130626,12.194940567016602,12.400808677130259,12.121109357430225,12.373543165562623,367724000
20130627,12.063514709472656,12.296648330414962,12.056162919743235,12.231090031881985,337246000
20130628,12.147760391235352,12.262335240657386,11.91309460124646,11.989376669044711,578516400
20130701,12.536521911621094,12.629960075564547,12.291440710700847,12.336475024559517,391053600
20130702,12.820511817932129,12.916706818661927,12.544183618524706,12.559194786585117,469865200
20130703,12.891277313232422,12.958062684181469,12.788650023582228,12.893115465223143,240928800
20130705,12.78773307800293,12.967561968927408,12.72431886684791,12.878720392541522,274024800
20130708,12.715126037597656,12.89740578041848,12.580331483610664,12.870141083558302,298138400
20130709,12.938759803771973,12.97398981585603,12.572057147456743,12.670702162948501,352584400
20130710,12.889135360717773,13.013821321007335,12.813160848419617,12.854518050660802,281405600
20130711,13.090103149414062,13.119513589268102,12.902616503628924,12.9571467247635,326292400
20130712,13.066204071044922,13.166687256303891,12.971235341606707,13.101128139862553,279563200
20130715,13.094694137573242,13.217847862850483,13.013817906723308,13.020251847507556,241917200
20130716,13.179250717163086,13.194873784366598,12.994520095483857,13.066512347512608,216538000
20130717,13.182618141174316,13.241132240255038,13.11859122192688,13.163931488693493,198990400
20130718,13.227042198181152,13.322316902560878,13.19181217037203,13.27667067765675,218878800
20130719,13.018414497375488,13.295049426721723,13.000032976927157,13.268090681444697,268721600
20130722,13.060076713562012,13.165461635840764,13.034343404808876,13.156577643945191,207796400
20130723,12.835830688476562,13.079992451994606,12.827252644350539,13.05058283303841,369395600
20130724,13.495096206665039,13.620087264864889,13.334261595097965,13.446692357551962,591936800
20130725,13.43352222442627,13.522364616723038,13.35111377424357,13.50092032446898,229493600
20130726,13.509800910949707,13.511332295132773,13.306076913728555,13.33548652524852,200152400
20130729,13.718120574951172,13.785517843368524,13.485599671692444,13.503980373057564,248057600
20130730,13.887530326843262,14.004862804723444,13.762231707503151,13.784595475754482,309422400
20130731,13.863330841064453,14.010685677559293,13.768362109157724,13.938694254526528,322957600
20130801,13.990466117858887,13.994142421649462,13.885693913968872,13.961976808599747,206250800
20130802,14.169987678527832,14.179485205330167,13.989853707651498,14.031210896714278,274783600
20130805,14.381677627563477,14.419052564991201,14.158041538347126,14.235854181669776,318855600
20130806,14.253007888793945,14.456425091133495,14.15865107598518,14.337867175968869,334857600
20130807,14.244741439819336,14.306625083551477,14.146402335278195,14.208591928708357,298858000
20130808,14.216370582580566,14.311658406799209,14.122006667682628,14.30425725085046,255777200
20130809,14.014074325561523,14.199407883223012,13.989405454897184,14.143283279219405,266865200
20130812,14.412187576293945,14.451966728886346,14.08130124512303,14.088394430939683,364434000
20130813,15.097087860107422,15.254050331620272,14.433464074633072,14.522585912736043,881941200
20130814,15.372462272644043,15.549777061309518,15.215191864682295,15.353343447930415,756372400
20130815,15.354269981384277,15.49273120489282,15.081975315108668,15.308323200278764,490294000
20130816,15.490570068359375,15.509380924095543,15.383564592908336,15.423343739244476,362306000
20130819,15.657400131225586,15.842424043861065,15.542067949664329,15.55255209457107,510518400
20130820,15.451716423034668,15.744673051164861,15.444007298120244,15.718153068576317,358688400
20130821,15.491497993469238,15.639208193870989,15.45572574168056,15.52942768045165,335879600
20130822,15.509994506835938,15.591097576423305,15.363208260455472,15.572286723545368,244207600
20130823,15.450174331665039,15.522025151745645,15.39867586407724,15.519558100116399,222731600
20130826,15.510306358337402,15.733261604241038,15.434137379965254,15.44184650402493,330965600
20130827,15.06686782836914,15.496126686229832,14.996250516195172,15.357047850534515,424188800
20130828,15.13809871673584,15.289203156970695,14.986995923397917,14.986995923397917,307608000
20130829,15.162771224975586,15.310791046708564,15.14519389173101,15.161229729246463,239657600
20130830,15.024620056152344,15.201317303133173,15.002416588165323,15.172022295823194,272297200
20130903,15.06655502319336,15.437220447593086,15.028625342120664,15.205940137065419,331928800
20130904,15.378315925598145,15.487790064194428,15.303998082589766,15.405145513428874,345032800
20130905,15.272860527038574,15.439692863783074,15.222595576546684,15.426432047251483,236367600
20130906,15.3638277053833,15.399598303696866,15.108802443410362,15.370612920164694,359525600
20130909,15.60898494720459,15.66295046191283,15.526032401723041,15.572904731865595,340687200
20130910,15.25343132019043,15.648459322296636,15.094927367773167,15.609912051710642,743195600
20130911,14.42297649383545,14.607382794137669,14.333546717471616,14.401388973880804,898696400
20130912,14.576552391052246,14.66012089750312,14.37055683786497,14.44734342149763,404051200
20130913,14.336326599121094,14.55002961457988,14.330160616353718,14.473244683878434,298835600
20130916,13.880547523498535,14.234869151781414,13.791119376261145,14.216059942566146,543706800
20130917,14.040905952453613,14.176282555048417,13.799757372612168,13.813942098809527,399380800
20130918,14.329541206359863,14.381039672331779,14.205574336225425,14.283284813211377,456862000
20130919,14.564523696899414,14.67338029991952,14.470469404810723,14.515184307358439,404541200
20130920,14.413726806640625,14.75725466597281,14.370245436197566,14.74029492228587,699302800
20130923,15.130075454711914,15.323426016178777,14.882141810541064,15.298447540622208,762106800
20130924,15.082592964172363,15.279026611942168,15.043121782146802,15.260833340033445,364344400
20130925,14.849146842956543,15.099237931314114,14.846063853035792,15.085670799387225,316957200
20130926,14.993780136108398,15.065938928201858,14.922237283493267,14.986996567361782,237221600
20130927,14.886780738830566,14.9459883571241,14.824180511327702,14.918542807379678,228040400
20130930,14.701754570007324,14.853165379299508,14.629594112085636,14.717172823774506,260156400
20131001,15.047438621520996,15.083826813014566,14.752014925368027,14.754174007470226,353883600
20131002,15.09677505493164,15.165850846598657,14.917610801071328,14.975584861540591,289184000
20131003,14.907124519348145,15.182811737559845,14.824789564406773,15.126069557747266,322753200
20131004,14.89540958404541,14.94382341600154,14.758799475505048,14.921004010770254,258868400
20131007,15.040961265563965,15.192064057129357,14.966951365289772,15.004265108597643,312292400
20131008,14.830957412719727,15.130079975787188,14.818622156055692,15.108492453176751,290917200
20131009,15.00518798828125,15.042192112431094,14.748929199646248,14.945054845503055,301725200
20131010,15.099242210388184,15.183736250297219,15.019064686970749,15.151050289668145,278602800
20131011,15.197002410888672,15.228764473594131,14.961095890712484,15.01752847604201,267738800
20131014,15.296603202819824,15.34409312436668,15.090301357820179,15.1051036679486,261898000
20131015,15.378012657165527,15.480393644641534,15.280567419447678,15.341932441716176,320073600
20131016,15.452953338623047,15.496742692887764,15.394979257280138,15.443085129560872,251101200
20131017,15.557485580444336,15.566120259923828,15.408849858074884,15.41810047692598,253593200
20131018,15.692864418029785,15.704274120133128,15.594801585748987,15.603436266483373,290542000
20131021,16.07740592956543,16.16806759373652,15.77396520979207,15.781674333315864,398106800
20131022,16.031465530395508,16.296051148317208,15.666349992898715,16.233142956122823,534063600
20131023,16.188425064086914,16.21032056284135,16.00463297943131,16.00463297943131,313723200
20131024,16.40275001525879,16.420019384238266,16.111028443180707,16.189662866284188,384764800
20131025,16.219261169433594,16.443448321225066,16.193049156328822,16.38454869589967,337792000
20131028,16.340147018432617,16.374685750537694,16.134461062453255,16.31424296935381,550440800
20131029,15.933082580566406,16.62908407992421,15.867091439526906,16.53718890450961,635807200
20131030,16.186580657958984,16.267374167823142,15.94358089481217,16.023450495038066,354163600
20131031,16.118736267089844,16.266448169252726,16.074638934109796,16.189663210600887,275696400
20131101,16.03639030456543,16.183484519570428,15.90718138642722,16.159431595008783,274890000
20131104,16.243621826171875,16.245780908143722,15.998772707941054,16.069390004562628,244627600
20131105,16.203536987304688,16.309618589719776,16.12798556894516,16.176709028610915,265213200
20131106,16.15763282775879,16.279842062229875,16.073264972511797,16.257818724076124,223375600
20131107,15.896146774291992,16.22803394104469,15.892736015898837,16.116062006326224,262620400
20131108,16.14646339416504,16.164143352508827,15.899253745197097,15.960978715477818,279316800
20131111,16.099628448486328,16.180893647204616,15.95570731441967,16.128784728046046,227452400
20131112,16.12940216064453,16.25068039471308,16.036039471636602,16.056820418277088,204276800
20131113,16.148635864257812,16.198884518092353,16.034800316967328,16.0670592437417,197220800
20131114,16.382186889648438,16.41692559327891,16.187086272787543,16.216242532508108,282419200
20131115,16.283863067626953,16.411033472551214,16.26835480488238,16.333180734624545,317920400
20131118,16.086593627929688,16.352104343935935,16.07325704966146,16.283865987808575,244944000
20131119,16.115137100219727,16.233933909374976,16.066129171629363,16.09900763594106,208938800
20131120,15.974008560180664,16.142124736771397,15.953227606419325,16.105212660831665,193916800
20131121,16.16444969177246,16.16662137925231,15.932750018865326,16.054647781321123,262026800
20131122,16.122894287109375,16.196095597713036,16.083502407359315,16.11420918931587,223725600
20131125,16.245094299316406,16.31116097075591,16.16010694685536,16.160726482374717,229311600
20131126,16.544734954833984,16.62972402753738,16.25317204432595,16.25689257325613,401382800
20131127,16.934297561645508,16.935538288818588,16.544717511856604,16.634979171314416,363448400
20131129,17.247901916503906,17.318000585187253,16.99169730389172,17.04349647135936,318127600
20131202,17.097766876220703,17.504094410374506,17.08504983205806,17.307754645307245,472544800
20131203,17.56582260131836,17.567684521374357,17.29783200820514,17.317062461879583,450968000
20131204,17.52487564086914,17.654838951893993,17.395222097601525,17.540383906875753,377809600
20131205,17.614830017089844,17.83939678492842,17.56861497603288,17.7621635481013,447580000
20131206,17.37040901184082,17.579157711070216,17.356452896467438,17.549380247574437,344352400
20131209,17.569231033325195,17.66693543176082,17.397704171828234,17.397704171828234,320493600
20131210,17.541940689086914,17.61421268012462,17.407014419541355,17.480836906432994,278269600
20131211,17.411977767944336,17.71005729030971,17.36018027214096,17.586917105285064,359718800
20131212,17.38653564453125,17.535419624780168,17.37071761200497,17.43616474228885,262290000
20131213,17.197021484375,17.459119809844537,17.17344931616032,17.45818885000359,332822000
20131216,17.292247772216797,17.451678817072754,17.21501619027156,17.215325958107687,282592800
20131217,17.214401245117188,17.352428542145,17.164462344878395,17.239835347159396,229902400
20131218,17.0835018157959,17.104594190750035,16.7122226768973,17.050313585826043,565863200
20131219,16.887784957885742,17.05962167087232,16.86514208255255,17.04411339675795,320308800
20131220,17.02921485900879,17.109550720675717,16.89894178708532,16.917862466961598,436413600
20131223,17.682762145996094,17.702302370839526,17.455404109374694,17.617934518050372,501306400
20131224,17.60769271850586,17.738275563240503,17.556822890027412,17.676550611312273,167554800
20131226,17.49075698852539,17.664455536474254,17.474627530006458,17.621030071230976,204008000
20131227,17.37258529663086,17.50658060479643,17.354285801399,17.48828110956457,225884400
20131230,17.19981575012207,17.37258337422866,17.131577375616367,17.291008417862848,253629600
20131231,17.40142822265625,17.40949212456944,17.183684649364736,17.188958984552002,223084400
20140102,17.156700134277344,17.277668602545432,17.12227118233579,17.23579528426317,234684800
20140103,16.77984046936035,17.174381989987175,16.762780047147636,17.148328361425026,392467600
20140106,16.871337890625,16.960357198006893,16.55092702458093,16.67034498675292,412610800
20140107,16.75068473815918,16.934307497982214,16.684927815914186,16.88343931055025,317209200
20140108,16.856760025024414,16.92189573781373,16.70880698915324,16.712527515358698,258529600
20140109,16.641498565673828,16.96221920106993,16.60520769692469,16.960357281384244,279148800
20140110,16.530460357666016,16.774257602474176,16.47369829623849,16.744170363762095,304976000
20140113,16.61699867248535,16.826986479339947,16.435545949927505,16.436476909951583,378492800
20140114,16.947641372680664,16.95818672886797,16.676857961666794,16.694228147808815,332561600
20140115,17.287906646728516,17.375996671088593,17.11110706231483,17.16880008139063,391638800
20140116,17.19144058227539,17.272086228123992,17.11172423983902,17.211601993737542,229278000
20140117,16.770227432250977,17.123826653620345,16.746343830762626,17.105527156766286,426739600
20140121,17.030771255493164,17.061787793604,16.76246925566749,16.780149212474637,328526800
20140122,17.10645294189453,17.285732297998585,16.991688113614668,17.087842026265076,379985200
20140123,17.251306533813477,17.261232357316413,16.898638314165996,17.05775794504406,403239200
20140124,16.937715530395508,17.233931371685113,16.896771520255896,17.18368273295165,429354800
20140127,17.07512855529785,17.208504340062664,16.927796650176298,17.06179197072905,554878800
20140128,15.710352897644043,15.97400002976886,15.57294357321872,15.780451514679479,1065523200
20140129,15.532005310058594,15.737341618353549,15.465938625775111,15.631261876906173,502810000
20140130,15.501916885375977,15.710355825408335,15.406384165749449,15.587525439940647,678501600
20140131,15.52735424041748,15.55620075130588,15.308681321538657,15.359239743430516,464797200
20140203,15.556198120117188,15.748507608008248,15.487030447071515,15.589697769308964,401464000
20140204,15.781387329101562,15.802169936852112,15.594352141909884,15.690196307527534,376681200
20140205,15.89924430847168,15.982681139097034,15.702593195468475,15.712209245058109,328344800
20140206,15.991926193237305,16.022818435305037,15.845270531601065,15.915478809223005,257765200
20140207,16.215652465820312,16.31706294100885,16.14388607810411,16.26869820152324,370280400
20140210,16.506153106689453,16.59976302631733,16.163230578637634,16.18382429435596,345559200
20140211,16.723648071289062,16.779500094089176,16.52207352832608,16.556710247919717,282256800
20140212,16.72239875793457,16.835979205651622,16.638775699058293,16.754539168379694,308100800
20140213,16.987934112548828,17.00103890398612,16.668724789788442,16.683077735954438,307398000
20140214,16.974205017089844,17.036301139765122,16.88746241789986,16.926776797476254,272924400
20140218,17.03661346435547,17.198868608220007,17.024755159141794,17.03692508648517,260251600
20140219,16.767635345458984,17.064689440983397,16.67340218344822,16.997914010642212,313768000
20140220,16.573556900024414,16.75609579973719,16.50646982578933,16.63097035743962,305858000
20140221,16.38945770263672,16.68027111150038,16.369175603313003,16.62472905493482,278784800
20140224,16.461223602294922,16.53517635689785,16.301153166580406,16.3239315748608,288909600
20140225,16.289915084838867,16.524249829798904,16.256839825681507,16.51832234608152,231952000
20140226,16.142948150634766,16.381652274243102,16.088342643053956,16.338280156756355,276217200
20140227,16.464963912963867,16.499598946276507,16.102382574041417,16.13639436339433,301882000
20140228,16.42034339904785,16.623475933329292,16.291785169643717,16.50895902351346,371968800
20140303,16.4677734375,16.557950514774912,16.31331723833934,16.33235117736869,238781200
20140304,16.57636070251465,16.620046111947918,16.468086211096857,16.568873441611206,259140000
20140305,16.611309051513672,16.68588337003639,16.51052182086916,16.566377153895115,200062800
20140306,16.561067581176758,16.6762077305231,16.478379443124748,16.62472178305726,185488800
20140307,16.5513973236084,16.59945043509736,16.41441529359369,16.571679416129278,220729600
20140310,16.566370010375977,16.641569206964757,16.485864909387544,16.48648981961049,178584000
20140311,16.727691650390625,16.8103797866573,16.618480652841797,16.707722848760564,279224400
20140312,16.743921279907227,16.767011305382912,16.600075220506156,16.67839566705146,199326400
20140313,16.55794906616211,16.83908875315434,16.51145573290534,16.769818685884896,257742800
20140314,16.371978759765625,16.565437682471323,16.319244655701418,16.499910413076073,237199200
20140317,16.435951232910156,16.53673682000258,16.408180204323926,16.465906949073737,199544800
20140318,16.58135414123535,16.59913992792057,16.387895174884672,16.409737047468123,209647200
20140319,16.57698631286621,16.73237739548361,16.506466410732084,16.608190178064508,224756000
20140320,16.497106552124023,16.620983817438457,16.45498258273303,16.534237902941733,208398400
20140321,16.62722396850586,16.654683372383506,16.423156504004773,16.597893165759746,374046400
20140324,16.824426651000977,16.86530246241041,16.695556777637783,16.800400092686278,355700800
20140325,17.005403518676758,17.02911845420789,16.836905993811367,16.896505787871583,282293200
20140326,16.84283447265625,17.130528241313844,16.81412858669118,17.053144331726013,299768000
20140327,16.770444869995117,16.89650681590267,16.69743032684871,16.850325096532217,222031600
20140328,16.751720428466797,16.816622791848175,16.670280435635224,16.797277231561264,200564000
20140331,16.747974395751953,16.874971167140885,16.72269802382177,16.825669910313717,168669200
20140401,16.90118408203125,16.90804976458361,16.74891257501562,16.779803147217827,200760000
20140402,16.92927360534668,16.95829279092169,16.857818818492945,16.9239693634904,180420800
20140403,16.81194496154785,16.927708378020682,16.7760617686114,16.893073339614922,162344000
20140404,16.59445571899414,16.84969745626023,16.55576459978541,16.843769972798025,275251200
20140407,16.333913803100586,16.5657539532883,16.284614192658438,16.475888482347465,289850400
20140408,16.332977294921875,16.41660198402736,16.185073479180033,16.38758280710968,243888400
20140409,16.54766082763672,16.552965069817056,16.288674495806774,16.30802006522918,206169600
20140410,16.334224700927734,16.607563871373404,16.324551086922497,16.55888584575635,239652000
20140411,16.21346664428711,16.31394056958976,16.136394363172425,16.19443104067256,271717600
20140414,16.278059005737305,16.29303519296914,16.138580659780107,16.2849230221174,205674000
20140415,16.1619815826416,16.27680845603548,15.95510457090664,16.23406125033061,266490000
20140416,16.194740295410156,16.259642638867955,16.042780457744264,16.164784598540116,214765600
20140417,16.37978172302246,16.46777579238245,16.20067569732853,16.225638790257335,284334400
20140421,16.574182510375977,16.604448184122703,16.349206335715877,16.392266847202244,182548800
20140422,16.590707778930664,16.594763862786237,16.42845109329001,16.48492797823216,202563200
20140423,16.373851776123047,16.572928246224723,16.364489784468464,16.50833750280508,394940000
20140424,17.71621322631836,17.785796596051753,17.49654301409435,17.72994292703762,759911600
20140425,17.846330642700195,17.84788875287466,17.597329638968727,17.615113758521552,390275200
20140428,18.537479400634766,18.589276980336848,17.86536235189166,17.87316456751323,669485600
20140429,18.482566833496094,18.5964588895531,18.394574409237137,18.526563878839823,337377600
20140430,18.412670135498047,18.70410845687396,18.403621429554406,18.492238756381454,456640800
20140501,18.45604133605957,18.559634839898877,18.296280872566054,18.472265680198223,244048000
20140502,18.490360260009766,18.540911349176916,18.400808093180906,18.48287299962974,191514400
20140505,18.751842498779297,18.753092319655824,18.409856511976642,18.414225885760985,287067200
20140506,18.547462463378906,18.85949272669842,18.547462463378906,18.7780527363185,374564400
20140507,18.482566833496094,18.637334714310178,18.339032347222652,18.5736804783417,282864400
20140508,18.449613571166992,18.65105707228087,18.3997235775294,18.457771050981176,230297200
20140509,18.37274169921875,18.395018928335006,18.209263636659298,18.34136355003853,291597600
20140512,18.601476669311523,18.627519267521418,18.431096309425342,18.433921598697708,213208800
20140513,18.630661010742188,18.655135127219918,18.5346480714948,18.575437148467376,159737200
20140514,18.634111404418945,18.744874157598503,18.567278052652473,18.58892855298652,166404000
20140515,18.475656509399414,18.71977261630597,18.451182393778073,18.660156653461407,230846000
20140516,18.748327255249023,18.748953980294893,18.36834587082113,18.469694348826906,276256400
20140519,18.97047233581543,19.05644590890705,18.742671273547657,18.758987903139182,317755200
20140520,18.974245071411133,19.027272043482665,18.849362563932345,18.967969442211036,234836000
20140521,19.024452209472656,19.03668843204263,18.89109883287773,18.94663606766466,196859600
20140522,19.05457305908203,19.13552785185376,18.95510808951551,19.03355095443866,200760000
20140523,19.26982307434082,19.288649965271183,19.029472298538256,19.05394641887986,232209600
20140527,19.63066291809082,19.6378786356464,19.316888127238197,19.324732245649173,348866000
20140528,19.579824447631836,19.7624410251331,19.572607056812693,19.642892411613573,315481600
20140529,19.93659210205078,19.98334512613147,19.697809829170716,19.700320081144653,376474000
20140530,19.86191177368164,20.212396857714367,19.733263892052992,20.01817074733195,564020800
20140602,19.725425720214844,19.919338526527387,19.532454677475364,19.892040788795736,369350800
20140603,20.004362106323242,20.04201587628886,19.712866292380678,19.71945528319086,292709200
20140604,20.2327938079834,20.329123464377663,19.95949642621429,20.001228943616095,335482000
20140605,20.31218719482422,20.375570242510655,20.163458900239775,20.276103566285936,303805600
20140606,20.256328582763672,20.43486816939427,20.221815129859298,20.392193883529888,349938400
20140609,20.580455780029297,20.619991409076416,20.152154528465132,20.360813768819867,301660000
20140610,20.701263427734375,20.876977739855647,20.551906765152058,20.806692350154314,251108000
20140611,20.615598678588867,20.81327681780668,20.529938430883732,20.674901282486456,182724000
20140612,20.270761489868164,20.672706774030473,20.185101239241515,20.655135010892813,218996000
20140613,20.04892349243164,20.30370904220803,19.961066348517864,20.25099375041838,218100000
20140616,20.25099754333496,20.371801348309344,20.08626599604405,20.099445659327774,142244000
20140617,20.224628448486328,20.360805366770926,20.163128978843627,20.275145151806463,118904000
20140618,20.246591567993164,20.27075231243496,20.06428837838136,20.26635853577201,134056000
20140619,20.17631721496582,20.272960245383693,20.06210241979275,20.27076335585536,142112000
20140620,19.9676570892334,20.327869872424614,19.965460199800283,20.174119451083808,403592000
20140623,19.950084686279297,20.123602079753798,19.89956628534952,20.05770880475593,174776000
20140624,19.829282760620117,20.14995993239356,19.809515781714676,19.93251478575497,156144000
20140625,19.84684944152832,19.921526910355308,19.690903836858443,19.813902809390104,147476000
20140626,19.965457916259766,19.998404551045656,19.72385205405566,19.84904792565368,130516000
20140627,20.202667236328125,20.207059337991208,19.9368990029968,19.94788177075713,256116000
20140630,20.411338806152344,20.587053142553515,20.226838585357505,20.22903547538995,197929200
20140701,20.540924072265625,20.661727871786603,20.45526380560016,20.540924072265625,152892000
20140702,20.532135009765625,20.659526096904308,20.44647308761987,20.617795256175896,113860000
20140703,20.652944564819336,20.668319443427514,20.470641235796585,20.573873281766964,91567200
20140707,21.07904815673828,21.083440260487457,20.668316913151177,20.67710279638541,225872000
20140708,20.94286346435547,21.261345356102726,20.62877535083115,21.144933693490376,260888000
20140709,20.951650619506836,21.074649605464543,20.813276760304415,20.962633389996846,145744000
20140710,20.874771118164062,20.98678898181127,20.540914415927123,20.593629690428806,158744000
20140711,20.9143123626709,21.061472106507292,20.83524110538123,20.945062109868488,136072000
20140714,21.18447494506836,21.281117982815076,21.008762311398513,21.054886940576942,171240000
20140715,20.936275482177734,21.272327475812965,20.87257910075723,21.26134638119697,181911600
20140716,20.817665100097656,21.32723439004503,20.808879220440865,21.298681537961865,213585200
20140717,20.44647216796875,20.92748866520295,20.332259069804014,20.87257816737203,229192000
20140718,20.740800857543945,20.808889363403722,20.431104732692663,20.56289131604658,199952000
20140721,20.63317108154297,20.865991077328307,20.584849570930412,20.863794188008946,156316000
20140722,20.804494857788086,20.841833603418117,20.67270996538244,20.795708974862933,220788000
20140723,21.347009658813477,21.498561521623905,20.90333181508603,20.958242323169625,371672000
20140724,21.311861038208008,21.37555741345717,21.177879296431378,21.314057927212552,182916000
20140725,21.452436447143555,21.48977518968271,21.226205426689546,21.272330051426565,173876000
20140728,21.748950958251953,21.797272468270535,21.42607861316837,21.48538121817765,221272000
20140729,21.608379364013672,21.841201023592216,21.579826507268827,21.81704026952524,172572000
20140730,21.557857513427734,21.678659579286276,21.452428641151933,21.621553879382997,132040000
20140731,20.997772216796875,21.40410953040606,20.93846962159921,21.340414833085898,227372000
20140801,21.114185333251953,21.22181112221045,20.82425795373813,20.844026605566725,194044000
20140804,20.995580673217773,21.213027487685487,20.903331423541847,21.166902862847525,159832000
20140805,20.89234733581543,21.01534631777004,20.725418949065993,20.94506094583377,223732000
20140806,20.857210159301758,20.97142497079101,20.802299643399298,20.811085527032006,154232000
20140807,20.854999542236328,21.179477893046858,20.771119341394648,20.954329409045755,186844000
20140808,20.91238784790039,20.9300470135884,20.590115652412535,20.806436221913806,167460000
20140811,21.188310623168945,21.208177609923773,20.934465534204342,21.029381465414723,146340000
20140812,21.183895111083984,21.38476267660794,21.104430538065216,21.199346462278132,135180000
20140813,21.464218139648438,21.464218139648438,21.199337464722184,21.223618389731953,127664000
20140814,21.52161407470703,21.537065422577328,21.367100596004047,21.48408961331782,112464000
20140815,21.627573013305664,21.673927068996136,21.380349698885443,21.609913844260426,195804000
20140818,21.888032913208008,21.93438695418146,21.627566146735386,21.74013952449783,190288000
20140819,22.190433502197266,22.22354400578487,21.92334502564553,21.94321200142616,277596000
20140820,22.199268341064453,22.314049538746787,22.062412346380782,22.170573462661512,210796000
20140821,22.201473236083984,22.280937779434453,22.09772776648363,22.199265419860264,133912000
20140822,22.364826202392578,22.397936724169917,22.11539674860267,22.13746986843053,176736000
20140825,22.41338539123535,22.55244754515461,22.355993939301783,22.46856902622931,161080000
20140826,22.2699031829834,22.40455136036741,22.26328141754985,22.386892196497573,132608000
20140827,22.543611526489258,22.640735235257765,22.227961157062023,22.29859612232901,209476000
20140828,22.570106506347656,22.68709554201479,22.417799136252995,22.424420902940437,273840000
20140829,22.625289916992188,22.713584068116575,22.559068882631184,22.70475448459705,178380000
20140902,22.801877975463867,22.899000024998575,22.673851541905794,22.748900474913107,214256000
20140903,21.839475631713867,22.779803546890296,21.76001106366081,22.757730430002418,501684000
20140904,21.658472061157227,22.09331765801492,21.585629264194733,21.81960732030009,342872000
20140905,21.846099853515625,21.938807965306108,21.70041423435539,21.80857538218201,233828000
20140908,21.711450576782227,21.921147726658855,21.643023404856983,21.918941593679378,185426800
20140909,21.629777908325195,22.75331763447084,21.221419330936403,21.870379441599525,759385200
20140910,22.294191360473633,22.318472297671125,21.579011831934984,21.634195473916353,403478400
20140911,22.38909912109375,22.391306937507167,21.98957023786032,22.16395068496946,249412400
20140912,22.439870834350586,22.55685985384064,22.31184441586045,22.340539295561765,250504400
20140915,22.43324851989746,22.74669281621502,22.39131010652998,22.6937153192181,245266000
20140916,22.263286590576172,22.351580746370534,21.82843926264747,22.02930850918142,267632400
20140917,22.422216415405273,22.470778286771086,22.20368799425911,22.353787558448445,243706000
20140918,22.46856689453125,22.5921776862875,22.41779721416237,22.499469592470312,149197600
20140919,22.285354614257812,22.592175430351517,22.183816947729806,22.578931899434558,283609600
20140922,22.307432174682617,22.54582588314097,22.201480538081725,22.470776947554583,211153600
20140923,22.656187057495117,22.722408075605625,22.192644982932904,22.20588851292683,253608800
20140924,22.459735870361328,22.70254348890246,22.33833121905545,22.550237825711278,240687200
20140925,21.603294372558594,22.230179783641127,21.570183848098043,22.186033540407877,400368000
20140926,22.23900604248047,22.23900604248047,21.720280183762863,21.748975069165027,249482000
20140929,22.097728729248047,22.17057151117135,21.771040960788348,21.77545659342817,199065200
20140930,22.23900604248047,22.413386540088187,22.190444171745284,22.252249576655164,221056400
20141001,21.892452239990234,22.225761874472898,21.786498917401314,22.203687072716633,205965200
20141002,22.0513858795166,22.122020880959205,21.640819407359206,21.912322010000253,191031200
20141003,21.989566802978516,22.11979932182879,21.86154041612656,21.949834534095846,173878400
20141006,21.989566802978516,22.216923020002028,21.945418901958757,22.062407892538218,148204800
20141007,21.79753303527832,22.09993992264079,21.793119086034427,21.947632570630912,168376800
20141008,22.25003433227539,22.318461476251677,21.70040431210558,21.79973582995243,229618800
20141009,22.298601150512695,22.598800241607844,22.208100870265177,22.41338404749832,309506000
20141010,22.23459243774414,22.521546348435052,22.139676511852524,22.225762853466897,265326400
20141013,22.031513214111328,22.466360513854593,22.031513214111328,22.36703064756853,214333600
20141014,21.79753303527832,22.188232380084113,21.757800755800556,22.1595374998221,254754400
20141015,21.530447006225586,21.88582974659674,21.009513362603425,21.625362924785662,403734400
20141016,21.247905731201172,21.570177933840558,21.06028172279704,21.09118442140145,288618000
20141017,21.55913543701172,21.852712688416833,21.369303656709942,21.52161098101658,272718800
20141020,22.02047348022461,22.064619705170344,21.680542159116754,21.70261527158962,310069200
20141021,22.618669509887695,22.74007250141877,22.353787040593517,22.74007250141877,378495600
20141022,22.733449935913086,22.980673228423367,22.647363599535673,22.70033941790541,273052400
20141023,23.139602661132812,23.18816453028396,22.874720197782246,22.974051753065304,284298800
20141024,23.225688934326172,23.285286520074337,23.073381560422874,23.216859350498495,188215600
20141027,23.20140838623047,23.28308077494351,23.1109064135427,23.144016932430198,136750800
20141028,23.561206817626953,23.561206817626953,23.25438590933276,23.26542331112737,192243600
20141029,23.69364356994629,23.700267020445676,23.47732467428238,23.541337889876626,210751600
20141030,23.61418342590332,23.69585413341679,23.375789702417013,23.609767791725236,162619200
20141031,23.83932876586914,23.848158348982032,23.664948288548825,23.841536582665057,178557200
20141103,24.14835548400879,24.347016877792527,23.841534652970267,23.887888697508032,209130400
20141104,23.971771240234375,24.168224850477145,23.777525446980547,24.139529965904593,166297600
20141105,24.02916145324707,24.12628518689666,23.868024502789424,24.08213726975101,149743600
20141106,24.09787940979004,24.117832535925572,23.89835829667212,24.075710585151704,139874000
20141107,24.166616439819336,24.235340336241734,24.064638444963173,24.10897611529239,134766000
20141110,24.126707077026367,24.237552922248717,24.091235594696,24.168827348076967,108782000
20141111,24.319576263427734,24.33066152381477,24.031378098470746,24.097884586673157,109769200
20141112,24.663196563720703,24.703101129186592,24.24641686214495,24.248632560901374,187769600
20141113,25.011255264282227,25.15092041375622,24.740791144123737,24.785130494937672,238091600
20141114,25.312755584716797,25.314972975057053,24.65433103764171,25.084413429495097,176254400
20141117,25.270639419555664,26.000005402399715,25.117673278468875,25.332712832329857,186986800
20141118,25.598737716674805,25.647510155287353,25.248464467887626,25.259549728071654,176896000
20141119,25.421384811401367,25.65859484388199,25.228514130218667,25.592088353995074,167476800
20141120,25.784950256347656,25.906881316687247,25.461280713250336,25.474583359797304,173582000
20141121,25.820430755615234,26.06429127020822,25.722885873228712,26.050990310382176,228717200
20141124,26.29928970336914,26.330326410710487,25.853690537379645,25.904678688851703,189803200
20141125,26.070938110351562,26.547575503596814,26.03768402405574,26.396825111579084,275361600
20141126,26.38130760192871,26.403476429706124,26.121928765049386,26.146314983016484,163073200
20141128,26.36578941345215,26.469984765149167,26.17070135990386,26.44116376662769,99257600
20141201,25.51006507873535,26.43673649697612,24.66763590165337,26.339191603043346,335256000
20141202,25.412519454956055,25.660814772665937,24.995739659767466,25.162008437992085,237395600
20141203,25.700719833374023,25.793829945011897,25.518932700063814,25.660815258190148,172253600
20141204,25.603174209594727,25.982266817334185,25.558836545710864,25.66524761558152,168178000
20141205,25.494543075561523,25.73397049472247,25.41473393584121,25.71401736410575,153275600
20141208,24.918142318725586,25.416948541643865,24.74522309873361,25.295017455047937,230659600
20141209,25.299455642700195,25.339360213563022,24.241985360521902,24.42820725500621,240832000
20141210,24.818382263183594,25.46128845697611,24.727489556227916,25.363745270410657,178261200
20141211,24.745229721069336,25.22851772515629,24.683154620406857,24.88711228269362,165606800
20141212,24.32623291015625,24.800653050387574,24.29297881425014,24.488066916793162,224112400
20141215,23.99369239807129,24.740792312298716,23.576910937607764,24.54126945264845,268872400
20141216,23.665590286254883,24.421559837000636,23.5569618208206,23.581348044481658,243162800
20141217,24.255294799804688,24.350620627094123,23.681112296775293,23.747620497284082,213647200
20141218,24.973573684692383,24.973573684692383,24.532407616249746,24.800654406175855,236024800
20141219,24.78069496154785,25.104364601479507,24.754093043240715,24.887107708896114,353719200
20141222,25.037860870361328,25.159790289227878,24.822819653050875,24.864941616838035,180670000
20141223,24.949180603027344,25.12431722429717,24.93144486359853,25.102148395697753,104113600
20141224,24.83168601989746,24.986869522282326,24.83168601989746,24.9580502122318,57918400
20141226,25.270639419555664,25.388135763931622,24.831690748438938,24.85164219195622,134884000
20141229,25.252897262573242,25.443550530033946,25.206340526560222,25.226293655047673,110395600
20141230,24.944740295410156,25.255108901152372,24.85384761087993,25.193035518278496,119526000
20141231,24.470325469970703,25.079977551116553,24.43263829270216,25.011253675935894,165613600
20150102,24.23755645751953,24.70532612789623,23.79860610220979,24.69424086520776,212818400
20150105,23.55473518371582,24.0867954226108,23.368515030357656,24.00698630220791,257142000
20150106,23.556957244873047,23.81633609193056,23.19559874156603,23.619030641634858,263188400
20150107,23.88728141784668,23.98704200939966,23.654504449058404,23.76535030250549,160423600
20150108,24.805082321166992,24.8627226324375,24.097885309857276,24.21538332281689,237458000
20150109,24.83168601989746,25.106583234710648,24.432640311803063,24.97800165194986,214798000
20150112,24.219820022583008,24.969137415302534,24.120059426728204,24.96248693442869,198603200
20150113,24.43485450744629,25.00681938380781,24.144438980365567,24.70310120728101,268367600
20150114,24.34174346923828,24.494709555233538,24.053543652156318,24.173257344265455,195826400
20150115,23.681095123291016,24.399375387571,23.64562534908306,24.386074433664586,240056000
20150116,23.49709701538086,23.849587610976112,23.321960412602127,23.727656529493125,314053200
20150120,24.10231590270996,24.157738813931655,23.610160180441635,23.907226172730866,199599600
20150121,24.286325454711914,24.62107869073436,24.00255866913812,24.153309086853763,194303600
20150122,24.918142318725586,24.933660666894788,24.324008616661335,24.443722313126493,215185600
20150123,25.046724319458008,25.217426152284684,24.72527039983578,24.89597392403558,185859200
20150126,25.073326110839844,25.35265807271684,25.006819628451208,25.215208636250004,222460000
20150127,24.1954288482666,24.935879909246182,24.171042629136025,24.922577258846545,382274800
20150128,25.563264846801758,26.186219563325192,25.563264846801758,26.077589431824446,585908400
20150129,26.359142303466797,26.423433096590607,25.618691178673068,25.787177336812245,337745600
20150130,25.973398208618164,26.603001772030364,25.904672637239905,26.248295420011285,334982000
20150202,26.29928970336914,26.41900344227449,25.733976798474295,26.170709783543717,250956400
20150203,26.3037166595459,26.40125984300976,26.07315712262307,26.270462571181156,207662800
20150204,26.505455017089844,26.71606311438626,26.22834043488918,26.2704623926231,280598800
20150205,26.69464111328125,26.759185637251118,26.541069601144372,26.7124451524758,168984800
20150206,26.4698543548584,26.763642293820794,26.363021605213458,26.712451212146377,174826400
20150209,26.645679473876953,26.672386384989608,26.35856829307448,26.385276902235912,155559200
20150210,27.157583236694336,27.18651798938479,26.74361080930796,26.74583525332348,248034000
20150211,27.794111251831055,27.803014117948887,27.264403453180854,27.324495676916094,294247200
20150212,28.14577293395996,28.372791824140226,27.947688789457672,28.056745951498062,297898000
20150213,28.283761978149414,28.32827461584955,27.965491694253423,28.32827461584955,217088800
20150217,28.450685501098633,28.684381082518065,28.2481491041287,28.375011983115424,252609600
20150218,28.64878273010254,28.6621361872513,28.36612210142797,28.406184170923225,179566800
20150219,28.588685989379883,28.717775056061367,28.561979077686342,28.59536271730327,149449600
20150220,28.822376251220703,28.822376251220703,28.49965534307122,28.626516545928553,195793600
20150223,29.60135269165039,29.60135269165039,28.857981190998352,28.938105289015088,283896400
20150224,29.416627883911133,29.734899896206425,29.194061278089517,29.588005121300906,276912400
20150225,28.664352416992188,29.289767448381888,28.521909921395615,29.280862882102554,298846800
20150226,29.027135848999023,29.1272901407614,28.179157638062435,28.66435120069195,365150000
20150227,28.590911865234375,29.060527608136557,28.54194693309501,28.93366299411255,248059200
20150302,28.731128692626953,28.99598355557924,28.555302529375826,28.766740172507415,192386800
20150303,28.791217803955078,28.826829277853392,28.50855724854495,28.702192515306365,151265200
20150304,28.608705520629883,28.835724373786828,28.559743999455204,28.73334565301747,126665200
20150305,28.134647369384766,28.65545244734505,27.98997872615739,28.61761652931516,226068400
20150306,28.176925659179688,28.7934342723596,28.101253845178082,28.577544441281503,291368400
20150309,28.297115325927734,28.837953890483007,27.834176424134036,28.47961985670529,354114000
20150310,27.711767196655273,28.31492246485523,27.553745118097947,28.13464406642544,275426400
20150311,27.206544876098633,27.769638188666633,27.177611824964035,27.76518760312618,275756000
20150312,27.69841766357422,27.798573670384616,27.07077980681414,27.22212518990764,193450800
20150313,27.507001876831055,27.909848527679312,27.28221086122838,27.687281955206664,207309200
20150316,27.8096981048584,27.8096981048584,27.34676083218295,27.571551892676595,143497200
20150317,28.27486228942871,28.33718066843354,27.965494837905844,28.021136490309935,204092400
20150318,28.59313201904297,28.74670351988461,28.125742488103533,28.26595883797083,261083600
20150319,28.377248764038086,28.766740413740568,28.354992437950568,28.655457085254145,183238000
20150320,28.021137237548828,28.577552078379163,27.85643841749427,28.544168444485248,274780400
20150323,28.312700271606445,28.455142776311558,28.159128756389002,28.29267009034257,150838800
20150324,28.196964263916016,28.497427148688423,28.168029517967973,28.31715043665406,131369200
20150325,27.46026039123535,28.225889868382094,27.46026039123535,28.163571505925596,206620800
20150326,27.65167236328125,27.794114843477228,27.286663295523013,27.322274764596163,190291600
20150327,27.43133544921875,27.75405636351956,27.355663614766957,27.72512331470832,158184800
20150330,28.12574005126953,28.132416777154006,27.59825663176819,27.60938564027451,188398800
20150331,27.6939640045166,28.152450688573246,27.67838440937046,28.06342370286021,168362400
20150401,27.65389633178711,27.84752985904948,27.397944436591516,27.780759208807787,162485600
20150402,27.892044067382812,27.945459571760715,27.64054444030727,27.82749955465406,128880400
20150406,28.34385871887207,28.379470193137237,27.671708273578293,27.702867464536038,148776000
20150407,28.045616149902344,28.51523008704785,28.038939423968984,28.408399076017474,140049200
20150408,27.954360961914062,28.132414897830937,27.814144633562044,28.010002604632064,149316800
20150409,28.168025970458984,28.17247825298956,27.74515082466019,28.010003901588693,129936000
20150410,28.28822135925293,28.3127038270156,27.878699531311582,28.03226936776518,160752000
20150413,28.232576370239258,28.615392939431228,28.179160855071164,28.570876897035358,145460400
20150414,28.110166549682617,28.3305070418597,28.02336569827805,28.265962514242442,102098400
20150415,28.21699333190918,28.294891302452985,28.045617796712808,28.1346447764979,115881600
20150416,28.08123016357422,28.28821718902274,28.067876709689976,28.105712627727698,113476000
20150417,27.765182495117188,28.07454992374797,27.700637979338687,27.94323644885431,207828000
20150420,28.399497985839844,28.515231871372787,27.858661076767103,27.947688056895437,188217200
20150421,28.245925903320312,28.533035301511646,28.19250870073043,28.51078068083827,129740400
20150422,28.626514434814453,28.682156083705696,28.11461228384406,28.263731495340977,150618000
20150423,28.860210418701172,29.02713536756887,28.519683794698807,28.555295265520478,183083600
20150424,28.9959774017334,29.073877072926983,28.762281784249566,29.04271788366893,178103600
20150427,29.523462295532227,29.630296723789787,29.189612348446236,29.44779045592275,387816800
20150428,29.058300018310547,29.94411429592281,28.83796121788467,29.92631195326201,475696000
20150429,28.63096809387207,29.28753890312954,28.55529626280579,28.969270286299476,253544400
20150430,27.854209899902344,28.63096684646575,27.727347007781397,28.63096684646575,332781600
20150501,28.699962615966797,28.962592971997786,27.88759587803151,28.065648140599507,234050400
20150504,28.644325256347656,29.06052717330465,28.546395393534247,28.82237924363592,203953200
20150505,27.99888038635254,28.58868054797657,27.994428103218496,28.521909885353836,197085600
20150506,27.823047637939453,28.210312997720948,27.455812454572502,28.168024805670445,288564000
20150507,27.995141983032227,28.178408847882512,27.718005393148463,27.885627588016693,175763600
20150508,28.522594451904297,28.522594451904297,28.185114608413503,28.31250741348548,222201600
20150511,28.2320556640625,28.509190629213187,28.077842654395127,28.47119666325334,168143200
20150512,28.131481170654297,28.35721121618964,27.89680936295501,28.071136212038358,192640000
20150513,28.162765502929688,28.426491170136035,28.131476161493442,28.19405484436593,138776800
20150514,28.81985092163086,28.81985092163086,28.419793993535126,28.47566807574468,180814000
20150515,28.779619216918945,28.940536824125893,28.654461835820847,28.846668788302317,152832000
20150518,29.09699058532715,29.21544337895373,28.687991852315417,28.69246273423067,203531600
20150519,29.070158004760742,29.25118941619979,28.974052846789153,29.208724584325044,178532800
20150520,29.06792640686035,29.273542580713503,28.9070088081435,29.054517175347726,145819600
20150521,29.36517906188965,29.418819402214933,29.016525375482637,29.07016571580792,158921600
20150522,29.62220001220703,29.718305200753246,29.367414350183818,29.412116341293565,182384000
20150526,28.969585418701172,29.704890056571298,28.85783728372975,29.63560675853421,282790400
20150527,29.51045036315918,29.559619822667745,29.0656949025357,29.13050732991539,183332800
20150528,29.452333450317383,29.490327400872097,29.300357648098533,29.47021355827523,122933200
20150529,29.117095947265625,29.37858619337023,29.032166267061793,29.329416737492505,203538000
20150601,29.175209045410156,29.36518228759951,29.065698027688825,29.1171012280536,128451200
20150602,29.045578002929688,29.202024716623274,28.902540520369467,29.023227010852352,134670400
20150603,29.081342697143555,29.264611333053786,29.03217322947415,29.202032630617,123934000
20150604,28.91147804260254,29.184143768776664,28.810905401701508,28.960647495537707,153800400
20150605,28.75279426574707,28.98523230030165,28.687981846856992,28.942767462626342,142507200
20150608,28.562824249267578,28.877954811317277,28.34603259256239,28.808668102346388,210699200
20150609,28.47789192199707,28.62540026627402,28.075599692874718,28.316974348291698,224301600
20150610,28.804201126098633,28.90700750324305,28.573998529628415,28.589643200734034,156349200
20150611,28.7393856048584,29.09474386884714,28.714800877836893,28.871247590572576,141563600
20150612,28.422021865844727,28.681278372282137,28.408612634526005,28.64998902911091,147544800
20150615,28.366151809692383,28.437670562082815,28.095721473930382,28.18288490012055,175955600
20150616,28.51812744140625,28.574001516215095,28.24322794822594,28.39073461904774,125976400
20150617,28.451078414916992,28.58070496728181,28.325919332951088,28.54494644753539,131672400
20150618,28.580703735351562,28.67680720416839,28.43319707690091,28.435432517145383,141628800
20150619,28.294631958007812,28.567297723759552,28.249933378928493,28.542712993723477,218867600
20150622,28.52035903930664,28.62093167835589,28.40190628949359,28.49353887316094,136157200
20150623,28.39073371887207,28.520361977552458,28.357208934021436,28.49130807342398,121075600
20150624,28.632108688354492,29.009817948797807,28.410847847657895,28.430961694475176,221123600
20150625,28.495777130126953,28.87572014313876,28.495777130126953,28.79973222259295,127752400
20150626,28.328157424926758,28.605292373182664,28.27451878771564,28.533773621853992,176267200
20150629,27.83199691772461,28.265580331350833,27.82082312462451,28.039848566972665,196645600
20150630,28.03313636779785,28.187349335086324,27.905743565950342,28.06442570824172,177482800
20150701,28.294631958007812,28.37062158861245,28.158299075131943,28.361681531768287,120955200
20150702,28.258867263793945,28.314741328010467,28.10912347578641,28.25663182378577,108844000
20150706,28.16053009033203,28.21193498282255,27.903509038161864,27.92362458918554,112241600
20150707,28.091243743896484,28.194051812580504,27.66212965508101,28.13594231110135,187787200
20150708,27.393939971923828,27.856577220215424,27.387235356101556,27.820818700782862,243046400
20150709,26.8351993560791,27.726949071884263,26.645227851428672,27.680015055804134,314380000
20150710,27.552621841430664,27.680014656134844,27.089984598016393,27.253137636917494,245418000
20150713,28.084545135498047,28.106894423880103,27.785059214725994,27.94374137892242,165762000
20150714,28.073366165161133,28.243223805102456,27.945973361490438,28.16946962794016,127072400
20150715,28.343801498413086,28.417555688730346,28.066666556024543,28.09795590249705,134596800
20150716,28.721508026123047,28.73492066863965,28.462253207136044,28.54941662693819,144889600
20150717,28.969585418701172,28.969585418701172,28.676805850721237,28.84889893345631,184658800
20150720,29.517162322998047,29.718307658494407,29.21097002793276,29.27131499269503,235600800
20150721,29.222143173217773,29.70712976731751,29.126041394746533,29.69148679862171,307025600
20150722,27.986204147338867,28.048782832229605,27.26431042059781,27.26431042059781,461802400
20150723,27.972793579101562,28.40413973721254,27.950442588302256,28.205228196115332,203998000
20150724,27.82528305053711,28.102417922355972,27.69118564192418,28.00854990684103,168649200
20150727,27.43863868713379,27.62637645681954,27.293367463201697,27.510157431504226,177822000
20150728,27.57496452331543,27.693418958735595,27.3894639464405,27.57496452331543,134472400
20150729,27.487808227539062,27.60179181286985,27.32689062592886,27.52356845240416,148046800
20150730,27.3492431640625,27.393941742527627,27.201734785872933,27.338067666875485,134513200
20150731,27.110095977783203,27.4095801362015,27.022932576145575,27.400640081528273,171540000
20150803,26.47089958190918,27.393938591663268,26.26528171125204,27.154797643583862,279904000
20150804,25.621612548828125,26.305510597188796,25.310952866393624,26.242931913697134,496554400
20150805,25.791475296020508,26.247407986843598,25.053936768630475,25.243908296854702,397250400
20150806,25.84759521484375,26.155171669995845,25.6208434576588,26.036182751048223,211612000
20150807,25.935150146484375,26.099041656350053,25.706152857222204,25.724113899125694,154681600
20150810,26.878089904785156,26.938706292793295,26.161909053278666,26.161909053278666,219806400
20150811,25.479408264160156,26.532351159691274,25.443487880734995,26.449282596677104,388331200
20150812,25.872291564941406,25.912703058030736,24.612802028659953,25.263875322717194,404870000
20150813,25.852087020874023,26.132721917512125,25.71513705428587,26.051898930251593,194143200
20150814,26.033937454223633,26.11251488140785,25.596147707869093,25.665744612966623,171718000
20150817,26.3033504486084,26.41335885699809,25.93066645487652,26.05190094514377,163538800
20150818,26.155168533325195,26.366206492782,26.04516014956673,26.139453049931127,138242800
20150819,25.820655822753906,26.15966154165718,25.74656779960572,26.065368628301012,193146000
20150820,25.290809631347656,25.67247229099696,25.061810665270905,25.6118559251878,274006400
20150821,23.74396324157715,25.12244203191726,23.719267227999406,24.792415043978203,513102000
20150824,23.151248931884766,24.42645352358232,20.65472115015043,21.299059263528882,648825200
20150825,23.290456771850586,24.945081158898475,23.236575337624984,24.945081158898475,414406400
20150826,24.626272201538086,24.671173096581096,23.58455567823423,24.042550288822852,387098400
20150827,25.3514404296875,25.423282914033955,24.700366951814022,25.19653108982604,338464400
20150828,25.43450927734375,25.438998683288474,25.041620312071874,25.183059722940165,212657600
20150831,25.315523147583008,25.712901563154134,25.14489658401918,25.15163155011799,224917200
20150901,24.183996200561523,25.117948364592795,24.10317320302828,24.729550577481078,307383600
20150902,25.22121810913086,25.22121810913086,24.500547914375936,24.74750798881547,247555200
20150903,24.778940200805664,25.320003407227208,24.704852174762614,25.254895903691754,212935600
20150904,24.5319881439209,24.796907649601437,24.361363299005365,24.464636772357427,199985200
20150908,25.214488983154297,25.270615974364496,24.767718612721875,25.0887650709586,219374400
20150909,24.72954559326172,25.598390072339676,24.644231494805116,25.54001925144335,340043200
20150910,25.272857666015625,25.432258091115777,24.67342190271092,24.756488740759696,251571200
20150911,25.641056060791016,25.641056060791016,25.091012197712256,25.09774716302066,199662000
20150914,25.88800621032715,26.242729114504538,25.786978337312043,26.173132211443438,233453600
20150915,26.105783462524414,26.161910448542177,25.688198549523484,26.027206024671482,173364800
20150916,26.13496971130371,26.16415512642055,25.917196738831453,26.09904761928949,148694000
20150917,25.575942993164062,26.152928305170427,25.53104209227515,25.966588024907818,256450400
20150918,25.470422744750977,25.661255846333503,25.115701534234777,25.192033404580197,297141200
20150921,25.865556716918945,25.901478805540528,25.517570475909544,25.5198143218038,200888000
20150922,25.459197998046875,25.63431389833919,25.26162993588368,25.454706880528914,201384800
20150923,25.665739059448242,25.755542548024128,25.436741790795864,25.510828084476323,143026800
20150924,25.818410873413086,25.930664833732273,25.22795565876358,25.42552201229593,200878000
20150925,25.753299713134766,26.197826086520696,25.59838872178131,26.141699114332834,224607600
20150928,25.243675231933594,25.721876563690177,25.243675231933594,25.56023056060069,208436000
20150929,24.484834671020508,25.483896002469564,24.215425836056493,25.3312305392274,293461600
20150930,24.763225555419922,25.041614911169578,24.4107481711117,24.73403842806435,265892000
20151001,24.601572036743164,24.610552556805565,24.091938228571095,24.48707254702139,255716400
20151002,24.78118133544922,24.92262240839427,24.14582528150224,24.249098709751074,232079200
20151005,24.87098503112793,25.00344558357738,24.48707672546084,24.66892757739279,208258800
20151006,24.98997688293457,25.086515360355172,24.644234468750543,24.837311423591746,192787200
20151007,24.87098503112793,25.093247373806907,24.56341030258716,25.086512410825627,187062400
20151008,24.583620071411133,24.738531102168004,24.29400461571162,24.738531102168004,247918400
20151009,25.171829223632812,25.20774960102577,24.581372283339036,24.69587180494445,211064400
20151012,25.05508804321289,25.31327254029787,25.019167660228614,25.308783134747262,121868800
20151013,25.09774398803711,25.245918344657017,24.848540025992065,24.8799710020284,132197200
20151014,24.74301528930664,25.037120088240496,24.597084812702903,24.985484230784294,177849600
20151015,25.113460540771484,25.167341971566753,24.8058840189647,24.90466806947253,150694000
20151016,24.929359436035156,25.144886831908376,24.814859918182062,25.09549481585961,156930400
20151019,25.084270477294922,25.08875988200489,24.72056703284584,24.875478044661843,119036800
20151020,25.542266845703125,25.632070361692858,24.879969126890597,24.996712498675528,195871200
20151021,25.540021896362305,25.948626249248292,25.526550256187043,25.593903318484763,167180800
20151022,25.9306640625,25.9306640625,25.616352640382658,25.667990214251855,166616400
20151023,26.73440170288086,26.768078231157887,26.11700496495312,26.200071793462488,237467600
20151026,25.881275177001953,26.521122466591017,25.800452181173895,26.509898097251355,265335200
20151027,25.71738624572754,26.16415658468257,25.591660629530054,25.908217659825137,279537600
20151028,26.777063369750977,26.78380004728634,26.05639303084757,26.251715570738316,342205600
20151029,27.05994415283203,27.095866248615476,26.552555683479603,26.649094174822856,204909200
20151030,26.828699111938477,27.21485304685405,26.81747302967664,27.163215466453153,197461200
20151102,27.205869674682617,27.246281168589885,26.853392310603464,27.120557282149267,128813200
20151103,27.5179386138916,27.724485511182642,27.098108142190735,27.11831474782773,182076000
20151104,27.389970779418945,27.798575193023755,27.304658372309294,27.643664154434862,179544400
20151105,27.263710021972656,27.662791099980986,27.09686345002263,27.473396252741807,158210800
20151106,27.295269012451172,27.46437071550903,27.19606384972077,27.306543147398287,132169200
20151109,27.18478775024414,27.464368730775384,27.0675446681476,27.27272049186438,135485600
20151110,26.3280086517334,26.6211189761139,26.167925902944273,26.357320716286395,236511600
20151111,26.179201126098633,26.47456491372113,25.9762787177279,26.23782353744832,180872000
20151112,26.09126091003418,26.339276351497883,26.075478156128067,26.21301432024898,130102400
20151113,25.329181671142578,26.057447155325942,25.313398913042832,25.974023022403507,183249600
20151116,25.744043350219727,25.757570936007227,25.02705206022718,25.112729637200466,152426800
20151117,25.633562088012695,25.940199957100166,25.550137968269766,25.91088789655169,110467600
20151118,26.44525718688965,26.490350295352208,26.041667501439985,26.100289918594772,186698800
20151119,26.781200408935547,26.99990555589241,26.325753907173436,26.524165955037567,173183200
20151120,26.898439407348633,27.038229018965698,26.796977374197308,26.875891142076476,137148400
20151123,26.548969268798828,26.995398553515166,26.45652617219215,26.891681321159318,129930000
20151124,26.803749084472656,26.909719769871206,26.40692495727556,26.454273231991408,171212800
20151125,26.612098693847656,26.882662453768145,26.587296972850158,26.878152111664146,85553200
20151127,26.56248664855957,26.69776934479901,26.515138392952146,26.670712461512935,52185600
20151130,26.6729793548584,26.92325004463035,26.548970735532947,26.60308280569692,156721200
20151201,26.456525802612305,26.78796543478524,26.348301669775168,26.77443784822849,139409600
20151202,26.217533111572266,26.630141763993894,26.17244000297407,26.456529683487997,133546400
20151203,25.97402572631836,26.332522297891774,25.753067089919973,26.27841022451549,166278000
20151204,26.837566375732422,26.887169815402363,25.953728585841446,25.994313061917634,231108000
20151207,26.668466567993164,27.024707914321493,26.562495888498777,26.82629586177749,128336800
20151208,26.657190322875977,26.740612719707226,26.34829729300567,26.497105880985725,137238000
20151209,26.068721771240234,26.535442449574763,25.946968326432316,26.524168313499498,185445600
20151210,26.19272804260254,26.366340100948968,26.043919427068637,26.163417697774005,116850800
20151211,25.51857566833496,26.01686183825899,25.444170502459794,25.971768736620955,187544800
20151214,25.360750198364258,25.40584330374682,24.754238125876054,25.293108820098706,257274800
20151215,24.912065505981445,25.432899985798112,24.880499988440032,25.23899653793419,213292400
20151216,25.103710174560547,25.250265325049025,24.531020598508277,25.042834319534705,224954000
20151217,24.571603775024414,25.308886390037067,24.571603775024414,25.257027781306913,179091200
20151218,23.906469345092773,24.693355395316292,23.85686590739426,24.555820936504073,385813200
20151221,24.199581146240234,24.20860011004079,23.80275533997306,24.188307011441676,190362400
20151222,24.17703628540039,24.287515589338216,24.00116905929387,24.215365594086148,131157600
20151223,24.488174438476562,24.542286486352655,24.170262501798657,24.18604525410381,130629600
20151224,24.35740852355957,24.5761136635021,24.33937059609821,24.5761136635021,54281600
20151228,24.084596633911133,24.28075526789059,23.940296622773996,24.25820699349456,106816800
20151229,24.517488479614258,24.67306257599485,24.093607553479544,24.11615410015425,123724800
20151230,24.197328567504883,24.50847511109567,24.16576305091705,24.481419936987034,100855200
20151231,23.732866287231445,24.131945641271138,23.633659381512075,24.12743701837111,163649200
20160104,23.753150939941406,23.75766128175527,22.997830384109424,23.13536656617872,270597600
20160105,23.157917022705078,23.865889430114205,23.090277365805008,23.84334287781418,223164000
20160106,22.704721450805664,23.081255885975757,22.517583538933,22.67315593698659,273829600
20160107,21.74648094177246,22.576206800086034,21.74197231936601,22.24927748958022,324377600
20160108,21.861467361450195,22.346225907540124,21.816374263289404,22.21996385653677,283192000
20160111,22.2154541015625,22.334952363018157,21.94714551589993,22.31466098436711,198957600
20160112,22.537874221801758,22.70246729894013,22.285348398855252,22.670901786095747,196616800
20160113,21.95842170715332,22.815204436611236,21.938130326602067,22.61904582365759,249758400
20160114,22.43866539001465,22.65511705954085,21.586393176948658,22.08693443736933,252680400
20160115,21.899799346923828,22.030571755861573,21.500720046769526,21.6901131464518,319335600
20160119,21.7938232421875,22.242505841527446,21.53227850998704,22.18839379079983,212350800
20160120,21.823143005371094,22.138799924660283,21.063311915676838,21.4420998747855,289337600
20160121,21.71265411376953,22.06889364144608,21.406016295376027,21.884009226255092,208646000
20160122,22.867053985595703,22.876072947450872,22.179374916002143,22.237995587774115,263202000
20160125,22.42062759399414,22.89185676147398,22.368768990971528,22.889601590857914,207178000
20160126,22.54463768005371,22.745304888812232,22.111737750160597,22.53111009480437,300308000
20160127,21.063310623168945,21.787065805587815,21.04527269284401,21.654039939872764,533478800
20160128,21.214370727539062,21.31132243592467,20.83107423588885,21.1467310808786,222715200
20160129,21.947141647338867,21.947141647338867,21.272990125762874,21.372196991080568,257666000
20160201,21.741968154907227,21.805099177655535,21.509735441143935,21.75098711818432,163774000
20160202,21.30229949951172,21.654030384682486,21.257204693598187,21.51423906663697,149428800
20160203,21.72393226623535,21.834411566408754,21.212118523635226,21.41954953789307,183857200
20160204,21.89848518371582,22.06397139436163,21.578849803599578,21.73073329436067,185886800
20160205,21.313615798950195,21.971024015774574,21.238808631526364,21.880346722156467,185672400
20160208,21.538049697875977,21.694466308951053,21.091465304208224,21.111866794099107,216085600
20160209,21.533510208129883,21.748869022008886,21.293216821858767,21.37482622276702,177324800
20160210,21.370285034179688,21.8418054922694,21.331747753443324,21.74432772189052,169374400
20160211,21.241071701049805,21.47229885785204,20.989443063690185,21.261474911132503,200298800
20160212,21.306821823120117,21.422435451091715,21.084664201791533,21.352161348562927,161405600
20160216,21.907550811767578,21.95515600260538,21.44736557080993,21.540308544485956,196231600
20160217,22.243064880371094,22.26346637167422,21.796480455789673,21.914359774435574,179452800
20160218,21.821407318115234,22.41760760939652,21.782868302016265,22.406272299451153,156084000
20160219,21.771541595458984,21.934760424862233,21.717135895499908,21.7624736905448,141496800
20160222,21.961956024169922,21.966490840071426,21.744331558086568,21.83274144338526,137123200
20160223,21.465505599975586,21.87581832284174,21.433768799838198,21.85314942696159,127770400
20160224,21.785139083862305,21.848612678525644,21.154934494668073,21.304552307396584,145022800
20160225,21.93475341796875,21.93475341796875,21.59244746729102,21.773802048590266,110330800
20160226,21.9687557220459,22.220382630830805,21.89394683400225,22.034494979329367,115964400
20160229,21.91888427734375,22.26799071029583,21.909816375634232,21.957421562465143,140865200
20160301,22.789382934570312,22.84378861732507,22.08436954854961,22.136509552936793,201628400
20160302,22.83925437927246,22.870991170072692,22.587625731123904,22.7848486992614,132678400
20160303,23.009273529052734,23.056878715018073,22.771245869700657,22.800716982102088,147822800
20160304,23.351579666137695,23.519331522367473,22.979804347182302,23.206496699205122,184220400
20160307,23.093151092529297,23.310775548293442,22.886860216930476,23.21103035749617,143315600
20160308,22.902734756469727,23.06822098290932,22.75991915549307,22.84606165186418,126247600
20160309,22.92313003540039,23.02740830422083,22.73044016284764,22.9662004039081,108806800
20160310,22.934467315673828,23.177028089350504,22.703241852632512,22.98887473129285,134054400
20160311,23.181568145751953,23.186101233315483,23.009281416396394,23.177033328662457,109632800
20160314,23.24049949645996,23.328911106160273,23.072747637862136,23.10221875093738,100304400
20160315,23.707487106323242,23.843502174596225,23.542000924748738,23.56693722237675,160270800
20160316,24.022586822509766,24.09966138561468,23.709750295842124,23.714285111039615,153214000
20160317,23.98404884338379,24.135932287102605,23.793626389708173,23.920573539141785,137682800
20160318,24.011255264282227,24.142737253141327,23.845770803757425,24.106465643997222,176820800
20160321,24.008996963500977,24.403441321760276,23.83444281752646,24.01353005127419,142010800
20160322,24.19261360168457,24.32182820262374,23.85030758780069,23.859375491492568,129777600
20160323,24.058856964111328,24.271948313107668,24.006718695436863,24.13820066522291,102814000
20160324,23.954587936401367,24.086069956899372,23.777768123088983,23.909250143586988,104532000
20160328,23.845775604248047,24.07246801845852,23.81630448350413,24.029395906310253,77645600
20160329,24.410232543945312,24.435168841038994,23.775493266238612,23.77776067402678,124760400
20160330,24.836414337158203,25.03136990456297,24.618789879723323,24.630125189501104,182404400
20160331,24.70720100402832,24.91349189158519,24.682264704883522,24.87268719566875,103553600
20160401,24.933897018432617,24.93616442673863,24.528117407945324,24.659599417281587,103496000
20160404,25.190059661865234,25.43262045636295,24.99736974167742,25.031373946976785,149424800
20160405,24.893091201782227,25.10164951845118,24.80468130659051,24.825084521379363,106314800
20160406,25.15378761291504,25.158322429290177,24.75480851866221,24.988303135262203,105616400
20160407,24.60519027709961,25.03137131404998,24.509979895896688,24.924825622431,127207600
20160408,24.63239288330078,24.88401981393905,24.521312380670523,24.68906597379666,94326800
20160411,24.714000701904297,25.07444245913687,24.67093032892686,24.702667121447277,117630000
20160412,25.03591537475586,25.04951636865698,24.63240308011164,24.78655228972747,108929200
20160413,25.39861297607422,25.466619648378188,25.117514925595028,25.117514925595028,133029200
20160414,25.412216186523438,25.477957186166464,25.237663809870032,25.30340480951306,101895600
20160415,24.902158737182617,25.457556131325564,24.874956757233623,25.414484023705413,187756000
20160418,24.364900588989258,24.69813697343318,24.242486482049816,24.684535982504066,243286000
20160419,24.23568344116211,24.48277730789355,24.081532551894348,24.455573599366666,129539600
20160420,24.28554916381836,24.50317359731882,24.04298843516964,24.17447040421948,122444000
20160421,24.022586822509766,24.240211254807768,23.920574234869132,24.240211254807768,126210000
20160422,23.956844329833984,24.138198876758747,23.71655102525504,23.804960891261448,134732400
20160425,23.820831298828125,23.95004586234347,23.69161673531278,23.802695496696956,112126400
20160426,23.655351638793945,23.870710456916342,23.555608158682986,23.555608158682986,224064800
20160427,22.1750545501709,22.376810684669405,21.689932863901895,21.762474375974097,458408400
20160428,21.497234344482422,22.188644922128013,21.36575237631137,22.127438753234728,328970800
20160429,21.250144958496094,21.472304270094504,20.971314276778763,21.306818058140756,274126000
20160502,21.227474212646484,21.327219412767505,20.946376147199313,21.30228311273725,192640400
20160503,21.57657814025879,21.703525303976072,21.23653961213716,21.354418874228152,227325200
20160504,21.352157592773438,21.73980138711214,21.268280782602496,21.581115670263795,164102000
20160505,21.265483856201172,21.454784488368706,21.13776378633173,21.438819479635022,143562000
20160506,21.146888732910156,21.31338073272175,20.9484649728036,21.29513624976754,174799600
20160509,21.162860870361328,21.386371087311733,21.117245297474174,21.2107559168507,131745600
20160510,21.30653953552246,21.34075076977819,21.007765019137445,21.28601383900242,134747200
20160511,21.0989990234375,21.3407554490906,21.08759469616645,21.320229748069956,114876400
20160512,20.604080200195312,21.160577964522993,20.405658129186314,21.146894163779212,305258800
20160513,20.645130157470703,20.90741398495114,20.52653317585696,20.52653317585696,177571200
20160516,21.41145133972168,21.52776883271836,20.902850504560796,21.071623712008055,245039200
20160517,21.322507858276367,21.59847550804325,21.213033979719814,21.56426600852928,187667600
20160518,21.566543579101562,21.714791110788134,21.41373536123413,21.47531593503823,168249600
20160519,21.484437942504883,21.58479044200801,21.340752832807443,21.58479044200801,121768400
20160520,21.717071533203125,21.76496656660928,21.557419681793558,21.584789018049523,128104000
20160523,21.993038177490234,22.16637381934643,21.81970253563404,21.86531809404653,152074400
20160524,22.32830810546875,22.371640716652795,22.086549963876266,22.173218666356085,140560800
20160525,22.720596313476562,22.747963915785718,22.376206150618863,22.50392626821119,152675200
20160526,22.900772094726562,22.97375526188401,22.497082591968223,22.73427832024391,225324800
20160527,22.887088775634766,22.914458118495805,22.636209222938362,22.67954358078764,145364800
20160531,22.77532958984375,22.898489000566585,22.538133881050424,22.716030227631464,169228800
20160601,22.456029891967773,22.702348738474534,22.426381077872996,22.58375000198343,116693200
20160602,22.287254333496094,22.314621931348405,22.03865429931745,22.25988499558797,160766400
20160603,22.332866668701172,22.412691723878453,22.225672277439237,22.303217859651237,114019600
20160606,22.494800567626953,23.23831775252681,22.24848347488571,22.3488342385744,93170000
20160607,22.586029052734375,22.777610939469497,22.5700640405111,22.636205302594902,89638000
20160608,22.56550407409668,22.70690797542668,22.506204709637323,22.583748560036888,83392400
20160609,22.727434158325195,22.804978004438173,22.456027216818192,22.465150329311918,106405600
20160610,22.5404109954834,22.659007958286505,22.46058594936059,22.471988533060703,126851600
20160613,22.20058250427246,22.606553129102913,22.145845576227288,22.508481857158543,152082000
20160614,22.227954864501953,22.460589885462802,22.066023531116475,22.196024840457255,127727600
20160615,22.15497589111328,22.444629115477838,22.1298877617571,22.310065354380505,117780800
20160616,22.248483657836914,22.294097483519963,21.910935431592268,21.99760239641242,125307200
20160617,21.742162704467773,22.043218485265697,21.73532080445854,22.036376585256466,244032800
20160620,21.6897029876709,22.02496997379226,21.67373797595349,21.894968666934567,137647600
20160621,21.87443733215332,21.974788062779194,21.59390735277421,21.653206698181762,142185600
20160622,21.792339324951172,22.097955797550195,21.746723757361476,21.951989461375142,116876400
20160623,21.91777229309082,21.96110663556737,21.72391096841788,21.881281588943867,128960800
20160624,21.30198097229004,21.589352932595514,21.130926524022275,21.1902258866374,301245600
20160627,20.991804122924805,21.222157956003795,20.868644699498095,21.210753628998063,181958400
20160628,21.345308303833008,21.36127505217629,21.014603814988874,21.18793943358258,161779600
20160629,21.53005599975586,21.56426724128149,21.354439105283774,21.431984702078935,146124000
20160630,21.803743362426758,21.842515292415538,21.507249983619733,21.539180013028858,143345600
20160701,21.86988067626953,22.00216319705296,21.74216058175079,21.778651291589384,104106000
20160705,21.664609909057617,21.758120484914496,21.543731742261457,21.755839272317765,110820800
20160706,21.787771224975586,21.81742177120235,21.523207962067353,21.575663676066892,123796400
20160707,21.881284713745117,22.00900480658205,21.808301554973188,21.82654603962435,100558400
20160708,22.050064086914062,22.097959135074994,21.906378942431264,22.00672972617292,115648400
20160711,22.11848258972168,22.271290821542625,22.061464436947663,22.066025123544975,95179600
20160712,22.218830108642578,22.28269015200899,22.150409379345284,22.16181196420033,96670000
20160713,22.0933895111084,22.27584651505433,22.08654587266252,22.216548902301064,103568800
20160714,22.531291961669922,22.576905784835496,22.196024967229924,22.211989979343457,155676000
20160715,22.529010772705078,22.647609497152324,22.465150724182323,22.560940796966456,120548000
20160718,22.768489837646484,22.836910578907997,22.48795975231194,22.510766666065777,145975600
20160719,22.77760887145996,22.80725768002395,22.656728944109073,22.70690518941403,95119600
20160720,22.798137664794922,22.91217396868449,22.74796141267457,22.807260777912795,105104000
20160721,22.67725372314453,23.03532755715351,22.608831262101095,22.768483091183953,130808000
20160722,22.50164222717285,22.647608543379352,22.421815429825386,22.63848543110948,113254800
20160725,22.20058250427246,22.542691349652046,22.104792445179516,22.408129372362747,161531600
20160726,22.047775268554688,22.3442703102066,21.99075712516437,22.08198650260001,224959200
20160727,23.480072021484375,23.79937398974331,23.434458200328418,23.781127765258628,369379200
20160728,23.79709243774414,23.82218056103933,23.450422877751294,23.452704090793322,159479200
20160729,23.767446517944336,23.844992110299522,23.64656831285671,23.762885831361526,110934800
20160801,24.187103271484375,24.209910186627766,23.81306429495329,23.81306429495329,152671600
20160802,23.82902717590332,24.19166179236429,23.719551556938992,24.187101105766413,135266400
20160803,24.12779998779297,24.139202573487715,23.895164966905853,23.90428807949513,120810400
20160804,24.276844024658203,24.30665344151839,24.141551364640076,24.21034447983324,109634800
20160805,24.646034240722656,24.685016196080177,24.34793302444092,24.368569912754236,162213600
20160808,24.850122451782227,24.850122451782227,24.572659826944946,24.655209143470145,112148800
20160809,24.951017379760742,24.98082855670486,24.76757192313929,24.81801999229191,105260800
20160810,24.765274047851562,24.97165168148004,24.710240595377936,24.92808258396905,96034000
20160811,24.749225616455078,24.978533737890043,24.73088054686457,24.884516568350286,109938000
20160812,24.806550979614258,24.866171577035363,24.71482738730841,24.71482738730841,74641600
20160815,25.10465431213379,25.118412239809015,24.78362258701534,24.797380514690566,103472800
20160816,25.08172607421875,25.276639411073187,25.042744106640836,25.139053114591835,135177600
20160817,25.045028686523438,25.079425248294832,24.84323645718823,25.017511087209964,101424000
20160818,25.0129337310791,25.132173200780876,24.999174052261015,25.04733030390077,87938800
20160819,25.077133178710938,25.152805269241206,24.847825085818176,24.941840494173615,101472400
20160822,24.882226943969727,25.0175179078117,24.730882730706888,24.962484443662618,103280800
20160823,24.96017837524414,25.067953427791537,24.886799876623996,24.900557798402332,85030800
20160824,24.77215576171875,24.937257886956427,24.69189827013991,24.895982355647007,94700400
20160825,24.66666603088379,24.737750964135763,24.46258201327265,24.625390513306172,100344800
20160826,24.52220344543457,24.753803316483502,24.377738254156778,24.629978508933373,111065200
20160829,24.49469757080078,24.636869259753976,24.373164525969667,24.44883663861326,99881200
20160830,24.306659698486328,24.421313753667867,24.19200564330479,24.26079877620653,99455600
20160831,24.32958984375,24.437364934138508,24.224108324290317,24.22869546614797,118649600
20160901,24.474056243896484,24.490107742203424,24.219524092542073,24.338763544324756,106806000
20160902,24.703365325927734,24.765277750531908,24.494694090315328,24.69648461254312,107210000
20160906,24.69647789001465,24.834064128540437,24.652910547331064,24.74234055268381,107521600
20160907,24.847824096679688,24.939547680081855,24.552016458685664,24.7262910922016,169457200
20160908,24.196592330932617,24.59788154554817,24.13238633651127,24.593296152867563,212008000
20160909,23.64854621887207,24.24245517027927,23.64854621887207,23.99480197626819,186228000
20160912,24.178247451782227,24.242453442063752,23.510960018180622,23.53847762093643,181171200
20160913,24.753808975219727,24.946428691129242,24.59100043231589,24.652914599726156,248704800
20160914,25.629772186279297,25.918700956751938,24.902865741426766,24.93267692179415,443554800
20160915,26.501140594482422,26.537830735145132,26.024179262760363,26.109023900931234,359934400
20160916,26.352092742919922,26.629555400428806,26.150302196408656,26.39795542359229,319547600
20160919,26.044815063476562,26.64101578835884,25.969142968725123,26.414001253586534,188092000
20160920,26.042522430419922,26.168642592880882,25.799456389475605,25.923282980942165,138057200
20160921,26.037935256958008,26.138829630543682,25.783403127933372,26.106726636746156,144012800
20160922,26.283296585083008,26.35667511138436,26.14112492497574,26.221382414761266,124296000
20160923,25.84531021118164,26.32227137700637,25.579313781825043,26.237426768346275,209924800
20160926,25.884296417236328,26.001244032303827,25.57931798893525,25.59995487716264,119477600
20160927,25.932453155517578,25.953091795017215,25.76047207410939,25.91181626549997,98429600
20160928,26.129661560058594,26.287884734717814,26.01042209836854,26.07004270395469,118564400
20160929,25.723785400390625,26.095265190796695,25.636648943151638,25.94850813150885,143548000
20160930,25.923282623291016,25.996661148760822,25.636647484818017,25.787989928201096,145516400
20161003,25.801746368408203,25.92328112968327,25.746712914847194,25.845315466780058,86807200
20161004,25.91180992126465,26.212202910075288,25.82696531206306,25.92556784457457,118947200
20161005,25.923282623291016,26.063160710824405,25.840731563452227,26.003540112167048,85812400
20161006,26.115903854370117,26.219091817299557,25.941629178584012,26.072334748053024,115117200
20161007,26.15488624572754,26.269540317293217,26.02876781669467,26.212213281510376,97433600
20161010,26.6112060546875,26.771721027005228,26.306225857801827,26.375017239017144,144944000
20161011,26.668537139892578,27.216583449562872,26.64560492651477,26.989567133394818,256164000
20161012,26.907012939453125,27.05377174020459,26.771721993541217,26.909306510421036,150347200
20161013,26.824466705322266,26.929948238676864,26.535537962100907,26.780897599345405,140769600
20161014,26.973514556884766,27.097341156356055,26.85886049250196,27.030841589076168,142608800
20161017,26.95516586303711,27.021663667579364,26.778597659374086,26.904717804847675,94499600
20161018,26.93682861328125,27.106516154129263,26.932241470579164,27.099637189558475,98214000
20161019,26.856565475463867,27.00332252045422,26.09526264852068,26.886374898843105,80138400
20161020,26.842803955078125,26.916182472530696,26.67541003220906,26.79694303772596,96503200
20161021,26.737327575683594,26.80841428554529,26.663949044151856,26.785482072987342,92770800
20161024,26.97809600830078,26.998732895785007,26.82904540614804,26.85197586429112,94154800
20161025,27.115680694580078,27.140904723556837,26.900130537681154,27.04688757019222,192516000
20161026,26.505725860595703,26.530949894810167,25.982903605027158,26.21221173462615,264536800
20161027,26.251188278198242,26.567632780823928,26.1640500930757,26.45985770942397,138248000
20161028,26.076915740966797,26.41858429821849,26.015001578224215,26.111312303659133,151446800
20161031,26.03564453125,26.193867696172408,25.95767885959181,26.060868564773347,105677600
20161101,25.565563201904297,26.08838546407353,25.345427604647895,26.017300502834686,175303200
20161102,25.5884952545166,25.762769935890997,25.505945931215383,25.544927896284744,113326800
20161103,25.3142147064209,25.689905316964364,25.249679068630783,25.579273297456805,107730400
20161104,25.086034774780273,25.411020093508455,24.91778138611206,25.01458485015112,123348000
20161107,25.447893142700195,25.47094133035948,25.228930963776985,25.371832540806956,130240000
20161108,25.59770965576172,25.749830873894304,25.284249350334726,25.424845594318782,97016800
20161109,25.556222915649414,25.657637063868663,24.90395050891112,25.325737494034183,236705600
20161110,24.844018936157227,25.604619623290308,24.3922678093746,25.604619623290308,228538000
20161111,24.99153709411621,25.092951253527417,24.558225086706866,24.689601721187557,136575600
20161114,24.364614486694336,24.84863353586414,23.988923870500464,24.82558534465877,204702000
20161115,24.687297821044922,24.818674463224404,24.468337336900625,24.56283546132786,129058000
20161116,25.35109519958496,25.406412975962784,24.569749632509346,24.592797826767857,235362000
20161117,25.34187126159668,25.434065781420426,25.083728716247236,25.309603443428,110528000
20161118,25.367225646972656,25.477859426154385,25.275032882529526,25.288861445503144,113715600
20161121,25.75214195251465,25.812066907725864,25.35570666867648,25.381060210675287,117058400
20161122,25.768268585205078,25.91116840868547,25.676074072933307,25.80283998865094,103862000
20161123,25.636892318725586,25.70142795063754,25.429455102962812,25.6668547882664,109705600
20161125,25.765966415405273,25.784405671825745,25.572357739918893,25.613845187632812,45903600
20161128,25.715259552001953,25.92269679228589,25.67377210394517,25.682991732231596,108776000
20161129,25.689905166625977,25.821281788062535,25.369530567711138,25.533175007853924,114115200
20161130,25.473249435424805,25.860465035544145,25.415628076826476,25.72217412660102,144649200
20161201,25.235857009887695,25.570062041387025,25.12983389045285,25.43868537616724,148347600
20161202,25.33034896850586,25.374140004207796,25.088338564959518,25.16209383181276,106112000
20161205,25.14826774597168,25.36031393925385,24.950050117066557,25.353399657065324,137298000
20161206,25.34187126159668,25.436371127993674,25.166703608242187,25.238153525835095,104782000
20161207,25.590791702270508,25.627670207482243,25.159785163007793,25.182833349533173,119994800
20161208,25.842023849487305,25.913473761244525,25.4916850544639,25.551611751224442,108273200
20161209,26.263816833496094,26.43668092434876,25.885820828842085,25.885820828842085,137610400
20161212,26.113998413085938,26.50582291805411,25.927304029820526,26.111693066549183,105497600
20161213,26.54961395263672,26.717867310935716,26.21771441187894,26.23845725394427,174935200
20161214,26.54961395263672,26.78240294197994,26.501212229353552,26.515040790730442,136127200
20161215,26.694826126098633,26.90456874048415,26.558840547644785,26.593411960157102,186098000
20161216,26.729398727416992,26.851555738262494,26.65564345152172,26.84464145590739,177404400
20161219,26.883821487426758,27.05438022006357,26.67868958721731,26.69021456256297,111117600
20161220,26.95527458190918,27.082042291767106,26.8930442797291,26.906872844999217,85700000
20161221,26.980623245239258,27.05898920401707,26.916087607695317,26.92069830092802,95132800
20161222,26.803150177001953,26.853857251653306,26.653334299658653,26.816978739738055,104343600
20161223,26.856164932250977,26.856164932250977,26.641813384856466,26.641813384856466,56998000
20161227,27.026721954345703,27.151184297285916,26.849247188898552,26.85616147042896,73187600
20161228,26.911479949951172,27.201890332679678,26.78240691027418,27.086647614892843,83623600
20161229,26.90456199645996,26.992145816977864,26.828501391069523,26.84002460619699,60158000
20161230,26.694826126098633,27.012895430463622,26.604936936637557,26.886129481501236,122345200
20170103,26.7708797454834,26.812367188106784,26.45050517796105,26.690210206622385,115127600
20170104,26.740915298461914,26.85385441040477,26.67868501426944,26.70173320254576,84472400
20170105,26.87690544128418,26.934526797301263,26.69251639864383,26.717869935968483,88774400
20170106,27.176536560058594,27.2341579147274,26.844636994457726,26.916086911538507,127007600
20170109,27.42546272277832,27.52687688171069,27.183454059595714,27.185757647960976,134247600
20170110,27.45311737060547,27.51534765768287,27.266424750909138,27.37475141667616,97848400
20170111,27.600624084472656,27.642111522954885,27.33556554741751,27.367833359741034,110354400
20170112,27.485387802124023,27.496912777124887,27.245682741513264,27.404718252510857,108344800
20170113,27.436986923217773,27.57066890013058,27.383974498419818,27.453120833640746,104447600
20170117,27.65825080871582,27.71356681796327,27.24798703640748,27.27564416179909,137759200
20170118,27.655948638916016,27.77349671072564,27.591412994303493,27.65825398578487,94852000
20170119,27.6075439453125,27.678993864406134,27.513045835394877,27.519960116795648,102389200
20170120,27.65825080871582,27.761968545862814,27.596020518120472,27.761968545862814,130391600
20170123,27.676694869995117,27.844948273554557,27.60524318057777,27.658255610889704,88200800
20170124,27.651330947875977,27.6812934138258,27.54300253937943,27.55452751160991,92844000
20170125,28.09156608581543,28.14227316630126,27.7227897165518,27.75505753895834,129510400
20170126,28.10539436340332,28.220637080316127,28.027028401501173,28.043162311530395,105350400
20170127,28.10770034790039,28.199894880983315,28.027030790877003,28.151493146769283,82251600
20170130,28.03394317626953,28.03394317626953,27.810373778636198,27.872604073139428,121510000
20170131,27.96940803527832,27.978627663974134,27.801154647356736,27.92331165026362,196804000
20170201,29.675003051757812,30.076049019289613,29.27395884269053,29.27856777817807,447940000
20170202,29.624286651611328,29.822504226057607,29.45142261053357,29.49752074323268,134841600
20170203,29.75105857849121,29.776412115490093,29.53901241310441,29.573583819499053,98029200
20170206,30.029943466186523,30.078346951257718,29.709568876884745,29.7625830550409,107383600
20170207,30.315752029418945,30.444823323275603,30.066827312582973,30.087570159753724,152735200
20170208,30.433298110961914,30.474787321910643,30.244301865545825,30.274266100290518,92016400
20170209,30.6532039642334,30.66014822275311,30.352273143732877,30.474959753816158,113399600
20170210,30.583770751953125,30.77358998405788,30.56756865262926,30.662478268681635,80262000
20170213,30.854598999023438,30.977289159070857,30.729598795369544,30.80598918233789,92141600
20170214,31.255067825317383,31.271269918955483,30.8453388826695,30.896265803548964,132904800
20170215,31.368494033813477,31.544424686643996,31.16247276840138,31.370811141672792,142492400
20170216,31.331453323364258,31.45876707354349,31.213393874191286,31.40552658534985,90338400
20170217,31.4171142578125,31.44257772460266,31.273594826182887,31.273594826182887,88792800
20170221,31.643949508666992,31.655524447075386,31.477280285676922,31.535151445543605,98028800
20170222,31.738874435424805,31.741188011357252,31.50738968380831,31.581462967593552,83347600
20170223,31.604610443115234,31.82452023392888,31.551369943317066,31.801373879840284,83152800
20170224,31.63469696044922,31.63469696044922,31.315246974338777,31.461083451854563,87106400
20170227,31.697200775146484,31.81526024204924,31.546737121151644,31.745814120137588,81029600
20170228,31.711088180541992,31.815255582063813,31.64395564406226,31.731920954411162,93931600
20170301,32.35923767089844,32.44257228618946,31.85228925440144,31.919418248747473,145658400
20170302,32.16712951660156,32.47268761733621,32.12082973063708,32.40787215559923,104844000
20170303,32.356929779052734,32.36850472002137,32.08146243200919,32.12544508838435,84432400
20170306,32.25507354736328,32.35461379366759,32.08377714962105,32.26201780499198,87000000
20170307,32.2967529296875,32.40323393541779,32.12776652100481,32.190268391780286,69785200
20170308,32.17637634277344,32.36156482672111,32.13471078827789,32.164801400243604,74828800
20170309,32.102298736572266,32.127762196632915,31.724981051170833,32.1161907865679,88623600
20170310,32.20878219604492,32.25970911448372,32.09303984180699,32.234245655264324,78451200
20170313,32.22267532348633,32.2759158250435,32.13471352356076,32.14165778323444,69686800
20170314,32.17405319213867,32.326830378665704,32.139328374883284,32.24581286942078,61236400
20170315,32.51434326171875,32.5814722721005,32.18331829639664,32.27128361471009,102767200
20170316,32.567569732666016,32.643960076388254,32.468029515509855,32.57451398826124,76928000
20170317,32.405540466308594,32.63933871316715,32.38239058626583,32.63933871316715,175540000
20170320,32.7458381652832,32.75509600222119,32.461109345912426,32.50046133420929,86168000
20170321,32.37082290649414,33.056019242634676,32.34535944560636,32.896294218172855,158119600
20170322,32.736568450927734,32.778237536969804,32.352302970677094,32.37313927978638,103440800
20170323,32.62081527709961,32.77359598830901,32.549055603336946,32.69951920753767,81385200
20170324,32.55600357055664,32.81063811826074,32.48887457098504,32.755080526350106,89582400
20170327,32.611576080322266,32.690280055732934,32.08841823066675,32.26666249559577,94300400
20170328,33.287498474121094,33.343052538036424,32.55137533765912,32.61850787445812,133499200
20170329,33.361576080322266,33.44722782697001,33.146296990269626,33.259722240315085,116760000
20170330,33.31758117675781,33.44952911160406,33.21804448107393,33.37776944128775,84829200
20170331,33.255088806152344,33.39629459726982,33.1046216501423,33.26897732131541,78646800
20170403,33.264339447021484,33.36156256431881,33.113875855717886,33.26665655383155,79942800
20170404,33.51205062866211,33.53982767033997,33.141673589463636,33.16019279464128,79565600
20170405,33.33843231201172,33.67177089344331,33.28981896381265,33.38472855228239,110871600
20170406,33.255088806152344,33.45416576523312,33.20647547090583,33.40092174754032,84596000
20170407,33.1810188293457,33.37546514590922,33.16481673572033,33.27129772861994,66688800
20170410,33.14167404174805,33.30602978233185,33.07917216494268,33.24121432941416,75733600
20170411,32.78518295288086,33.18333696513687,32.421750236738085,33.0884273795252,121517600
20170412,32.824520111083984,32.90553760949143,32.641645281657844,32.778223893111864,81400000
20170413,32.650917053222656,32.958792122537375,32.650917053222656,32.8499940329233,71291600
20170417,32.831478118896484,32.84305306128152,32.6092512345038,32.7504570543777,66328400
20170418,32.685638427734375,32.88008472500291,32.664805652779066,32.734251768139586,58790000
20170419,32.56526184082031,32.8708233021722,32.51202135546686,32.8430462719314,69313600
20170420,32.97267532348633,33.08378697056255,32.676375243166014,32.69026375752859,93278400
20170421,32.933326721191406,33.02823275642698,32.83610357854154,32.972678693299024,69283600
20170424,33.250465393066406,33.32222509188119,33.143980866576484,33.218057673208875,68537200
20170425,33.45648956298828,33.5421377874475,33.303708785160865,33.31297015288324,75486000
20170426,33.25972366333008,33.47269271909866,33.19028107142358,33.442598574488116,80164800
20170427,33.28519821166992,33.370849990512745,33.17408649543179,33.31529236630479,56985200
20170428,33.25277328491211,33.40324044809905,33.16481150729188,33.354627110533805,83441600
20170501,33.931026458740234,34.07454583698274,33.55602238930603,33.58843010478582,134411600
20170502,34.14630889892578,34.280570456939856,33.99121456436894,34.15325315777337,181408800
20170503,34.04213333129883,34.14167357123611,33.396292687910275,33.70185060055549,182788000
20170504,33.91946029663086,34.060666136091115,33.75279099326214,33.91714672070354,93487600
20170505,34.481971740722656,34.486598892800345,33.972702438004276,33.972702438004276,109310800
20170508,35.41947555541992,35.579200576555564,34.4981673635165,34.4981673635165,195009600
20170509,35.646331787109375,35.85235303785309,35.52132806561127,35.61855122001182,156521600
20170510,35.47734832763672,35.63475978023358,35.21114230191216,35.56300007932574,103222800
20170511,35.78416442871094,35.81205966165817,35.40296268148456,35.43550416429331,109020400
20170512,36.2839241027832,36.35830313777084,35.951532704092806,35.95850562778675,130108000
20170515,36.19093322753906,36.411750676441315,36.03984853796265,36.26298911169875,104038800
20170516,36.137481689453125,36.27462056955836,35.963151522512334,36.24672887780986,80194000
20170517,34.92414474487305,35.92828824630351,34.79862858057247,35.70282093825333,203070800
20170518,35.456424713134766,35.642377572865925,35.128686743624414,35.161228228070684,134272800
20170519,35.57729721069336,35.79114177368789,35.47734962498381,35.65167977873809,107843200
20170522,35.793460845947266,35.930599686561685,35.54242505223062,35.79578397067189,91865600
20170523,35.74930953979492,36.00499167515767,35.63541254562239,36.00499167515767,79675600
20170524,35.64238357543945,35.83530938956026,35.48664904887947,35.75860368899971,76712000
20170525,35.76557922363281,35.87715309446226,35.57033026981626,35.73303773133006,76942400
20170526,35.705135345458984,35.85157379035021,35.635402583760516,35.79578687164032,87710400
20170530,35.719093322753906,35.89574663854694,35.640064487800984,35.660983259390264,80507600
20170531,35.50754928588867,35.835290686294336,35.41922445747599,35.78880337448432,97804800
20170601,35.60518264770508,35.640050800386376,35.38204207626871,35.602859522895166,65616400
20170602,36.1328239440918,36.1328239440918,35.537777672635315,35.69816195842354,111082800
20170605,35.77950668334961,35.900376541253614,35.67026308778339,35.87480798567305,101326800
20170606,35.900390625,36.21650946039384,35.74465610600721,35.772547796944366,106499600
20170607,36.114219665527344,36.256008278069466,35.90734810428602,36.03286775303069,84278400
20170608,36.025901794433594,36.15374104545229,35.88875940404574,36.086334959401626,85003200
20170609,34.62894058227539,36.07239580899807,33.940919564947656,36.07239580899807,259530800
20170612,33.801448822021484,33.95718330904948,33.125047081578536,33.87583137826169,289229200
20170613,34.073421478271484,34.27332027082303,33.73870689104496,34.205914146864224,136661600
20170614,33.74101638793945,34.28492554192561,33.43419365691819,34.28492554192561,126124800
20170615,33.538795471191406,33.5829596774279,33.055322968065674,33.313331736349795,128661600
20170616,33.06926727294922,33.58760791058845,33.0529947569857,33.42025068777792,201444400
20170619,34.015296936035156,34.10827514113461,33.39235892227018,33.39235892227018,130165600
20170620,33.70615005493164,34.13848894224757,33.68988108624399,34.13848894224757,99600400
20170621,33.90605163574219,33.95254251423939,33.61317825369258,33.82469969188422,85063200
20170622,33.85026931762695,34.098978500955376,33.73172253920091,33.882810805541595,76425200
20170623,34.00135803222656,34.205906578441414,33.72940337696723,33.73405317486027,141757600
20170626,33.89442825317383,34.466229101408445,33.79215400799219,34.20822036352045,102769600
20170627,33.40864181518555,33.973473562958034,33.38307324147144,33.70616510199109,99047600
20170628,33.89674377441406,33.961826725520176,33.27612906773838,33.58527485886983,88329600
20170629,33.397003173828125,33.73404427035426,33.07158834234401,33.636419820909026,125997600
20170630,33.47602844238281,33.694522731585124,33.42024153447321,33.57597599562158,92096400
20170703,33.355167388916016,33.77356044182153,33.26219273127294,33.675935987269554,57111200
20170705,33.4923210144043,33.65502851038239,33.17387894750736,33.39934631577607,86278400
20170706,33.17619705200195,33.355177043865844,33.101818013709,33.24360671304797,96515200
20170707,33.51321792602539,33.645710509229566,33.21569482840612,33.21569482840612,76806800
20170710,33.7177734375,33.92464506499715,33.32494894841133,33.496955966065755,84362400
20170711,33.8270263671875,33.90140894318448,33.5597215215558,33.6410734739515,79127200
20170712,33.87584686279297,33.97811760423761,33.66200223598799,33.90606168666559,99538000
20170713,34.34768295288086,34.5150401494659,33.80609696209252,33.82004280401538,100797600
20170714,34.64288330078125,34.710292940009225,34.24541257418322,34.394174149377314,80528400
20170717,34.763755798339844,35.07522481560062,34.53364226990741,34.591752319997376,95174000
20170718,34.88462448120117,34.896247200165746,34.5568829588818,34.6800759770434,71475200
20170719,35.103118896484375,35.1960935548669,34.85440618783953,34.97759920623651,83692000
20170720,34.94506072998047,35.270479155850346,34.91019611677407,35.21469222796392,68974800
20170721,34.92877960205078,34.96829399885,34.605687960687774,34.86369664888089,105010400
20170724,35.351837158203125,35.433192665296254,34.842792437650566,35.00085365369405,85972800
20170725,35.50292205810547,35.75860418341942,35.28442767411012,35.28442767411012,75415600
20170726,35.67026901245117,35.77951262616226,35.57729081909913,35.64470045262379,63124000
20170727,34.9962043762207,35.793476298622046,34.23845041848576,35.73768936034904,129905200
20170728,34.749813079833984,34.919493448269165,34.67775717872136,34.84046462425895,68854800
20170731,34.57082748413086,34.94273319627466,34.43136550214373,34.84278207309928,79383600
20170801,34.87765884399414,34.9171732593223,34.49645699092396,34.65684132456898,141474400
20170802,36.525657653808594,37.132326796867105,36.29786722116688,37.02307960486664,279747200
20170803,36.16073226928711,36.54193414663406,36.0328894193446,36.50474285451318,108389200
20170804,36.351322174072266,36.58608549561025,36.18861474593922,36.27694315553541,82239600
20170807,36.913822174072266,36.939390734188,36.41640036098421,36.507051883802646,87481200
20170808,37.20903015136719,37.61580052880393,36.78831392847075,36.865019625255286,144823600
20170809,37.43682098388672,37.485634990292006,36.9835632676502,37.01842788168521,104526000
20170810,36.24437713623047,37.33646708946963,36.08336305219785,37.31313037326552,163217200
20170811,36.74842071533203,37.00277813104265,36.41939576959479,36.54307254536707,105028400
20170814,37.301483154296875,37.38549038726419,37.044793397817664,37.17780633363452,88490800
20170815,37.709842681884766,37.849852332322016,37.36914576718812,37.49049031278083,117862000
20170816,37.55815887451172,37.92218892894133,37.37147579102165,37.78917959090758,110686400
20170817,36.83710479736328,37.50216227298986,36.832436740362205,37.457824633190185,111762400
20170818,36.75310134887695,37.21980739775158,36.57108627467061,36.83710858010177,109712400
20170821,36.6854248046875,36.84410312737541,36.19538210568727,36.753095604496394,105474000
20170822,37.28514099121094,37.33647893460074,36.87444100477661,36.923443139395175,86418400
20170823,37.33179473876953,37.44613893792068,37.075108693473,37.11944631274962,77596400
20170824,37.16613006591797,37.509159230858835,36.99811563571494,37.43681681619273,79275600
20170825,37.303802490234375,37.46714884205031,37.166125105181194,37.25479680434788,101920400
20170828,37.679500579833984,37.80317735670186,37.32013504801597,37.36914073351239,103864000
20170829,38.015533447265625,38.06453557730498,37.33647544553584,37.359812166962804,118067600
20170830,38.118221282958984,38.24423036041858,37.94553874800299,38.223229440956125,109078400
20170831,38.269893646240234,38.39123820845164,38.14854908402883,38.18588642019916,107140400
20170901,38.28155517578125,38.489239175217016,38.18354735634138,38.45656990207039,66364400
20170905,37.82185363769531,38.32822920662865,37.46715609035932,38.21155270980482,117874000
20170906,37.78218078613281,38.03420242474273,37.45782029546227,37.968863877030955,86606800
20170907,37.6305046081543,37.85919311859263,37.42048832623305,37.82418803114955,87714000
20170908,37.01678466796875,37.604831618819254,36.99344794549903,37.53716082075135,114446000
20170911,37.68650436401367,37.81484920865944,37.31080594278718,37.453151395815446,126323200
20170912,37.537166595458984,38.260562375100164,37.04945964269492,37.94553437671477,286856000
20170913,37.254798889160156,37.327141298218734,36.84876701487914,37.30613682555857,179629600
20170914,36.93510055541992,37.19645469109048,36.89076293011516,37.10078269829304,95042800
20170915,37.30847930908203,37.562833228128845,36.869774523434856,36.979450719846646,196458400
20170918,37.02611541748047,37.4531517809566,36.86976935446195,37.362144264850784,113077600
20170919,37.04011535644531,37.282804435462985,36.97244456289605,37.22213038536672,83242400
20170920,36.419395446777344,36.930435399901846,35.896683573707314,36.84642819817065,211805600
20170921,35.79401397705078,36.35639552154219,35.64466821011986,36.35639552154219,150046800
20170922,35.44398880004883,35.53266408390223,35.1336288672463,35.36231382169076,186581600
20170925,35.13128662109375,35.42997810617242,34.80692616960909,35.00060954145725,177549200
20170926,35.73568344116211,35.91769852260745,35.39732225440781,35.41832317287811,146640000
20170927,35.99003219604492,36.10437644790088,35.829018056321864,35.88969211516487,102016800
20170928,35.768348693847656,36.00170170127656,35.63300352225677,35.91069417080666,88022000
20170929,35.964359283447266,35.96669509202945,35.46965211702339,35.75201078281373,105199200
20171002,35.89202117919922,36.041366943535415,35.63766728630668,35.99702930775556,74795200
20171003,36.04836654663086,36.190712003672466,35.91535720256329,35.93869036363075,64921200
20171004,35.81501388549805,35.90368915610887,35.57699641283298,35.85001896843151,80655200
20171005,36.26072311401367,36.27239147633922,35.94803094352074,35.97836441274606,85135200
20171006,36.23972702026367,36.28406466658974,36.0670444926476,36.16272009148967,69630400
20171009,36.36572265625,36.57340663808232,36.28405126064783,36.35872235264648,65051600
20171010,36.379722595214844,36.86976520256019,36.19304308830553,36.41705992087005,62468000
20171011,36.53140640258789,36.631746465717164,36.344723323460684,36.396061259237754,67622400
20171012,36.403053283691406,36.722745625033546,36.34004700217076,36.484728224947155,64500400
20171013,36.63408660888672,36.701757408227174,36.49874144952181,36.57341255359804,65576800
20171016,37.30847930908203,37.33648053006061,36.78809954800165,36.84643779882987,96486000
20171017,37.44615936279297,37.539499146415814,37.15680033646694,37.28514520946173,75989200
20171018,37.28047180175781,37.50215998724432,37.24313803007735,37.43448562724823,65496800
20171019,36.39839553833008,36.65508523154097,36.174378679422176,36.57807832357771,170336800
20171020,36.46139144897461,36.81142080688476,36.39372067314572,36.54539863730036,95896400
20171023,36.4427375793457,36.79743513630446,36.286391496642274,36.61075202418489,87937200
20171024,36.659751892089844,36.734422988654664,36.44973208909128,36.47073300118605,71028800
20171025,36.49872970581055,36.764751882227436,36.232707529393664,36.61540616144397,84828400
20171026,36.732093811035156,36.83010163635278,36.58508029271675,36.69008842265107,68002000
20171027,38.048194885253906,38.17653970530351,37.033108243850606,37.17078561413881,177816800
20171030,38.90460205078125,39.21962994088949,38.20454323781472,38.24421280993417,178803200
20171031,39.44599533081055,39.58834082408674,38.9559560954468,39.179973014274594,144187200
20171101,38.94427490234375,39.65600213426327,38.64558340184696,39.63966571812375,134551200
20171102,39.22897720336914,39.31998474075716,38.5685877148624,38.87661541721236,165573600
20171103,40.253387451171875,40.66408739781304,39.9313592121437,40.60341690726902,237594400
20171106,40.66175842285156,40.83444091693834,40.07137564423533,40.223053663145954,140105200
20171107,40.79242706298828,40.89510292677911,40.51007199824681,40.582410840276715,97446000
20171108,41.126136779785156,41.126136779785156,40.680431665114995,40.75743858759867,97638000
20171109,41.0421257019043,41.09346364541121,40.40273721684441,40.86244289963009,117930400
20171110,40.90629196166992,41.07256975543336,40.81261664659578,41.009336952342004,100582000
20171113,40.74236297607422,40.86648439063693,40.60887188485511,40.6322925030115,67928400
20171114,40.12643814086914,40.62760864959779,40.08896658030436,40.524563644787,99130000
20171115,39.597164154052734,39.887563376509604,39.433230550038594,39.805594787760256,116632400
20171116,40.070228576660156,40.25055373550721,39.88287437442496,40.08896078074791,94550000
20171117,39.84773635864258,40.138135499091156,39.72829981805053,40.056166933489614,87598000
20171120,39.80793762207031,39.94376935104812,39.70957745422116,39.88053653832911,65049600
20171121,40.547977447509766,40.67912431395637,39.995284529281854,39.995284529281854,100525200
20171122,40.97420883178711,40.983574933724654,40.526901527731404,40.599500431570824,102355600
20171124,40.976539611816406,41.10066098017988,40.90159652039823,41.00698568939045,56106800
20171127,40.770469665527344,41.00232094806405,40.594825729101515,40.99529547648582,82867200
20171128,40.531578063964844,40.953120461014755,40.2482044029864,40.81963298821119,105715200
20171129,39.69083786010742,40.49645847954459,39.147514569884194,40.42854440832334,166665600
20171130,40.24586868286133,40.31378274336815,39.44727365976507,39.9133131291183,166108800
20171201,40.05851745605469,40.20371526243537,39.461327511948554,39.80090498652369,159037200
20171204,39.76578140258789,40.4262006370724,39.72596921234276,40.393413917253795,130169600
20171205,39.728302001953125,40.16858378701708,39.437902845541025,39.59247031138055,109400800
20171206,39.58075714111328,39.85944597113231,38.98357087505363,39.227128788932774,114240000
20171207,39.65336990356445,39.9156636594759,39.557350377388154,39.58545225881169,102693200
20171208,39.66506576538086,40.04679955966901,39.53626312850785,39.92736302287491,93420800
20171211,40.43790054321289,40.489423028743204,39.5292351512967,39.625254653738054,141095200
20171212,40.21073913574219,40.37233208080657,40.15453537988255,40.316124751462965,77636800
20171213,40.3442268371582,40.641647883060315,40.28099404360734,40.39808995652481,95273600
20171214,40.33252716064453,40.54564263595612,40.19903606946542,40.37467998513186,81906000
20171215,40.74236297607422,40.78920063890238,40.388734512214285,40.66273859191788,160677200
20171218,41.316139221191406,41.498808637880366,40.95080038781348,40.95548522691672,117684400
20171219,40.87582778930664,41.07489221261165,40.7704422131086,40.99058303695669,109745600
20171220,40.83134841918945,41.08193182784955,40.57373596777827,40.953125602143956,93902400
20171221,40.98590850830078,41.222444529932275,40.772796671189994,40.78918824012919,83799600
20171222,40.98590850830078,41.081928010676265,40.86647196837164,40.90862478005833,65397600
20171226,39.946109771728516,40.15688102950606,39.73767557275851,39.99997290231888,132742000
20171227,39.95313262939453,39.995285448799734,39.744702017539055,39.83603669973451,85992800
20171228,40.0655403137207,40.24586903063577,39.92502378068592,40.046804537750475,65920800
20171229,39.632301330566406,39.95080251451719,39.629960697601966,39.93441093679521,103999600
20180102,40.341888427734375,40.351258103264755,39.63931284929152,39.85008766691489,102223600
20180103,40.33486557006836,40.87819243452449,40.27163633682215,40.40512384715967,118071600
20180104,40.522216796875,40.625261785880404,40.299735247059225,40.407461500303675,89738400
20180105,40.98357009887695,41.07021993214265,40.52689674675764,40.618231417181505,94640000
20180108,40.83134841918945,41.126428848864556,40.73298470248056,40.83134841918945,82271200
20180109,40.826663970947266,40.99762301388554,40.61120790656991,40.87818646172054,86336000
20180110,40.817298889160156,40.81964309485793,40.515192953344034,40.55266450966543,95839600
20180111,41.04914855957031,41.09833042205364,40.86413856419507,40.88755560589044,74670800
20180112,41.47304153442383,41.53627434620208,41.13580463625278,41.25992605384564,101672400
20180116,41.26226043701172,42.01167360260789,41.25055013043537,41.662726478142304,118263600
20180117,41.94376754760742,41.97889490055717,40.99997454785581,41.252898636063065,137547200
20180118,41.981231689453125,42.17795556841482,41.7446991964493,42.006992937085954,124773600
20180119,41.793880462646484,42.056174199536976,41.54797829756957,41.82900781187855,129700400
20180122,41.451961517333984,41.63463089237908,41.358286197536025,41.52221979392465,108434400
20180123,41.46131896972656,42.02338149170278,41.4098000560253,41.52221113102708,130756400
20180124,40.800907135009766,41.52221851030546,40.5620304313799,41.510508202321624,204420400
20180125,40.07256317138672,40.97185891844492,39.93673148456798,40.86881394406632,166116000
20180126,40.16623306274414,40.28098832757314,39.826655678167626,40.28098832757314,156572000
20180129,39.33486557006836,39.850086936789836,39.126434961888506,39.850086936789836,202561600
20180130,39.103004455566406,39.19667974455292,38.57138807818574,38.76576769764181,184192800
20180131,39.21073913574219,39.44727518768578,38.99294243381661,39.07959227348799,129915600
20180201,39.29270553588867,39.48942581837823,39.05382886516062,39.14984837452473,188923200
20180202,37.587791442871094,39.063200793643205,37.49411613346626,38.875846601349544,346375200
20180205,36.648677825927734,38.379355167982396,36.53392255197071,37.25991859617889,290954000
20180206,38.18029022216797,38.34188314165611,36.06553847904792,36.2599181087595,272975200
20180207,37.362972259521484,38.26695309063286,37.25290535970743,38.194354177070885,206434400
20180208,36.334869384765625,37.7048933359953,36.30676750219174,37.5386155259692,217562000
20180209,36.7792854309082,37.127301440275964,35.328431147610246,36.934483068564454,282690400
20180212,38.26071548461914,38.53818682737063,37.03794995477904,37.27074644509429,243278000
20180213,38.64399719238281,38.74040817400925,38.01145216920126,38.081996877417026,130196800
20180214,39.35650634765625,39.3964808604744,38.3006998452042,38.33832059440969,162579600
20180215,40.678035736083984,40.70154825718873,39.73979895428035,39.92556329964218,204588800
20180216,40.54634094238281,41.108344960877716,40.391146858083566,40.52988254031404,160704400
20180220,40.40995788574219,40.97665865050468,40.30884294882415,40.456986503540875,135722000
20180221,40.22653579711914,40.94373014961663,40.21242398532644,40.64039257505093,149886400
20180222,40.562801361083984,40.903763321580946,40.37703706692749,40.39819940650478,123967600
20180223,41.26824188232422,41.30351244871162,40.807352815892024,40.83792303213014,135249600
20180226,42.08420181274414,42.18296298826137,41.43519826446505,41.46811865630413,152648800
20180227,41.94781494140625,42.439270627879786,41.89373221115718,42.11477065833186,155712400
20180228,41.88432693481445,42.472193655045075,41.86786853243593,42.15239401571747,151128400
20180301,41.150665283203125,42.27466602503721,40.60042296283479,41.9830828764742,195208000
20180302,41.43519973754883,41.45636207847196,40.55104588863155,40.633348665182034,153816000
20180305,41.57863235473633,41.79496684206314,41.037794342392736,41.200046104901126,113605600
20180306,41.543357849121094,41.91488998332649,41.41638023801315,41.83494098418248,95154000
20180307,41.157718658447266,41.35054063744195,40.979008492690134,41.136556320670735,126814000
20180308,41.60686492919922,41.64918962031567,41.1671416716795,41.26354910857402,95096400
20180309,42.32169723510742,42.32640117322609,41.71266821269217,41.84670353867306,128740800
20180312,42.73085021972656,42.88839804722147,42.37578006415326,42.39458863897228,128828400
20180313,42.31935119628906,43.14941874671563,42.14769511274194,42.93543439207039,126774000
20180314,41.9595832824707,42.44868891385226,41.811439693661825,42.40166028523092,117473600
20180315,42.00896072387695,42.38284674121502,41.87257878171579,41.973690150568764,90975200
20180316,41.86082077026367,42.11948001357857,41.766759927922955,42.00896076636214,157618800
20180319,41.22121810913086,41.731486028476525,40.83557765640605,41.696215457943815,133787200
20180320,41.207115173339844,41.57394350620936,41.13657043516007,41.207115173339844,78597600
20180321,40.27356719970703,41.17182552464226,40.2712134368852,41.16006747469234,148219600
20180322,39.70451354980469,40.60512206776271,39.64572688691664,39.974930763868414,165963200
20180323,38.78508758544922,39.95611685432764,38.78508758544922,39.59634278022612,164115200
20180326,40.62628936767578,40.70388819587947,39.137810582430205,39.52110078560363,150164800
20180327,39.584590911865234,41.18593921489509,39.2506830596845,40.8402733112041,163690400
20180328,39.147220611572266,39.97964191762341,38.84388295506285,39.3282845706032,166674000
20180329,39.45290756225586,40.386440118710794,39.24597734680386,39.45996167523232,153594000
20180402,39.194252014160156,39.7256858766554,38.67457979286387,39.184847724476676,150347200
20180403,39.596351623535156,39.681004576821195,38.77098802003664,39.41999160319373,121112000
20180404,40.35352325439453,40.44758049433387,38.74512077027734,38.770987049468715,138422000
20180405,40.633358001708984,40.96961612270819,40.46405205931421,40.58162543108533,107732800
20180406,39.59400177001953,40.55810106955422,39.55167349900567,40.20303085074771,140021200
20180409,39.986690521240234,40.70153479373485,39.9396619065326,39.94671601933608,116070800
20180410,40.73917007446289,40.91553011807529,40.33471742073413,40.68038339325876,113634400
20180411,40.548683166503906,40.89669915463956,40.37467337840977,40.4993007982432,89726400
20180412,40.94844436645508,41.15067066294944,40.68978157278076,40.77678828777325,91557200
20180413,41.087181091308594,41.34819406678015,40.88025443918927,41.09893914369185,100497200
20180416,41.343502044677734,41.43050519134326,41.11070547758743,41.15773410854029,86313600
20180417,41.912540435791016,42.07714237415471,41.48222163317746,41.50103379585519,106421600
20180418,41.818477630615234,42.04892392140155,41.59273886534057,41.81142351845371,83018000
20180419,40.633358001708984,41.24238720635028,40.600437601135255,40.859096866198975,139235200
20180420,38.96849822998047,40.261804642520595,38.900303700737034,40.11601488601111,261964400
20180423,38.85564422607422,39.25068898244387,38.585223352747136,39.22952663936423,146062000
20180424,38.31480407714844,39.111951250892595,37.910351463939506,38.956753566929045,134768000
20180425,38.48175048828125,38.897961092108815,38.190170918548375,38.23954970914032,113528400
20180426,38.61578369140625,38.97085384618492,38.415907600882896,38.59226759085532,111852000
20180427,38.16901397705078,38.64165755124664,37.77161548089102,38.56405870986155,142623200
20180430,38.8603401184082,39.33063349139752,38.05613888116291,38.12433342955642,169709600
20180501,39.763309478759766,39.786821996562225,38.862697162878376,39.13076426459355,214277600
20180502,41.51985168457031,41.797323049213546,40.86849436573064,41.204752401329166,266157600
20180503,41.59510040283203,41.73854003605556,41.01899169459304,41.357603523058685,136272800
20180504,43.22702407836914,43.32578527502384,41.8960927170644,41.91490488614925,224805200
20180507,43.53976058959961,44.12997747093147,43.4433495886489,43.544460939850644,169805600
20180508,43.74904251098633,43.7890170178285,43.18939223908844,43.49978759299765,113611200
20180509,44.057090759277344,44.066495049580375,43.553876908789505,43.86662248516598,92844800
20180510,44.68727493286133,44.76487377033595,44.12527449301821,44.14644042182307,111957200
20180511,44.51731491088867,44.86431373655376,44.24821414832079,44.72976515621455,104848800
20180514,44.413455963134766,44.739210882507365,44.34500204625422,44.61646207780481,83115200
20180515,44.00980758666992,44.1585224188313,43.69349681524123,44.090064898484975,94780800
20180516,44.420528411865234,44.48662667958038,43.905933713378666,43.92245918077974,76732400
20180517,44.139644622802734,44.59286690401592,43.99092976735025,44.37805735767134,69176000
20180518,43.9791145324707,44.33319468202338,43.93662664343136,44.186842706146265,73190800
20180521,44.290714263916016,44.67784181531848,44.12075547531102,44.37805289626659,73603200
20180522,44.17976760864258,44.58577985875149,44.09006613886106,44.46775312562425,60962800
20180523,44.4630126953125,44.49606002287198,43.84927249562091,43.98854672066096,80233600
20180524,44.413455963134766,44.576333422821065,43.955515287613835,44.55981155401122,92936000
20180525,44.514957427978516,44.76753273171379,44.29542585934396,44.43233728455796,69844000
20180529,44.35444259643555,44.555089473229884,44.11130782679905,44.2836294416986,90056400
20180530,44.26001739501953,44.37804410807291,44.0900586400715,44.311949436914176,74762000
20180531,44.111297607421875,44.43233037478441,43.938979634333535,44.193917737993985,109931200
20180601,44.90680694580078,44.91152542115865,44.31903259368366,44.37568671498433,93770000
20180604,45.282135009765625,45.657459141289145,45.168830359131896,45.23728427671126,105064800
20180605,45.63148498535156,45.78019978910631,45.40723496193152,45.57483447107491,86264000
20180606,45.78965377807617,45.81326056721183,45.30338417776038,45.70703721988202,83734400
20180607,45.66691207885742,45.84158936511637,45.40252970734857,45.82742673129976,85388800
20180608,45.25143814086914,45.32225488450402,44.79585678682235,45.12633012126618,106627200
20180611,45.14048767089844,45.31516847195939,44.89971581227377,45.168816526298656,73234000
20180612,45.38835906982422,45.466257143969734,45.1216175070129,45.17827163417962,67644400
20180613,45.015384674072266,45.52998298208297,44.95401208400588,45.42139682839254,86553600
20180614,45.03899383544922,45.22075597971517,44.90208241786221,45.21603390272544,86440400
20180615,44.57633590698242,44.887928212771115,44.439424463701634,44.857240109412814,246876800
20180618,44.55272674560547,44.666031386199435,44.18920243761086,44.34972064685109,73939600
20180619,43.832763671875,43.98383772878582,43.304002671742296,43.70293356002438,134314000
20180620,44.02397537231445,44.18921209301209,43.84221317860187,43.98856878998295,82514800
20180621,43.77846908569336,44.46066332896541,43.655720298126006,44.20100312485936,102847600
20180622,43.651004791259766,43.94134953454159,43.599072742622056,43.93426821899007,108801600
20180625,43.001853942871094,43.651000890949916,42.66193641921112,43.29219866020999,126652400
20180626,43.53532791137695,44.03104150441041,43.08918711840249,43.195414032544754,98276800
20180627,43.471595764160156,44.20808123235867,43.44090766902219,43.7241710335686,101141200
20180628,43.78791427612305,43.95551380777959,43.3866241379058,43.45744089215349,69460800
20180629,43.695858001708984,44.1868496518272,43.176541087778794,43.97439936756705,90950800
20180702,44.184486389160156,44.21281525459119,43.296926646605975,43.39135019489264,70925200
20180703,43.41494369506836,44.36623867025453,43.325242244680126,44.32846925936588,55819200
20180705,43.764320373535156,44.0027367296214,43.499941588535,43.73127302541014,66416800
20180706,44.37095260620117,44.47953514022247,43.717083757479784,43.769015787451224,69940800
20180709,44.98706817626953,45.01067136078783,44.68492004007203,44.73213001099853,79026400
20180710,44.932769775390625,45.15229772629047,44.89263752447302,45.01774915035912,63756400
20180711,44.34971237182617,44.798212375165356,44.2859769475575,44.496064322031586,75326000
20180712,45.09328079223633,45.18298223699675,44.68726865537942,44.739200691620816,72164400
20180713,45.164093017578125,45.28447894307208,45.06258819256705,45.10507967337524,50055600
20180716,45.06496047973633,45.475691136292276,44.94929300416823,45.20895321385602,60172400
20180717,45.19242477416992,45.29156677447239,44.6613045999065,44.7911346962154,62138000
20180718,44.94456100463867,45.27503788963505,44.83361563061922,45.27031581362247,65573600
20180719,45.29393768310547,45.45209306427996,44.7769800450885,44.7769800450885,81147200
20180720,45.1900749206543,45.42376554064797,44.89028601817752,45.270332232533136,82704800
20180723,45.23019790649414,45.31281804782322,44.74628765418702,45.01066634341688,63957600
20180724,45.55831527709961,45.71411141659401,45.334065222797534,45.42848516085427,74791600
20180725,45.98793411254883,45.99501542778287,45.42376291837853,45.57247774207294,66839600
20180726,45.843929290771484,46.257022712765185,45.70229581961813,45.93834920361453,76304000
20180727,45.08148956298828,46.07527623163018,44.87376496387609,46.02806625919059,96096000
20180730,44.82890701293945,45.36946777385099,44.6306229994785,45.29865102564653,84118000
20180731,44.91861343383789,45.3553137961586,44.694363356655685,44.92097627375873,157492000
20180801,47.564762115478516,47.626134705399025,46.57569775126629,47.00531668637743,271742800
20180802,48.95512008666992,49.18881427610502,47.29330554524424,47.347596824930974,249616000
20180803,49.09675598144531,49.27379606036052,48.5042595454664,48.870143095602415,133789600
20180806,49.3516845703125,49.39417245211731,48.87957778462918,49.099105711065235,101701600
20180807,48.88902282714844,49.45319034379685,48.80640269130763,49.4107024580885,102349600
20180808,48.92207717895508,49.05426653375146,48.27765227337783,48.638813761264295,90102000
20180809,49.30683898925781,49.519285624205786,48.91026737496181,49.46027226984365,93970400
20180810,49.15998458862305,49.531890030325954,48.95626649003601,49.11971519424824,98444800
20180813,49.47739791870117,49.9701114758063,49.200247220552406,49.5816262731206,103563600
20180814,49.68585205078125,49.8777253230472,49.33289761698768,49.7829742500463,82992000
20180815,49.80192565917969,49.92036630881333,49.349481510093966,49.56030572186097,115230400
20180816,50.531532287597656,50.64760183803272,50.09330033587092,50.15962682598314,114001600
20180817,51.540626525878906,51.628271438053176,50.49361175911019,50.55993822473201,141708000
20180820,51.03844451904297,51.919639595681524,50.95553462143338,51.66381098233199,121150800
20180821,50.938961029052734,51.44825807142593,50.699712180328966,51.3558744947383,104639200
20180822,50.94131851196289,51.25163240145471,50.65469058107239,50.71628202538283,76072400
20180823,51.0455436706543,51.41507785541182,50.83471949527232,50.84656066657465,75532800
20180824,51.20425796508789,51.379547797668636,50.955531900064415,51.30848630582317,73905600
20180827,51.62592315673828,51.81542896389871,51.24454403009237,51.4387848619029,82100400
20180828,52.042816162109375,52.241795568558736,51.85804905404619,51.87936750162545,91107200
20180829,52.81978988647461,52.940601659622544,51.97412554704755,52.14941539118895,109019200
20180830,53.30540084838867,54.070526466879734,52.682401847046464,52.883752406159765,195175200
20180831,53.92128372192383,54.215014178392295,53.53516610179944,53.65597424619973,173360400
20180904,54.094200134277344,54.28844087161014,53.6843966009667,54.106044919186616,109560400
20180905,53.74125671386719,54.40452504393614,53.32197943607939,54.24344750288081,133332000
20180906,52.84822463989258,53.8549702632671,52.42183753532365,53.58966072346746,137160000
20180907,52.42184829711914,53.38595360069898,52.2820891552563,52.55213377450098,150479200
20180910,51.71830368041992,52.55212701387265,51.2777042410155,52.338931637986526,158066000
20180911,53.02587890625,53.13247476524067,51.29901225541865,51.64248940750935,142996000
20180912,52.36735153198242,53.29829332034055,52.07598492604216,53.284081020445285,197114800
20180913,53.63230514526367,54.09185552394453,52.72268166565012,52.94771821611647,166825600
20180914,53.02350997924805,53.734153888023066,52.710828538938394,53.47595413532005,127997200
20180917,51.6116943359375,52.812680543493926,51.46719661085651,52.62317479698291,148780400
20180918,51.69697952270508,52.552121215029416,51.43166999184598,51.59038003926348,126286800
20180919,51.72776794433594,52.02386956716063,51.00054423822981,51.75856366975667,108495200
20180920,52.120994567871094,52.6539775175976,51.912537857553254,52.17074123356856,106435200
20180921,51.5595817565918,52.43604179491919,51.47193322259395,52.29865021482136,384986800
20180924,52.30101776123047,52.41235225527132,51.315594354443164,51.36060237729222,110773600
20180925,52.63264846801758,52.781884820535055,52.0428128212058,52.054657607274386,98217600
20180926,52.213375091552734,53.00219024491804,52.057032567926086,52.350766677662065,95938800
20180927,53.28645706176758,53.639411561925016,52.95245350267789,53.018783603676255,120724800
20180928,53.473594665527344,53.49728063066893,53.066158474059385,53.24855450228685,91717600
20181001,53.83363342285156,54.34529780791127,53.61807422498351,53.997082069289064,94403200
20181002,54.31214141845703,54.482696234962994,53.684407451123704,53.831272693023216,99152800
20181003,54.97304916381836,55.30468156297177,54.43058892185491,54.49454788973524,114619200
20181004,54.00657272338867,55.03937540931181,53.708099950899324,54.66747000693128,128168000
20181005,53.13010025024414,54.106053573442246,52.25127273302901,53.99945772125052,134322000
20181008,53.00695037841797,53.250937924298086,52.16128206956349,52.63741598328006,118655600
20181009,53.74125671386719,53.836011397889386,52.64686631869246,52.97613116481118,107564000
20181010,51.25162124633789,53.61806595118221,51.17818864597037,53.40724180855392,167962400
20181011,50.7991943359375,51.99544563029046,50.294639622092426,50.81577776199736,212497600
20181012,52.613704681396484,52.79610429097438,51.36533924220412,52.21337471372891,161351600
20181015,51.48851776123047,52.54737742537575,51.46719931244083,52.38866739351679,123164000
20181016,52.62317657470703,52.82215960325249,51.34638657960489,51.86041853976065,116736000
20181017,52.395774841308594,52.7392520002313,51.95754299454812,52.65871322646053,91541600
20181018,51.17110061645508,52.05229936190943,50.45571806191486,51.60696135100703,130325200
20181019,51.95044708251953,52.412364981377124,51.505108998224785,51.6543454019028,132314800
20181022,52.26786422729492,52.90981422454677,51.862799175510744,52.06414613810099,115168400
20181023,52.760562896728516,52.883742166023275,50.85840663676069,51.12608362161625,155071200
20181024,50.950801849365234,53.115896952503974,50.82051640148863,52.72978286182504,163702000
20181025,52.06651306152344,52.440785967945864,51.34402433755995,51.57143198729936,119423200
20181026,51.237430572509766,52.158898768728534,50.37755021866404,51.14267587517956,189033600
20181029,50.275691986083984,52.04045707359315,48.81886971884143,51.92201641517613,183742000
20181030,50.52678298950195,50.9721173842347,49.57215162121228,50.017486015945025,146640000
20181031,51.843849182128906,52.22048963772543,51.31323368989243,51.37482515035734,153435600
20181101,52.63976287841797,52.67292611590215,51.35823417541894,51.888849589687624,233292800
20181102,49.14812088012695,50.609677763112934,48.66251359331781,49.63846680401569,365314800
20181105,47.75291061401367,48.416179118793266,46.94277682846611,48.394860664718415,264654800
20181106,48.269309997558594,48.49434653988562,47.77659639362491,47.83107808787786,127531600
20181107,49.73322296142578,49.75928004625563,48.35457582053014,48.79043649902817,133697600
20181108,49.55970001220703,49.94716125572578,49.14608713874183,49.9138823091573,101450400
20181109,48.604103088378906,48.970171421081744,48.07639160237508,48.86082788917528,137463200
20181112,46.155731201171875,47.505913628533506,46.06540106061656,47.30386051217571,204542000
20181113,45.694576263427734,46.871229325293164,45.50916444166148,45.55195373821801,187531600
20181114,44.40381622314453,46.22941032271207,44.197007977877064,46.091539368244774,243204000
20181115,45.49964141845703,45.632757178468225,44.42757714175435,44.78176299595961,185915200
20181116,46.00359344482422,46.34589328098323,45.03612451761562,45.28333905087855,147713200
20181119,44.18037796020508,45.33088300072915,43.97357330630078,45.16448824315479,167701200
20181120,42.06953811645508,43.13684776612056,41.72010725489707,42.39995191302161,271300800
20181121,42.02198028564453,42.85158172835993,41.96730851284689,42.72321749832553,124496800
20181123,40.95467758178711,41.97920130450926,40.90951614402539,41.58460546368542,94496000
20181126,41.50852584838867,41.586969840585304,40.47211992069228,41.41819937048268,179994000
20181127,41.418209075927734,41.54419392188072,40.61951070937927,40.769264159453,165549600
20181128,43.0108528137207,43.094048373052914,41.58222651798475,42.0101013122745,184250000
20181129,42.680450439453125,43.45300104691949,42.2406894120416,43.419722088914,167080000
20181130,42.449859619140625,42.865848271687376,42.081411801458295,42.85633792843457,158126000
20181203,43.933170318603516,43.96169410234924,43.07504476195522,43.84759534023209,163210000
20181204,42.00059509277344,43.35552893478612,41.90075824411287,43.01322909530219,165377200
20181206,41.53231430053711,41.54657619066629,40.51016985805119,40.828697494715655,172393600
20181207,40.0513916015625,41.47763851102162,40.00622653575494,41.23993069277843,169126400
20181210,40.31524658203125,40.431721089169876,38.824817577209345,39.221789190120006,248104000
20181211,40.08467102050781,40.83582497833246,39.69720611155068,40.8049254280497,189126800
20181212,40.19639205932617,40.86672619637411,40.17737499929975,40.505409310138816,142510800
20181213,40.63615798950195,41.02124718960734,40.30336843596308,40.52681440496808,127594400
20181214,39.33589172363281,40.19164138491191,39.28835088181369,40.172624322757514,162814800
20181217,38.969818115234375,40.018110405344245,38.68219007536979,39.3287555948616,177151600
20181218,39.47614288330078,39.82319429985514,39.0767918244386,39.3121238927217,135366000
20181219,38.244808197021484,39.8041708009938,37.81693342711854,39.45949521281454,196189200
20181220,37.279727935791016,38.534825274918376,36.91603516292652,38.128343196763346,259092000
20181221,35.82969665527344,37.59586754353606,35.56822024442438,37.286846669684195,382978400
20181224,34.902645111083984,36.02462648734003,34.845593919582576,35.216417596506616,148676800
20181226,37.36053466796875,37.37479655569509,34.876488871611976,35.25206763264957,234330000
20181227,37.11806869506836,37.26544998630561,35.672808572906234,37.04437986301618,212468400
20181228,37.1370964050293,37.68144941294603,36.73774895789092,37.43898639024977,169165600
20181231,37.496036529541016,37.88112207522634,37.196522325444576,37.68382412991746,140014000
20190102,37.538818359375,37.759888517261295,36.66167592649953,36.81856395762742,148158800
20190103,33.79966735839844,34.63877547055248,33.75450230314456,34.22516265768987,365248800
20190104,35.24256134033203,35.311498641777554,34.18238645663675,34.35591215580835,234428400
20190107,35.16411590576172,35.37805511903299,34.68156932360782,35.347151941896,219111200
20190108,35.834449768066406,36.088798847410885,35.304362405668385,35.55157691426575,164101200
20190109,36.44298553466797,36.73298936707537,35.56822249255178,35.96281471962946,180396400
20190110,36.55945587158203,36.59986575735891,35.86059444514393,36.25043504413987,143122800
20190111,36.20052719116211,36.53569613305001,36.01511535674199,36.340777580487256,108092800
20190114,35.65617752075195,35.95806750602516,35.47076568781476,35.85823064422313,129756800
20190115,36.38594055175781,36.46200517390876,35.66806186445189,35.72035787905168,114843600
20190116,36.83045196533203,37.053897907115854,36.369298192226466,36.388315253988246,122278800
20190117,37.049137115478516,37.47701187238664,36.43109539692976,36.65454130482251,119284800
20190118,37.27733612060547,37.52930578922707,37.07765882707049,37.43897567136917,135004000
20190122,36.440608978271484,37.2559450474709,36.278965777015756,37.17988043233495,121576000
20190123,36.587989807128906,36.87799365821248,36.0602781192315,36.64266159399864,92522400
20190124,36.2979850769043,36.72110472601421,36.06978759028488,36.63315398920607,101766000
20190125,37.50079345703125,37.58874783817731,36.68308140504096,36.9588197863806,134142000
20190128,37.15372848510742,37.16085942867184,36.526180061507155,37.032495190246195,104768400
20190129,36.76864242553711,37.58873727432573,36.633150859519866,37.14184542943609,166348800
20190130,39.281227111816406,39.49516275264576,38.08793254038629,38.80581135252059,244439200
20190131,39.5640869140625,40.17261830328575,39.1171950882309,39.48564290460484,162958400
20190201,39.58311080932617,40.1678700686223,39.44286042612328,39.68770283999932,130672400
20190204,40.70746612548828,40.80492720687015,39.76376574470043,39.79466892346387,125982000
20190205,41.4039421081543,41.61788130053395,40.96894003396188,41.09016970398383,144406400
20190206,41.418209075927734,41.73436089051288,41.08779537344349,41.515666518949295,112958400
20190207,40.63378143310547,41.346905000195044,40.49115526883394,40.98083287122734,126966800
20190208,40.681522369384766,40.741204197762116,40.206453704132734,40.342530021324166,95280000
20190211,40.44756317138672,40.87250110070133,40.40459400749151,40.83430385989045,83973600
20190212,40.796104431152344,40.822364577465294,40.51201838722743,40.607511484133255,89134000
20190213,40.62660217285156,41.175675583367735,40.564534398430666,40.91546375180589,89960800
20190214,40.77461624145508,40.88442873981595,40.43562397349377,40.514404405459885,87342800
20190215,40.68391799926758,40.989488741760205,40.5239710983293,40.882062153690086,98507200
20190219,40.805660247802734,40.92741351587097,40.46189595684812,40.51441626019325,75891200
20190220,41.068260192871094,41.37622047276301,40.819985385123545,40.86773012014925,104457600
20190221,40.83668518066406,41.14941731354865,40.655253771464714,41.01334466732138,68998800
20190222,41.292659759521484,41.29982128682659,40.913084241593204,40.960828971190395,75652800
20190225,41.59345245361328,41.984965042203186,41.52660910746543,41.5767434384209,87493600
20190226,41.61732864379883,41.84889440507273,41.34040411487695,41.469318890580624,68280800
20190227,41.746238708496094,41.7772744208693,41.23536246985703,41.34995418814767,111341600
20190228,41.33562469482422,41.75578701475242,41.280718443538696,41.614938801907854,112861600
20190301,41.77011489868164,41.813084063086116,41.273561690323184,41.60539248308564,103544800
20190304,41.98019790649414,42.4337783274615,41.53138940887495,41.94200066357132,109744800
20190305,41.90380096435547,42.01600308218327,41.66745963565002,42.001680027599186,78949600
20190306,41.662689208984375,41.89425498024918,41.524226938549475,41.698496846730684,83241600
20190307,41.180458068847656,41.64358960039428,41.06586998808738,41.5075132948063,99185600
20190308,41.27833557128906,41.31653281099356,40.46427465819731,40.66003277966587,95997600
20190311,42.70831298828125,42.76083328628098,41.86083397800015,41.89425565466456,128044000
20190312,43.18815612792969,43.608314858828265,42.82051405104015,42.970913413648546,129870400
20190313,43.3791389465332,43.75871447631922,43.19054234110201,43.50805008474166,124130000
20190314,43.86136245727539,43.94969402855419,43.58205197474232,43.90194565805139,94318000
20190315,44.43191909790039,44.720780702397064,43.86375066246781,44.1287380824745,156171600
20190318,44.88551330566406,44.97384125151117,44.35314874059598,44.35553834520154,104879200
20190319,44.52980422973633,45.11707500703342,44.384180426933895,44.964289676444764,126585600
20190320,44.91893768310547,45.236445486064724,44.10010100332841,44.45819201742965,124140800
20190321,46.57330322265625,46.86932635513335,45.31282350160718,45.36295783215886,204136800
20190322,45.60885238647461,47.19400154727684,45.544394994118264,46.63299092298744,169630800
20190325,45.057395935058594,45.83087012477533,44.54651961316686,45.71866799234534,175381200
20190326,44.59187698364258,46.0457292118618,44.06429161696405,45.754481573825046,199202000
20190327,44.99293518066406,45.3008917993861,44.53457919508104,45.05977853422682,119393600
20190328,45.052616119384766,45.25314617612432,44.768530050992325,45.107522378153796,83121600
20190329,45.34625244140625,45.37728815780185,45.00964605534381,45.31760632946552,94256000
20190401,45.65420150756836,45.75923843979471,44.971441413308554,45.74969095238825,111448000
20190402,46.31787872314453,46.42291933375251,45.608858244230724,45.61840573488142,91062800
20190403,46.635379791259766,46.909914730827474,46.11017681396402,46.13405100118274,93087200
20190404,46.7165412902832,46.87887408970527,46.107786007072136,46.50168455596151,76457200
20190405,47.02927780151367,47.05315198843795,46.77383784364394,46.89797705880911,74106400
20190408,47.76933288574219,47.80036495686794,46.871715930873805,46.89081455147626,103526800
20190409,47.626094818115234,48.42583270446762,47.56163742923543,47.821852946309676,143072800
20190410,47.89347457885742,47.92212433476872,47.31097932542279,47.430342987431864,86781200
20190411,47.49479293823242,47.984184604276585,47.373043333440464,47.948376968364045,83603200
20190412,47.4756965637207,47.77888125198127,46.8406847198041,47.55447700914382,111042800
20190415,47.561641693115234,47.70965510465262,47.270394078957786,47.40647039627106,70146400
20190416,47.56642150878906,48.072522293435064,47.401699064773894,47.61655585193327,102785600
20190417,48.49267578125,48.55235760399355,47.41362740609359,47.635642038208694,115627200
20190418,48.666954040527344,48.73618336401421,48.347060289936984,48.490294503503264,96783200
20190422,48.826900482177734,48.92477956166057,48.30408704698256,48.42106474997594,77758000
20190423,49.53114700317383,49.59560440430232,48.67650269713452,48.80302789469298,93292000
20190424,49.454750061035156,49.76986821378847,49.42848991141491,49.50249479415661,70162400
20190425,49.00593948364258,49.59798216323231,48.96774224168466,49.37596752439472,74172800
20190426,48.77198791503906,48.93909629580391,48.25156050901197,48.91522210882772,74596400
20190429,48.84600067138672,49.170669996093025,48.66695516826244,48.795866327728284,88818800
20190430,47.90540313720703,48.557127595690886,47.53298916093055,48.47596119423354,186139600
20190501,50.256874084472656,51.400376291203976,49.94891381611676,50.10408875249977,259309200
20190502,49.92981719970703,50.76536281433166,49.68631795761022,50.09453963227768,127985200
20190503,50.55051040649414,50.5719949912171,50.18764385729484,50.34520476397623,83569600
20190506,49.769874572753906,49.85581656042896,48.581013445490704,48.76960644035786,129772400
20190507,48.42823791503906,49.516834217884124,47.94362161041892,49.14919564436537,155054800
20190508,48.43776321411133,49.02025835484054,48.16322830168545,48.19903593628389,105358000
20190509,47.91733932495117,48.146515470937004,46.94810716328086,47.84094484782978,139634400
20190510,47.2535285949707,47.65374175144033,46.196689560280035,47.31104511214,164834800
20190513,44.50717544555664,45.408245519270494,43.81939074079154,44.98407358813538,229722400
20190514,45.21173858642578,45.46096949743799,44.43288696152573,44.67253361534113,146118800
20190515,45.75334930419922,45.95225651173944,44.57908189122812,44.63899356855764,106178800
20190516,45.552032470703125,46.12478777769744,45.25486932916094,45.51129298187126,132125600
20190517,45.293212890625,45.748540023134815,44.75640312513268,44.79714261326525,131516400
20190520,43.87690353393555,44.17886064816322,43.203497043820846,43.979953493197925,154449200
20190521,44.71806335449219,45.05356717931072,44.26273255598997,44.387349829515756,113459200
20190522,43.8026123046875,44.50477885718109,43.74749460169806,44.253149155342534,118994400
20190523,43.0549201965332,43.26580677264261,42.611572408898915,43.08847058296319,146118800
20190524,42.88956069946289,43.64924013152873,42.805682910338874,43.18432505134615,94858800
20190528,42.71221923828125,43.27778544985154,42.63553421566566,42.877576003465414,111792800
20190529,42.50852584838867,42.98063006254145,42.1778122864475,42.27846344514311,113924800
20190530,42.7289924621582,42.9518620603252,42.33836730703267,42.64511468367893,84873600
20190531,41.954925537109375,42.654693062221305,41.93575337326457,42.23291277106822,108174400
20190603,41.53075408935547,42.637920146638415,40.80462522623916,42.081941968554716,161584400
20190604,43.05011749267578,43.095650934304736,41.82312800199585,42.04360244755758,123872000
20190605,43.745094299316406,44.33223146910396,43.40959047948128,44.16208075258354,119093600
20190606,44.38734436035156,44.4472560114527,43.651627529605385,43.87450077319446,90105200
20190607,45.568809509277344,45.992985108074826,44.51915965791637,44.696495840463484,122737600
20190610,46.15114212036133,46.819754517489294,45.9210797781299,45.96661321666547,104883600
20190611,46.685550689697266,46.970730711232996,46.395580369292325,46.69753375030367,107731600
20190612,46.5369758605957,46.96354653458816,46.345257840924276,46.47945935767915,73012800
20190613,46.52738571166992,47.160052586468986,46.39558300765433,46.65919207240241,86698400
20190614,46.189491271972656,46.39318870678023,45.60475292882197,45.9043112065248,75046000
20190617,46.465087890625,46.7215115562083,46.05289536835188,46.22783639546343,58676400
20190618,47.5578727722168,47.998821691765386,46.78142003490676,46.982722325563635,106204000
20190619,47.418888092041016,47.900580266155806,47.284686534361455,47.85264800408323,84496800
20190620,47.79991912841797,48.07551129426495,47.457222541008775,48.0179947858048,86056000
20190621,47.636959075927734,48.133029378756156,47.48598052172473,47.64175303263574,191202400
20190624,47.589027404785156,47.96766951247152,47.490771410564825,47.579439491988516,72881600
20190625,46.86769104003906,47.751983992638394,46.80058662252923,47.55307686003269,84281200
20190626,47.88139343261719,48.16657348373054,47.294259969175215,47.39491110661809,104270000
20190627,47.86700439453125,48.30555803065845,47.826264918831946,47.998807074910545,83598800
20190628,47.43085479736328,47.80949686547988,47.222363424791055,47.612984897575586,124442400
20190701,48.300777435302734,49.00533908963892,48.08509328129439,48.68900379311359,109012000
20190702,48.58356475830078,48.679425613175255,48.255250015060284,48.26723307900931,67740800
20190703,48.986167907714844,48.993357013988195,48.573975416695106,48.71536604902747,45448000
20190705,48.943031311035156,49.14673241375876,48.62430084723059,48.732144758506294,69062000
20190708,47.93413162231445,48.26484156563223,47.54830030784515,48.12345089713385,101354400
20190709,48.22649002075195,48.29119197920028,47.64414679769493,47.73760883883773,82312000
20190710,48.70338439941406,48.823207716402926,48.30317495947734,48.37267453109264,71588400
20190711,48.348716735839844,48.98138381228545,48.339132477784965,48.72256496418706,80767200
20190712,48.720149993896484,48.88790186699875,48.45653729565251,48.516448940097355,70380800
20190715,49.17789077758789,49.33605478787525,48.88791672141196,48.909484042353284,67789600
20190716,49.00773620605469,49.393567429544646,48.768089574240236,49.02930352530581,67467200
20190717,48.73213577270508,49.14911850100448,48.7129636066072,48.89988765516557,56430000
20190718,49.28573226928711,49.33845482627152,48.8160232134399,48.887917941756626,74162400
20190719,48.55001449584961,49.487033785576166,48.4948967896062,49.31688305319296,83717200
20190722,49.65958023071289,49.661975380848794,48.794455658342386,48.80403991560377,89111600
20190723,50.04780960083008,50.064586622926434,49.67635653161258,49.956746352951804,73420800
20190724,50.007057189941406,50.12208653775661,49.647587278391484,49.76741058224146,59966400
20190725,49.61164855957031,50.14366439422553,49.542148986036345,50.05978660733076,55638400
20190726,49.7841911315918,50.26108557444569,49.64040169408489,49.72188066887074,70475600
20190729,50.24909591674805,50.4791582552203,49.95193648142088,49.95673043716652,86693600
20190730,50.03342819213867,50.364141745221836,49.6811473177808,50.02863423517171,135742800
20190731,51.054317474365234,53.05057438127152,50.63733467006725,51.86432427022654,277125600
20190801,49.949546813964844,52.25015599273981,49.54454706892121,51.260414211398206,216071600
20190802,48.892704010009766,49.47024958006934,48.31994873947202,49.25456908663664,163448400
20190805,46.333274841308594,47.605797759220664,46.15114473357044,47.447633775242544,209572000
20190806,47.21038818359375,47.46681184418083,46.5010325186815,47.04503141655611,143299200
20190807,47.69927215576172,47.823889449526476,46.44831988764817,46.82935721987256,133457600
20190808,48.751304626464844,48.77527074843569,47.78313400034172,47.97724715546842,108038000
20190809,48.349586486816406,48.7753700310641,47.940636364989096,48.42415862155094,98478800
20190812,48.22690200805664,48.60457853933476,47.90696052090706,48.02002268819342,89927600
20190813,50.26923751831055,51.03180338880131,48.226905603803466,48.35680854512529,188874000
20190814,48.77296829223633,49.66062487459382,48.73447826245235,48.87159761707856,146189600
20190815,48.52999496459961,49.34788770864262,48.032039961696505,48.94375350681724,108909600
20190816,49.675045013427734,49.833813592722215,49.03516219671506,49.14100791624472,110481600
20190819,50.60120391845703,51.17372750673664,50.52422385951554,50.66615171375127,97654400
20190820,50.60361099243164,51.32287831702901,50.593990319832756,50.728701759885844,107537200
20190821,51.15207290649414,51.39503430979136,50.90189508225022,51.23626937835333,86141600
20190822,51.1087760925293,51.58507824401724,50.69742173173677,51.28438179246483,89014800
20190823,48.74650192260742,51.01014564047347,48.35198833377321,50.37988339602778,187272000
20190826,49.67264938354492,49.841038661740455,49.32865073537815,49.521097197863455,104174400
20190827,49.112152099609375,50.16819791599971,48.96059990979167,50.00221288345861,103493200
20190828,49.441715240478516,49.487421690431304,48.91008594619143,49.09772024659994,63755200
20190829,50.27885055541992,50.35342635813325,49.713543433301666,50.15616772556869,83962000
20190830,50.21390151977539,50.62525219652797,49.84344144801472,50.55549223711403,84573600
20190903,49.48261260986328,49.790525515438006,49.12658900103214,49.65821832852433,80092000
20190904,50.3221549987793,50.391914963036996,49.87231426530339,50.12970852858372,76752400
20190905,51.3060302734375,51.47201529946035,50.88024307676292,50.99811740539344,95654800
20190906,51.30122375488281,51.58027096935908,51.12080586682492,51.49126598584614,77449200
20190909,51.52012634277344,52.06619212190076,50.774401351657886,51.681299198955934,109237600
20190910,52.12873458862305,52.14797960143516,50.92835673818088,51.445553151541986,127111600
20190911,53.78617858886719,53.81504794626473,52.37651337789359,52.45830560814016,177158400
20190912,53.66590118408203,54.46695704558074,53.610574059650254,54.07725558292079,128906800
20190913,52.621891021728516,53.112626127501954,52.20572806564799,52.92258754185268,159053200
20190916,52.89850616455078,52.95383694179455,52.33560341720827,52.376497684773135,84632400
20190917,53.090972900390625,53.119842260186005,52.71089208682014,52.9129629229416,73274800
20190918,53.58892822265625,53.60817323904018,52.78787230990667,53.17757379749939,101360000
20190919,53.15351104736328,53.82706815074794,53.01157953501138,53.40609312582707,88242400
20190920,52.37651443481445,53.538406069355176,52.313970888644974,53.25455035526527,221652400
20190923,52.61465835571289,52.88408117997222,52.357260452056735,52.66998547056386,76662000
20190924,52.364479064941406,53.52156204892097,52.246608409698545,53.17034699206987,124763200
20190925,53.17034912109375,53.28341128066549,52.2345819095354,52.573768388250606,87613600
20190926,52.8961181640625,53.14870393718803,52.641128140556994,52.92257960068729,75334000
20190927,52.63872146606445,53.153513660739534,52.26826137037772,53.05247641965326,101408000
20190930,53.87759017944336,54.0243302013865,53.112616462729726,53.13907789851,103909600
20191001,54.02674102783203,54.89996484425893,53.93292386603001,54.14221112744345,139223200
20191002,52.67239761352539,53.78377052329629,52.42462036061147,53.658679771743714,138449200
20191003,53.119834899902344,53.15351275615426,51.75106404471548,52.54489975216936,114426000
20191004,54.608882904052734,54.72435299074208,53.85834569362794,54.27932074932847,138478800
20191007,54.62091064453125,55.311308550510645,54.327430602345274,54.43087209456384,122306000
20191008,53.98102569580078,54.86146578985083,53.96418860317499,54.32262009604962,111820000
20191009,54.61368942260742,54.79651153502603,54.27931513122723,54.61368942260742,74770400
20191010,55.349796295166016,55.433992769762874,54.67864343102517,54.830191946444145,113013600
20191011,56.82200622558594,57.16600118945812,55.88383113476842,56.03778756451031,166795600
20191014,56.7402229309082,57.283884526626984,56.45155503855571,56.506882164192184,96427600
20191015,56.607913970947266,57.16840893665815,56.502068230785376,56.8653082294218,87360000
20191016,56.3793830871582,56.588670322294504,56.097931637089864,56.13882591575506,73903200
20191017,56.59829330444336,56.80757687751156,56.174913986911356,56.552586852713226,67585200
20191018,56.8701171875,57.15156861487775,56.3601335292246,56.4323014089496,97433600
20191021,57.85639953613281,57.971869612391714,57.089025301514894,57.13713599798401,87247200
20191022,57.72409439086914,58.26294004892027,57.64230217153431,58.01276223205521,82293600
20191023,58.498695373535156,58.513131888167614,58.027205339327395,58.23889683993331,75828800
20191024,58.59490966796875,58.88838967775828,58.1691224946494,58.81862605034677,69275200
20191025,59.316585540771484,59.35266764688448,58.42652477407812,58.49388048589636,73477200
20191028,59.9107666015625,59.95887730359158,59.35026792992619,59.51865722233358,96572800
20191029,58.52515411376953,60.07915509588314,58.35195632288788,59.89152079103439,142839600
20191030,58.51792907714844,59.00866770266938,58.024789872236575,58.87876479036825,124522000
20191031,59.840999603271484,59.93962892278996,57.07459217991583,59.47535535189402,139162000
20191101,61.539344787597656,61.565802555862874,59.93723295148244,60.02864219164735,151125200
20191104,61.9434700012207,62.027666477233765,61.43348998590327,61.90257205302393,103272000
20191105,61.854469299316406,62.109459324596685,61.65961856945548,61.83522061369756,79897600
20191106,61.88092041015625,61.94105969910756,61.43107970339588,61.7678582532789,75864400
20191107,62.59511947631836,62.817099787210246,62.27662886805492,62.428636083965365,94940400
20191108,62.76641845703125,62.8387993222777,61.97260727293929,62.41656042739546,69986400
20191111,63.26346969604492,63.328612491580756,62.31765108754787,62.322474025388495,81821200
20191112,63.20553207397461,63.405798043990345,62.95460686895231,63.10660666375468,87388800
20191113,63.81117248535156,63.88596852115963,62.9908238787939,63.00530005583649,102734400
20191114,63.369606018066406,63.910069354647725,63.2393131196903,63.637422536842095,89182800
20191115,64.1224365234375,64.12725946222905,63.458917957965724,63.6205710850339,100206400
20191118,64.44573211669922,64.52535108245131,63.75326138561724,64.132064464607,86703200
20191119,64.25028228759766,64.66286792796207,64.03313233810385,64.63873851951571,76167200
20191120,63.50232696533203,64.19962061440714,62.82915536606073,64.06933503771958,106234400
20191121,63.21760177612305,63.700160452661194,63.01733580193353,63.62294929723244,121395200
20191122,63.162113189697266,63.499902835074955,62.935309992816094,63.35754889035371,65325200
20191125,64.26958465576172,64.28647597885696,63.34065760793023,63.38650127732471,84020400
20191126,63.767738342285156,64.46020908184904,63.3358461298195,64.40712731627637,105207600
20191127,64.62427520751953,64.65805785871959,64.01383860498274,64.07898139381598,65235600
20191129,64.48192596435547,64.66288553207583,64.15619726980609,64.32509581165056,46617600
20191202,63.73637008666992,64.72320199396488,63.5650637665916,64.4867455204349,94487200
20191203,62.59992980957031,62.61922891758323,61.83748618598635,62.32486781837209,114430400
20191204,63.1524543762207,63.531264720884785,62.89669885564452,62.99080133600854,67181600
20191205,64.0789794921875,64.15378288001588,63.39133909623157,63.64709466989342,74424400
20191206,65.3167495727539,65.38672266610301,64.49398586889878,64.53742176047683,106075600
20191209,64.40228271484375,65.33844034044579,63.91730889994311,65.14541981961794,128042400
20191210,64.77869415283203,65.16232750452161,64.14653595735392,64.80764650190102,90420400
20191211,65.33123016357422,65.41085650079509,64.7835284952276,64.85832453124478,78756800
20191212,65.49769592285156,65.76310470333209,64.49880315683109,64.60978960566402,137310400
20191213,66.38803100585938,66.42422144624238,65.36983155792407,65.49770935611971,133587600
20191216,67.5244369506836,67.74883234755957,66.82955859141919,66.83438152775894,128186000
20191217,67.65714263916016,67.98527901702172,67.26867906123083,67.4544688710819,114158400
20191218,67.49549102783203,68.01665536931156,67.34589899118984,67.50996720149017,116028400
20191219,67.56304168701172,67.84292661971328,67.30487837572159,67.43757907439164,98369200
20191220,67.42311096191406,68.19761571489019,67.21078392805164,68.09628249807736,275978000
20191223,68.5233383178711,68.58365815793964,67.6474930619539,67.68609864318917,98572000
20191224,68.58849334716797,68.73809276240259,68.26277204321963,68.68983393642199,48478800
20191226,69.94930267333984,69.96619399633411,68.69223922394772,68.72119157007391,93121200
20191227,69.92276000976562,70.92889824450315,69.51741242648437,70.24125055231326,146266000
20191230,70.33775329589844,70.62005337456992,68.81769633977586,69.84071842512762,144114400
20191231,70.85169219970703,70.85893028695814,69.85520712964954,69.95413256425645,100805600
20200102,72.46826171875,72.52858156247073,71.22325926076245,71.4765996590847,135480400
20200103,71.76372528076172,72.52375386627762,71.53933722124737,71.69616734789946,146322800
20200106,72.3355484008789,72.37415398165305,70.6345318765685,70.88546446996966,118387200
20200107,71.99535369873047,72.60095990158051,71.77578859164102,72.34520436217124,108872000
20200108,73.15348052978516,73.45507969178227,71.69856646684151,71.69856646684151,132079200
20200109,74.70732116699219,74.90034168837741,73.87973482074321,74.13066002589181,170108400
20200110,74.876220703125,75.44082088635776,74.3743628731269,74.94137084294664,140644800
20200113,76.4759292602539,76.50247382755806,75.07409630255636,75.19232823520623,121532000
20200114,75.4432373046875,76.62309704687446,75.3201898237738,76.41318515734736,161954400
20200115,75.11991882324219,76.12364189473249,74.6880266854858,75.2429736592525,121923600
20200116,76.06092071533203,76.17191454820045,75.30089202786714,75.66281115173265,108829200
20200117,76.90296936035156,76.90537714681764,76.00299474011516,76.30941686178534,137816400
20200121,76.38182830810547,76.97295847341564,76.24429727052916,76.53142037146344,110843200
20200122,76.65445709228516,77.20698153576836,76.56035460570881,76.86677674803076,101832400
20200123,77.02361297607422,77.1032319252794,76.15982874124028,76.70753760258107,104472000
20200124,76.80164337158203,78.01286327957854,76.61103058846822,77.26972598534742,146537600
20200127,74.54325866699219,75.223660842835,73.56124993820636,74.81107521306389,161940000
20200128,76.65204620361328,76.82335250031947,75.32500962430629,75.42393505290065,162234000
20200129,78.25654602050781,79.1034389225781,77.54236118317645,78.28309057876027,216229200
20200130,78.14315795898438,78.19623972141919,76.9078086113338,77.33970079826872,126743200
20200131,74.67839050292969,77.85603612229534,74.38402933624978,77.43379716634335,199588400
20200203,74.47329711914062,75.63867332859459,72.91945726436026,73.42131515382538,173788400
20200204,76.93194580078125,77.12255860741972,75.67246691320435,76.07781457826587,136616400
20200205,77.55925750732422,78.35789164403798,76.95605907395962,78.0587002140709,118826800
20200206,78.4664535522461,78.46886870193435,77.27212521509354,77.82947991175031,105425600
20200207,77.39987182617188,78.21491163843966,76.90891271007595,77.96580444910498,117684000
20200210,77.76751708984375,77.76751708984375,75.90526089218041,75.98506881434587,109348800
20200211,77.29830932617188,78.33585640766411,77.08064401597953,78.26330376451229,94323200
20200212,79.13399505615234,79.13882944016846,77.7481801290524,77.7481801290524,113730400
20200213,78.5704574584961,78.8969591321478,78.20284507837152,78.40599987113015,94747600
20200214,78.58980560302734,78.83891285274403,78.08191495757227,78.53901137196604,80113600
20200218,77.15079498291016,77.33218399932765,76.08906106405882,76.27045008047632,152531200
20200219,78.26812744140625,78.49788974785425,77.39262455702266,77.39262455702266,93984000
20200220,77.4651870727539,78.51724467318775,76.95971731481961,78.0287063254119,100566000
20200221,75.71178436279297,77.50149550977896,75.09506456264181,77.05890210716204,129554000
20200224,72.11542510986328,73.56653705998549,69.95085421270655,71.89292541072396,222195200
20200225,69.6727066040039,73.16747023858986,69.20109972929876,72.78534740458967,230673600
20200226,70.7779769897461,72.0428654399997,69.29058886204834,69.29784412586203,198054800
20200227,66.15135955810547,69.16967532004576,66.01592302206369,67.98460193931137,320605600
20200228,66.11268615722656,67.33404368409374,62.00362136219087,62.2188732727871,426510000
20200302,72.267822265625,72.90389444186317,67.16716258428185,68.27000752182956,341397200
20200303,69.9726333618164,73.52301950606079,69.12130946491573,73.44321158109558,319475600
20200304,73.21826934814453,73.37789254779408,70.89407525882817,71.69460475808327,219178400
20200305,70.84330749511719,72.44678042666858,70.4781085286997,71.47211693616212,187572800
20200306,69.90250396728516,70.33542124210555,68.01606076088595,68.20228419897296,226176800
20200309,64.37374877929688,67.25662042749718,63.6070747073531,63.78846370366684,286744800
20200310,69.01004791259766,69.27608658534605,65.14767122671621,67.02686596637837,285290000
20200311,66.6133041381836,68.0136294855381,65.74989060302927,67.08733944027128,255598800
20200312,60.03492736816406,65.30004700639003,59.979302435498994,61.89960811199781,418474000
20200313,67.22761535644531,67.69922981131083,61.176475967090425,64.06419375596272,370732000
20200316,58.57897186279297,62.65901004477626,58.044477343492844,58.51608798383502,322423600
20200317,61.154693603515625,62.30348685183075,57.6575122464136,59.860783996429895,324056000
20200318,59.65764236450195,60.46301010190362,57.347954640535384,57.98886476183712,300233600
20200319,59.20053482055664,61.149861434253346,58.67571640074359,59.83176871542281,271857200
20200320,55.4421501159668,60.905585546401824,55.14225232740792,59.78097160708233,401693200
20200323,54.26433563232422,55.263185639015276,51.420157253571155,55.16160823517076,336752800
20200324,59.70843505859375,59.90433462789209,56.665935838281996,57.16415046893441,287531200
20200325,59.3795051574707,62.45828014038061,59.08444541685393,60.644390107262105,303602000
20200326,62.50422286987305,62.56226498005051,59.58265066903737,59.621347869401106,252087200
20200327,59.916419982910156,61.88267437044843,59.74954150082475,61.12809725879501,204216800
20200330,61.626312255859375,61.798028812791074,60.317891949823974,60.64197645935922,167976400
20200331,61.50054168701172,63.483727291886396,60.946702246706586,61.81737089780695,197002000
20200401,58.26456832885742,60.15343192722889,57.83407204839957,59.61652017243426,176218400
20200402,59.236812591552734,59.29002033037774,57.294741195546685,58.12671272222617,165934000
20200403,58.38549041748047,59.423033841940786,57.79537096509543,58.72166453956951,129880000
20200406,63.478904724121094,63.63368619049375,60.313062431640056,60.68067487242126,201820400
20200407,62.74366760253906,65.71119660334946,62.63967300560569,65.49352388136515,202887200
20200408,64.34955596923828,64.66396058058191,63.17899331030437,63.54418476916798,168895200
20200409,64.81391143798828,65.31696770263731,64.01822371729881,64.98563166236876,161834800
20200413,66.0860595703125,66.19489592354667,64.29151446730144,64.89131008954301,131022800
20200414,69.42361450195312,69.71383985781922,67.24694647516952,67.71856083326759,194994800
20200415,68.78996276855469,69.24948009360917,67.87092811844572,68.2990035025,131154400
20200416,69.3365478515625,69.70174671960459,68.28691109689659,69.50342631571836,157125200
20200417,68.39574432373047,69.3994360529156,66.95914281806782,68.85284815768563,215250000
20200420,66.97608184814453,68.12487900696708,66.95673693299449,67.22277564592211,130015200
20200421,64.90582275390625,67.05346978399236,64.19477725392538,66.81887303902265,180991600
20200422,66.77534484863281,67.21067553657838,65.8321234375921,66.1731282940646,116862400
20200423,66.51654052734375,68.14178590248335,66.47784333022904,66.71969527664425,124814400
20200424,68.43685913085938,68.44653527723898,66.99300242947831,67.04137578063921,126161200
20200427,68.4852294921875,68.81656552903699,67.7064658092128,68.1538860746012,117087600
20200428,67.37513732910156,69.1285646001926,67.28323975471295,68.94717557214871,112004800
20200429,69.58808135986328,70.05727484881541,68.65937052894684,68.86252533126566,137280800
20200430,71.0561294555664,71.23268410942524,69.73804020932337,70.1274184677146,183064000
20200501,69.91217041015625,72.31375937660403,69.13340655240944,69.23014589148127,240616800
20200504,70.9013442993164,71.02952558414289,69.24707724616884,69.93635703016494,133568000
20200505,71.96549987792969,72.79747157206963,71.21575700020902,71.36086971537097,147751200
20200506,72.70796966552734,73.33919985774601,72.28230777359485,72.66685157702763,142333600
20200507,73.46014404296875,73.80599810613609,73.03206854392603,73.33438362592382,115215200
20200508,75.20858764648438,75.26193940487305,73.79234971555809,74.11973516927421,133838400
20200511,76.39204406738281,76.88675244657776,74.50776212066847,74.71632174778293,145946400
20200512,75.5190200805664,77.52697546648025,75.39776671813026,77.07590910984447,162301200
20200513,74.607177734375,76.61998759486177,73.53044749592581,75.6984577813938,200622400
20200514,75.06552124023438,75.12614791139806,73.12304032792042,73.84571291244961,158929200
20200515,74.62173461914062,74.6678114842192,72.80293436830361,72.83688885866347,166348400
20200518,76.3799057006836,76.75336807886046,75.25467849728416,75.94582405017557,135178400
20200519,75.93853759765625,77.24321718664922,75.90701054835078,76.39687132782922,101729600
20200520,77.4154281616211,77.48574978669299,76.75822957715101,76.79703154307944,111504800
20200521,76.83824157714844,77.8179706179206,76.60058237100931,77.27717806754521,102688800
20200522,77.33296203613281,77.41541342276373,76.47448628011443,76.57633494565745,81803200
20200526,76.80915069580078,78.6303710026143,76.75337148985957,78.45091841064635,125522000
20200527,77.14381408691406,77.28931960837535,75.92643293881503,76.66608292261066,112945200
20200528,77.1777572631836,78.43636762804827,76.54239089339562,76.81884468298037,133560800
20200529,77.10258483886719,77.88102931454405,76.74609967511876,77.42026804049199,153532400
20200601,78.05076599121094,78.17201931498144,76.92553159427727,77.05648725614977,80791200
20200602,78.41211700439453,78.43636915500637,77.34266154865261,77.7840255273494,87642800
20200603,78.84376525878906,79.10567659978926,78.15989469149704,78.73221426577138,104491200
20200604,78.16476440429688,78.965033585586,77.79130199936047,78.6667550692759,87560400
20200605,80.3909683227539,80.45159499569716,78.38544064604918,78.41454026494723,137250400
20200608,80.86628723144531,80.90024172394006,79.3772998475136,80.08784274734353,95654400
20200609,83.41989135742188,83.81275109320447,80.51466534056526,80.54619240096828,147712400
20200610,85.56605529785156,86.0340914097843,83.92913522287401,84.36807171758845,166651600
20200611,81.45799255371094,85.13439472060976,81.35614389223483,84.71000802945393,201662400
20200612,82.1612548828125,84.34381486093497,81.05057761692748,83.59689759140369,200146000
20200615,83.1773910522461,83.8297348271984,80.65289479838485,80.81537758352628,138808800
20200616,85.38175964355469,85.65337337676685,83.596913801037,85.23140666668927,165428800
20200617,85.26293182373047,86.18688178098341,85.1416784708026,86.12625510451949,114406400
20200618,85.29689025878906,85.71400210817573,84.68819603071728,85.21928633315488,96820400
20200619,84.8094253540039,86.46816994057362,83.70116819491169,86.00256132015875,264476000
20200622,87.02839660644531,87.17147470154637,85.15624419142326,85.20232106620209,135445200
20200623,88.88595581054688,90.3046210923527,87.85287518674821,88.27241432568542,212155600
20200624,87.31696319580078,89.43404938466047,86.94350079967253,88.51494690487205,192623200
20200625,88.47612762451172,88.51492957761795,86.71310689690837,87.47215391548303,137522400
20200626,85.75764465332031,88.59254854021978,85.60971171941675,88.37186655732566,205256800
20200629,87.73404693603516,87.82862807260216,85.18772736077763,85.66546571044978,130646000
20200630,88.46646118164062,88.75262477682146,87.30243171900806,87.32182900307377,140223200
20200701,88.29907989501953,89.08722639251734,88.25058301252533,88.54401394400905,110737200
20200702,88.29907989501953,89.84142581234066,88.18510889083659,89.20605966616445,114041600
20200706,90.66112518310547,91.12916130648333,89.69594591770318,89.72747297069945,118655600
20200707,90.37981414794922,91.81787696805416,90.26826314860052,91.03943260618246,112424400
20200708,92.48478698730469,92.51631404514396,91.26982594707978,91.3571322149976,117092000
20200709,92.88250732421875,93.43056751509404,91.83487644851928,93.37721573714495,125642800
20200710,93.04496765136719,93.10317429108636,91.86638865727205,92.47750286894541,90257200
20200713,92.61573028564453,96.95902596441493,92.40232321566707,94.34965162813619,191649200
20200714,94.14839172363281,94.33996671440302,91.0637057803454,91.99735078287982,170989200
20200715,94.79586791992188,96.27273284060122,93.5978842251878,96.02295123465481,153198000
20200716,93.62940216064453,94.48545043557607,93.03041037162107,93.66820411710265,110577600
20200717,93.44025421142578,94.23567587629981,92.96736319511449,94.08047543961847,92186800
20200720,95.4094009399414,95.54763152313923,93.18319140296002,93.52755414344499,90318000
20200721,94.09259796142578,96.27515822341762,93.84281636080428,96.19998173978415,103433200
20200722,94.35694122314453,95.03838453181072,93.70702497300391,93.7943238421043,89001600
20200723,90.0621337890625,94.16777018673336,89.25216234988122,94.09016627142198,197004400
20200724,89.83901977539062,90.18338250647658,86.47302597872792,88.2603063707244,185438800
20200727,91.96824645996094,92.06040019801185,90.67811632940159,90.90121836821325,121214000
20200728,90.45741271972656,91.7160228925572,90.45255785000906,91.5389903643371,103625600
20200729,92.19134521484375,92.37565266958501,90.9036352682461,90.94000979201954,90329200
20200730,93.30689239501953,93.41116851340877,90.9570015743531,91.36441110716558,158130000
20200731,103.07505798339844,103.22541096516197,97.80295687640107,99.80121727475651,374336800
20200803,105.67227935791016,108.29134838170961,104.6586032735747,104.95688173530395,308151200
20200804,106.37796783447266,107.46924775800966,105.13875500626185,105.86142748655064,173071600
20200805,106.7635726928711,107.08368330710017,105.63349060376568,106.09910671543679,121776800
20200806,110.48846435546875,110.98318005233068,106.506508834704,107.095798287908,202428800
20200807,107.97645568847656,110.46663150219966,107.17959972464764,110.00989563011565,198045600
20200810,109.54586029052734,110.56379606115887,106.8953408360196,109.42195650024055,212403600
20200811,106.2879867553711,109.30777851969748,106.02803492838889,108.80974634738266,187902400
20200812,109.82037353515625,110.07789350159867,107.18443047564186,107.37878264931382,165598000
20200813,111.76393127441406,112.76729092425326,110.7119798713676,111.20029955907641,210082000
20200814,111.66432189941406,111.75420996900903,109.85438662016135,111.58900987277718,165565200
20200817,111.37277221679688,112.81100339176658,110.74598020618218,112.78670751853602,119561600
20200818,112.30083465576172,112.72598654466942,110.78972307405309,111.12498689269856,105633600
20200819,112.44173431396484,113.8556697465018,112.34699003787868,112.70897411610314,145538000
20200820,114.93677520751953,115.05095915162076,112.46603216773778,112.48304002227763,126907200
20200821,120.85974884033203,121.34320488803218,115.88425449002158,115.89639872088485,338054800
20200824,122.30525207519531,125.15013062833738,120.43944460680316,125.06509136210123,345937600
20200825,121.30188751220703,121.64687111582826,119.57941613374312,121.17799116353379,211495600
20200826,122.95149993896484,123.40823574071352,121.5521404466388,122.61866792136692,163022400
20200827,121.481689453125,123.88683296878132,120.33741816118453,123.55400095827326,155552400
20200828,121.28491973876953,122.87376795038361,121.06140802616056,122.45590402911932,187630000
20200831,125.39794921875,127.30263641002203,122.44375715773111,123.97916478082978,225702700
20200901,130.3928680419922,130.99537911333144,126.84589234906336,129.01294820319362,151948100
20200902,127.6913070678711,134.0855922531373,123.41550038727598,133.7066003647578,200119000
20200903,117.46825408935547,125.20358843955071,117.09898196053354,123.3280682941128,257599600
20200904,117.54598999023438,120.20865338231157,107.76020880398585,116.68111019411374,332607200
20200908,109.63575744628906,115.63161300846177,109.49970941253935,110.73386155128658,231366600
20200909,114.00872039794922,115.77735180667162,112.00686490622496,113.95041623071373,176940500
20200910,110.2868423461914,117.0989933286325,109.32478630266519,116.96294529880299,182274400
20200911,108.83890533447266,111.9777448844309,106.89535345349992,111.33636920496012,180860300
20200914,112.10403442382812,112.65794622230302,109.61629124668603,111.48209862954259,140150100
20200915,112.2789535522461,115.4760961613362,110.40342635038046,114.99020836203483,184642000
20200916,108.96520233154297,112.72597681325361,108.87774608069525,111.97771281555889,154679000
20200917,107.2257308959961,109.03323435377406,105.64173911915216,106.62323468611042,178011000
20200918,103.82450866699219,107.7504832499777,103.09567691699868,107.28403508185545,287104900
20200921,106.97309112548828,107.07998706588857,100.19009219073692,101.58945183665963,195713800
20200922,108.65425872802734,109.674626367255,106.07905857827852,109.49970641236058,183055400
20200923,104.09662628173828,108.94578544391972,103.75649882076176,108.46961737823794,150718700
20200924,105.16556549072266,107.13826893890365,102.03644660847966,102.2016466950428,167743300
20200925,109.1109848022461,109.26647248780473,104.63109780542541,105.36964948370711,149981400
20200928,111.71533203125,112.06517187151762,109.59686073810057,111.76392378119944,137672400
20200929,110.86988830566406,112.05545586998878,110.36456819358912,111.31691166111466,99382200
20200930,112.54134368896484,113.95042293050288,110.41315990508242,110.57835999800264,142675200
20201001,113.49369812011719,114.39744992300979,112.5607942290766,114.31970607857447,116120400
20201002,109.83008575439453,112.11376456822066,109.0526696470594,109.70375758314337,144712000
20201005,113.21188354492188,113.35765140139709,110.34514782850755,110.69498771842362,106243800
20201006,109.96614074707031,112.84259590260606,109.08182130955358,112.43444447771981,161498200
20201007,111.83194732666016,112.28868308370595,110.9087559798063,111.38493140237664,96849000
20201008,111.72506713867188,113.11470685692662,111.35578758231397,112.9689390012096,83477200
20201009,113.66862487792969,113.69777696782543,111.67648137568933,112.02632128256141,100506900
20201012,120.888916015625,121.64689998480601,115.91342104424781,116.67140501342882,240226800
20201013,117.68203735351562,121.85095605169045,116.27296553538521,121.73434029707663,262330500
20201014,117.7695083618164,119.5575722262898,116.2438206939987,117.58486859235376,150712000
20201015,117.30306243896484,117.77923053145645,114.81531862538753,115.36923056556877,112559200
20201016,115.6607437133789,118.11934252939484,115.45667170048786,117.85695893134891,115393800
20201019,112.70655822753906,117.02123764921416,112.39559027449886,116.57422168009768,120639300
20201020,114.193359375,115.6218707751005,112.36641639732157,112.9203282244973,124423700
20201021,113.57141876220703,115.35948233455615,113.16326736933642,113.3770591908259,89946000
20201022,112.4830322265625,114.7083993693713,111.35576890640716,114.13504787679302,101988000
20201023,111.79309844970703,113.26048210870782,111.05454670282388,113.10499440870647,82572600
20201026,111.80280303955078,113.2604666650257,109.69404402667767,110.79215536953423,111850700
20201027,113.30907440185547,113.96988234508669,111.30721831532948,112.23040250313889,92276800
20201028,108.06146240234375,112.17207716189112,107.96428630838615,111.80280503922792,143937800
20201029,112.06517791748047,113.62973745029149,109.0332349429399,109.19844245324492,146129200
20201030,105.78751373291016,108.82916930496091,104.67968991872881,107.92541751822762,190272600
20201102,105.7000503540039,107.55614568812253,104.29097841162539,106.03045798084733,122866900
20201103,107.32289123535156,108.34325108704297,105.66115597911796,106.56490751293542,107624400
20201104,111.70561981201172,112.32755570064144,109.17900433769593,110.9184838247905,138235500
20201105,115.67046356201172,116.24381509607197,113.57143184766637,114.62094399780884,126387100
20201106,115.53904724121094,116.03550252982856,113.04700448892655,115.17886724342364,114457900
20201109,113.23196411132812,118.7514365224502,112.9691352746871,117.30099476626944,154515300
20201110,112.89128112792969,114.46826933414899,111.1001247688642,112.48243288386192,138023400
20201111,116.31782531738281,116.45410805937627,113.34879995040824,114.0788892511671,112295000
20201112,116.04524230957031,117.33019898779234,115.42223346115063,116.44436129860394,103162300
20201113,116.09391021728516,116.4930217530796,114.74081226781846,116.26913190849635,81581900
20201116,117.10630798339844,117.77798498184063,115.01338417236556,115.7629391328116,91183000
20201117,116.220458984375,117.4664766273085,115.80187423618474,116.37621490316717,74271000
20201118,114.89656829833984,116.63904872341847,114.86736591902952,115.4611723878438,76322100
20201119,115.49038696289062,115.89923517011198,113.70896736833065,114.46825901798518,74113000
20201120,114.22490692138672,115.61694422200075,114.176238754997,115.49039807716413,73604300
20201123,110.82752227783203,114.49744092599661,110.73017855128886,114.06911961698636,127959300
20201124,112.11251831054688,112.77446628204345,109.60100917514639,110.88597355527465,113874200
20201125,112.9496841430664,113.65057108020866,112.11251446001901,112.48243113620667,76499200
20201127,113.49480438232422,114.3709129708123,113.1346317708944,113.47533860340312,46691300
20201130,115.8895034790039,117.75853018018704,113.70896490077166,113.86472083929621,169410200
20201201,119.46208190917969,120.19217122258144,116.82402674797702,117.79747916584601,127728200
20201202,119.8125228881836,120.0948249747314,117.68065976068435,118.78065829638932,89004200
20201203,119.67623138427734,120.49392777356492,118.96560791819012,120.24082808918226,78967600
20201204,119.00453186035156,119.5983382985472,118.2939084840868,119.34523864615622,78260400
20201207,120.46471405029297,121.2629445857138,119.00453569816821,119.06294045566084,86712000
20201208,121.07801055908203,121.66208795851276,119.82225603327018,121.0682813821168,82225500
20201209,118.54703521728516,122.60633005014087,117.787743513511,121.22402938804677,115089200
20201210,119.96826934814453,120.58154910132534,116.96030505591354,117.30101190387383,81312200
20201211,119.16030883789062,119.50101568391099,117.34968682549408,119.17977461758369,86939800
20201214,118.54703521728516,120.0753552286095,118.31340871462832,119.34526590931088,79184500
20201215,124.48506927490234,124.50454247866038,120.83462338964168,121.03904746799414,157243700
20201216,124.41693115234375,124.96206204213269,123.2001158255996,124.0275561892667,98208600
20201217,125.28331756591797,126.13996040824293,124.64083543417424,125.47800506998152,94359800
20201218,123.2974853515625,125.67271159961813,122.77182016091811,125.53642885687911,192541500
20201221,124.82579803466797,124.90367600970008,120.17269671586064,121.70101669831642,121251600
20201222,128.37889099121094,130.84172406271304,126.20808171972651,128.11605471749206,168904800
20201223,127.4832992553711,128.91426024098962,127.30807014560702,128.65143885689488,88223700
20201224,128.46653747558594,129.91698715927026,127.61963848875611,127.83379924349359,54930100
20201228,133.0612030029297,133.6939410837403,129.96561683148184,130.43288465030292,124486200
20201229,131.28953552246094,135.105467586539,130.77360687946737,134.3851222341288,121047300
20201230,130.17002868652344,132.37976932791838,129.85851685438772,131.98065036313264,96452100
20201231,129.1673583984375,131.16293812586437,128.22310869600184,130.52045619053087,99116600
20210104,125.97444915771484,130.06294530983888,123.39479941625174,129.97533817923727,143301900
20210105,127.53199768066406,128.24262865019975,125.02048862539876,125.46828327943898,97664900
20210106,123.23905944824219,127.57092663069263,123.02489875437408,124.32932869572905,155088000
20210107,127.44441223144531,128.13557011102623,124.46564966087615,124.9523759594321,109578200
20210108,128.5443878173828,129.10899197173987,126.77269738263777,128.91428961570313,105158200
20210111,125.55586242675781,126.71427293823224,125.08860952298478,125.76029392736588,100384500
20210112,125.38066101074219,126.24703297603195,123.49216114503781,125.08862234580894,91951100
20210113,127.41516876220703,127.96029966424209,125.07888922385592,125.34171064567087,88636800
20210114,125.48773956298828,127.52225130518217,125.34171280576037,127.32756381591491,90221800
20210115,123.76473236083984,126.76296740977297,123.62844962469308,125.36119363586094,111598500
20210119,124.43641662597656,125.29305945365387,123.570044622059,124.38774103736687,90757300
20210120,128.5249481201172,128.9727428605649,125.13733716445972,125.24441754671625,104319500
20210121,133.23641967773438,135.96208925479198,130.0434971272025,130.2479286583061,120150900
20210122,135.37802124023438,136.13731286135894,131.43553637442392,132.66208095000118,114459400
20210125,139.12579345703125,141.23818305206848,132.91516336360118,139.27182020640586,157611700
20210126,139.35943603515625,140.4691710725819,137.61694808504978,139.78775742744395,98390600
20210127,138.2886199951172,140.46915831522645,136.68242977361535,139.62224478331817,140843800
20210128,133.45057678222656,138.22050212672593,133.07093096645877,135.81607367562873,142621100
20210129,128.45677185058594,133.10987264929705,126.753230328146,132.22402749273948,177523800
20210201,130.57887268066406,131.78595871131816,127.45408469869479,130.19922693086417,106239800
20210202,131.40634155273438,132.6912909648265,131.03642489675576,132.12668680443446,83305400
20210203,130.3842315673828,132.16565144314657,130.0629904566346,132.1559074116743,89880900
20210204,133.7426300048828,133.75235918193923,131.01696020484349,132.68157041122387,84183100
20210205,133.32827758789062,133.97171978594034,132.45086722756864,133.90348403057772,75693800
20210208,133.4745330810547,133.5232814106689,131.53446261926186,132.61661008272995,71297200
20210209,132.59710693359375,134.42019329345555,132.44113310608114,133.19180084894626,76774200
20210210,131.99267578125,133.55253314014962,131.02751236689184,133.05532098310047,73046600
20210211,131.7391815185547,132.9675589258699,130.4133074654321,132.4898491628531,64280000
20210212,131.97312927246094,132.12911793128706,130.33529298247856,130.97873504321333,60145100
20210216,129.8478546142578,132.5970843838598,129.4578829220419,132.0901434978276,80576300
20210217,127.55683135986328,128.90220781232136,126.2212134982147,127.95654680963715,97918500
20210218,126.45518493652344,126.7379014019475,124.21289601346298,125.95797287967874,96856700
20210219,126.61116790771484,127.43010109713762,125.56802514842084,126.97189361497381,87668800
20210222,122.83826446533203,126.46491917771368,122.44830023340782,124.797821900289,103916400
20210223,122.70177459716797,123.53044391763328,115.41921936454152,120.65447173544518,158273000
20210224,122.20457458496094,122.40930413496974,119.16286991288813,121.80486663626253,111039900
20210225,117.95398712158203,123.28672920715788,117.51528197921584,121.5513960656033,148199500
20210226,118.21722412109375,121.71713665773981,118.15872464367439,119.51384476967971,164560400
20210301,124.5833511352539,124.71983750347,119.7088167333954,120.64472644599832,116307900
20210302,121.9803466796875,125.49000982131201,121.87310633209226,125.18779108060667,102260900
20210303,118.99713897705078,122.55555080343935,118.78265825970878,121.67813306792647,112966300
20210304,117.11557006835938,120.49849839926789,115.64346591859298,118.69492201638303,178155000
20210305,118.37319946289062,118.88015523948293,114.61980921267136,117.9442454649468,153766600
20210308,113.44017028808594,117.96373782106434,113.29393276187487,117.89549463389245,154376600
20210309,118.05146789550781,118.99712873808402,115.80918658429786,116.04316214765258,129525800
20210310,116.96934509277344,119.10438636423861,116.4526381350717,118.6364351696504,111943300
20210311,118.89964294433594,120.1182765520443,118.21721109919896,119.46509072342045,103026500
20210312,117.99300384521484,118.1294902427008,116.16993234824494,117.37881505652804,88105100
20210315,120.87871551513672,120.88846666765528,117.39829786101335,118.36346113570012,92403800
20210316,122.41905975341797,124.02765763412758,121.59039037182497,122.54579497339591,115227900
20210317,121.6294174194336,122.70181379069625,119.27013647711428,120.93723423945542,111932600
20210318,117.50553894042969,120.08904396527872,117.30080936399335,119.79656889154106,121229700
20210319,116.97907257080078,118.38294083560933,116.67685382299581,116.8913345232248,185549500
20210322,120.29376983642578,120.76172845240197,117.24231371312757,117.31055690317099,111912300
20210323,119.46509552001953,121.1224343178664,119.07513126230569,120.23527288356823,95467100
20210324,117.07658386230469,119.8160777258849,117.05708899403655,119.73808337691133,88530500
20210325,117.56401824951172,118.60717576184044,116.01391986522562,116.54037047817636,98844700
20210326,118.16847229003906,118.43170133574063,115.93593444848634,117.33005170542276,94071200
20210329,118.34394836425781,119.50408995901205,117.70051367598907,118.59742624167248,80819200
20210330,116.89134216308594,117.37879562712054,115.87743806534003,117.09607172542653,85671900
20210331,119.08486938476562,120.42048696601859,118.10996256612317,118.5974159754444,118323800
20210401,119.9135513305664,121.06394179532072,119.41634671803331,120.55699346889742,75089100
20210405,122.74077606201172,122.99425393009696,119.9817878428641,120.76171631176526,88651200
20210406,123.04301452636719,123.9399272027551,122.49706897342678,123.32573845569713,80171300
20210407,124.69059753417969,124.7100924000349,121.99985233123647,122.67254049145967,83466700
20210408,127.08887481689453,127.11812083629366,125.29504953954824,125.71425240153569,88844600
20210409,129.66261291503906,129.70160264420477,126.22119287511026,126.54291392534559,106686700
20210412,127.94676208496094,129.51636248443688,127.35206839631736,129.1946414847547,91420000
20210413,131.05674743652344,131.28098676840776,128.6194798143975,129.11669192988782,91266500
20210414,128.71697998046875,131.6124551846021,128.35626912284386,131.55396314021985,87222800
20210415,131.12501525878906,131.6124688471117,130.286594491838,130.4620855191037,89347100
20210416,130.7935028076172,131.29069993150603,129.93558004398386,130.92998916765907,84922400
20210419,131.45648193359375,132.07067822360244,129.9941211485469,130.15985358574383,94264200
20210420,129.76988220214844,132.12915555406386,128.502500021129,131.6319582978669,94812300
20210421,130.15008544921875,130.3938122009963,128.00529300875627,129.03869205614907,68847100
20210422,128.62925720214844,130.78379376444718,128.11255758082413,129.7016461870522,84566500
20210423,130.94952392578125,131.72943767595572,128.8437210981472,128.8437210981472,78657500
20210426,131.3394775390625,131.67094236224486,130.20858180313348,131.44671790843336,66905100
20210427,131.0177459716797,132.01215523774303,130.7447732125093,131.62218352757128,66015800
20210428,130.22808837890625,131.63195694182536,129.74063484322053,130.93976637575503,107760100
20210429,130.13058471679688,133.63051222031285,129.12643167740748,133.04556205861587,151101000
20210430,128.16128540039062,130.2085812488916,127.78107225167611,128.4732479162047,109839500
20210503,129.21417236328125,130.70579381831388,128.52199669631204,128.72671884393358,75135100
20210504,124.64186096191406,128.19052935599137,123.52071640184118,127.89805427494618,137564700
20210505,124.88557434082031,127.17659652939219,124.75883168911403,125.9579629580567,84000900
20210506,126.48444366455078,126.49418737954478,123.93992827849607,124.68085970531065,78128300
20210507,127.15827941894531,128.18365868536526,126.44537767413243,127.78327916566757,78973300
20210510,123.87699127197266,126.50394017112625,123.83792786540381,126.37699713829772,88071200
20210511,122.95904541015625,123.31060121990447,119.89263087268371,120.60552510907532,126142800
20210512,119.89261627197266,121.71879146016067,119.3848068747701,120.50785562792139,112172300
20210513,122.04107666015625,123.19342127323375,121.34771783923617,121.66021769444781,105861300
20210514,124.46292877197266,124.8926187981441,122.90042974578068,123.29105636497444,81918000
20210517,123.31058502197266,123.95512006477786,122.23636740121376,123.84769755764366,74244600
20210518,121.92388916015625,124.01373338582823,121.8555300481234,123.5938109974595,63342900
20210519,121.76763153076172,121.99223682754793,119.9805196188087,120.27349147179841,92612000
20210520,124.32621765136719,124.72661200774762,122.16801458440843,122.29497252696002,76857100
20210521,122.49028015136719,125.00004641017311,122.27543512950636,124.82426479688547,79295400
20210524,124.12113952636719,124.94145621305331,122.98833046928489,123.05668957229345,63092900
20210525,123.92584991455078,125.3125750786712,123.35944156938784,124.82428611341189,72009500
20210526,123.87699127197266,124.40433608477755,123.45706896458631,123.98441377739123,56575900
20210527,122.34380340576172,124.6484925303121,122.14849379883397,123.4766199875777,94625600
20210528,121.68950653076172,122.85161879427051,121.63091513952054,122.62700604353964,71311100
20210601,121.36724853515625,122.41217064788405,121.03522069119808,122.14850191595166,67637100
20210602,122.12895965576172,122.30474128408406,121.14263644461568,121.3672417498929,59278900
20210603,120.64456939697266,121.92386428281043,120.2441750720593,121.75785039468764,76229200
20210604,122.93950653076172,123.20318269390796,120.94731726161271,121.16216229807738,75169300
20210607,122.94925689697266,123.35941148111935,121.90433500845637,123.21292557232901,71057600
20210608,123.76959991455078,125.44929701739356,123.25202268577976,123.63288168244466,74403800
20210609,124.15043640136719,124.75590806990476,123.55473244780471,124.22856322000109,56877900
20210610,123.15434265136719,125.1855951846905,122.98832875360279,124.04301097808155,71186400
20210611,124.36528778076172,124.45318231886102,123.14458411693292,123.56450647531338,53522400
20210614,127.42190551757812,127.4804968993435,124.09183036028564,124.82425243468346,96906500
20210615,126.6015853881836,127.53909211859933,126.3574447178962,126.89455717276125,62746300
20210616,127.09968566894531,127.82234775104462,125.44930649285384,127.31453075007833,91815000
20210617,128.701171875,129.44336894955342,126.61132861458215,126.75782193774177,96721700
20210618,127.40238952636719,128.42776854609338,127.1875445181359,127.64653022652405,108953300
20210621,129.19924926757812,129.30667176152045,126.1816740756951,127.24612385129173,79663300
20210622,130.83985900878906,130.93752123375742,128.53517057047182,129.0332270561817,74783600
20210623,130.56646728515625,131.17194646480604,130.10748149302736,130.63483384623305,60214200
20210624,130.28323364257812,131.4844015936428,129.81447281680693,131.2988522960872,68711000
20210625,129.99029541015625,130.7520133222248,129.69732354370646,130.33209840454234,70783700
20210628,131.62112426757812,132.08010994524813,130.22464670870133,130.28323808863115,62111300
20210629,133.13479614257812,133.2910497525751,131.2012061476498,131.64065638724745,64556100
20210630,133.7500457763672,134.18949604999602,132.68558101434905,132.97855283049014,63261400
20210701,134.0527801513672,134.11137153536558,132.5781607819675,133.39848486144226,52485800
20210702,136.67974853515625,136.7188044942125,134.52153799341264,134.66801646633246,78852600
20210706,138.69146728515625,139.79497322979873,136.78717260963688,136.78717260963688,108181800
20210707,141.18170166015625,141.4941940308165,139.31646299700128,140.17582819219206,104911600
20210708,139.8828582763672,140.6836320091057,137.37308477373998,138.26176048175577,105575500
20210709,141.7090301513672,142.23636751298437,139.30667907892771,139.4043413205293,99890800
20210712,141.11334228515625,142.89069395646402,140.62506082396192,142.78327143895456,76299700
20210713,142.2266082763672,144.00395975842287,140.26372237579417,140.6543415426895,100827100
20210714,145.65435791015625,146.06452746184092,144.218809182764,144.62897873444868,127050800
20210715,145.00006103515625,146.48444087501676,143.64263914576114,145.74225840567044,106820300
20210716,142.95904541015625,146.25005768557594,142.46100368486307,144.98053780920102,93251400
20210719,139.11138916015625,140.69343127095988,138.34967125172668,140.38092397459488,121434600
20210720,142.7246551513672,143.65240178359875,139.60943216409294,140.09771359109203,96350000
20210721,141.99221801757812,142.70511955455981,141.24027542823887,142.1191759435654,74993500
20210722,143.3594512939453,144.7266335326549,142.39264856010647,142.51960651840406,77338200
20210723,145.07818603515625,145.23443967973952,143.47662343109712,144.09186284341388,71447400
20210726,145.4980926513672,146.31840180292855,144.23831833181586,144.79496626398165,72434100
20210727,143.3301544189453,145.71297050212902,142.13874637735347,145.62506850801552,104818600
20210728,141.58206176757812,143.5254269831522,139.19924629956387,141.41604789004137,118931200
20210729,142.2266082763672,143.11528401739503,141.19145407304512,141.29887657911624,56699500
20210730,142.4414520263672,142.90043773904355,140.73246710930246,140.99614324026174,70440600
20210802,142.10943603515625,143.50591381637727,141.8457598823253,142.92974528711127,62880000
20210803,143.9063262939453,144.57038199069586,141.7774111754852,142.39265064248633,64786600
20210804,143.50592041015625,144.32622969980267,142.8516250314263,143.81842770211748,56368300
20210805,143.61331176757812,144.37502949999453,142.74417153950483,143.53518496153995,46397700
20210806,142.9287109375,143.8773972975789,142.42992307824377,143.13410295218878,54126800
20210809,142.87982177734375,143.47641826359128,142.3223546901742,142.9874052395685,48908700
20210810,142.40060424804688,144.46423988872255,142.10719343722454,143.22214257955443,69023100
20210811,142.6548614501953,143.49596433929045,142.33211110540972,142.84068876296502,48493500
20210812,145.6183319091797,145.7748196952717,142.63534877709864,142.97766394373784,72282600
20210813,145.82366943359375,146.15619466200167,145.01190613589833,145.69652128952967,59375000
20210816,147.7992706298828,147.8677396068058,143.25145612128088,145.27596199320675,103296000
20210817,146.88970947265625,148.34695848448595,145.81387503403178,146.92882394156504,92229700
20210818,143.14390563964844,147.40810018292743,142.93851358506976,146.50831793002382,86326000
20210819,143.4764404296875,144.74787747327346,141.32478577627037,141.8431384679369,86960300
20210820,144.93370056152344,145.23688628655097,143.5546800797901,144.20018093381358,60549600
20210823,146.42030334472656,146.8897517241176,144.64028856581433,145.05105776321832,60131800
20210824,146.33226013183594,147.54501786684636,145.87258667150505,146.16599748585364,48606400
20210825,145.09994506835938,147.0168826886461,144.5522528692755,146.51807985316438,58991300
20210826,144.29794311523438,145.8432259179612,144.2686035304066,145.09015667605945,48597200
20210827,145.33468627929688,145.48138422676655,143.60357588168407,144.23928688537814,55802400
20210830,149.75534057617188,150.11722035437248,145.344448563989,145.7258781178275,90956700
20210831,148.49374389648438,149.44243065871365,147.96560130539905,149.3055075653763,86453100
20210901,149.15875244140625,151.57447805860386,148.99248979823196,149.47172795102404,80313700
20210902,150.27366638183594,151.32016120808433,149.05113406527857,150.48883326342926,71115500
20210903,150.90945434570312,151.23220480113145,149.72603600913263,150.38131181009447,57808700
20210907,153.24688720703125,153.80435423363667,150.99742455621305,151.56468139327094,82278300
20210908,151.7015838623047,153.5891665107901,150.59640992238946,153.5304873499963,74420200
20210909,150.68447875976562,152.67964530991367,150.56710548729126,152.073273942186,57305700
20210910,145.69651794433594,152.06346111215902,145.43244677560867,151.59401286380336,140893200
20210913,146.26380920410156,148.09271327265083,145.48138532354497,147.32007920432878,102404300
20210914,144.86520385742188,147.7503924466826,143.6818007748944,147.04621254489265,109296300
20210915,145.75518798828125,146.15618215949596,143.15363570353327,145.29551465513066,83281300
20210916,145.52049255371094,145.69654500672686,143.98499938228917,145.1781923829195,68034100
20210917,142.8504638671875,145.54982496459772,142.5570531057093,145.54982496459772,129868800
20210920,139.79905700683594,141.65730067907975,138.16575516526504,140.6401600731503,123478900
20210921,140.27825927734375,141.42256280767091,139.642548359155,140.7672722677942,75834000
20210922,142.64508056640625,143.21232244413056,140.54231597032648,141.27583538032138,76404300
20210923,143.60354614257812,143.84805262005506,142.4396929220293,143.42749371857937,64838200
20210924,143.69158935546875,144.22950668219346,142.3614732946102,142.45928187164873,53477900
20210927,142.1756591796875,142.75270596031078,140.65973055901063,142.27346776582567,74150700
20210928,138.7916717529297,141.5692619814985,138.57650484135823,140.10222299723426,108972300
20210929,139.6914520263672,141.27584933291644,138.90902826040127,139.33936207785715,74602000
20210930,138.3906707763672,141.20739026450596,138.17550387527373,140.50321039247126,89056700
20211001,139.51539611816406,139.77946730384753,136.0531908135578,138.7818766539813,94639600
20211004,136.08251953125,139.08506612814298,135.23164179626298,138.64494254598642,98322000
20211005,138.00926208496094,139.11443634160335,136.29771642835235,136.42486459550415,80861100
20211006,138.87969970703125,139.02639764577518,135.32946035449564,136.4052949835953,83221100
20211007,140.14134216308594,141.0509141240026,139.5838750906148,139.91640035654444,61732700
20211008,139.75991821289062,141.01179037767685,139.42739293363346,140.86509243785557,58773200
20211011,139.67190551757812,141.62795772548145,138.69387941362646,139.1437779877816,64452200
20211012,138.40045166015625,140.10222224522562,137.94077825367475,140.0826575469626,73035900
20211013,137.81362915039062,138.29285227644627,136.14119834359943,138.1363794788412,78762700
20211014,140.6010284423828,140.7184017237602,138.40046969110713,138.98729132751163,69907100
20211015,141.65731811523438,141.7159973023287,140.35654141515744,140.6108377905611,67940300
20211018,143.3297119140625,143.61333288501362,140.0142044027078,140.2978253736589,85589200
20211019,145.4911346435547,145.89212886384934,143.32970565575582,143.7795892346543,76378900
20211020,145.9801483154297,146.45938640466994,144.8651993263839,145.43245616972183,58418800
20211021,146.19532775878906,146.35181550626882,144.62070524306984,145.54005210514717,61421000
20211022,145.42269897460938,146.879948270264,145.37379468633046,146.40072504621372,58883400
20211025,145.37379455566406,146.08774940871533,144.3762037849461,145.41290903215594,50720600
20211026,146.03884887695312,147.52543764586656,145.7356482824783,146.04862376445527,60893400
20211027,145.5791778564453,146.43983059903536,145.22708789518356,146.07796575011088,56094900
20211028,149.2174072265625,149.80421376724462,146.43002765698066,146.52783620883923,100077900
20211029,146.50828552246094,146.64520855406127,143.19277825689716,143.98497686283406,124953200
20211101,145.68678283691406,146.4105126416791,144.55226891374826,145.71612242772915,74588300
20211102,146.72344970703125,148.23939283683745,145.38354407596196,145.39333388599684,69122000
20211103,148.1611785888672,148.63062693615777,146.52787680010098,147.08534391435344,54511500
20211104,147.64280700683594,149.08049145321388,147.32983153314007,148.24917833275668,60394600
20211105,148.1717071533203,149.07280247570614,146.9767728258522,148.76917431705436,65463900
20211108,147.3489532470703,148.4557402315451,147.0747075253852,148.29902412050475,55020900
20211109,147.7113494873047,148.31860574960734,146.97675951376903,147.11388237768483,56787900
20211110,144.88072204589844,147.04532029086099,144.8121680903653,146.93757983621995,65187100
20211111,144.83175659179688,146.35970136863273,144.64565807110787,145.89937206123298,41000000
20211112,146.90823364257812,147.3097982131486,144.449795829464,145.38027365145768,63804000
20211115,146.9180145263672,148.7593917575851,146.3597188974358,147.28040751304476,59222800
20211116,147.8974609375,148.3773984758072,146.27156473370576,146.85924274203003,59256200
20211117,150.33631896972656,151.8152883338415,147.88768528692268,147.89747444135526,88807000
20211118,154.6262969970703,155.4098626732955,149.9053395784081,150.5517823821893,137827700
20211119,157.25123596191406,157.71158022509883,153.3138293695712,154.41081232255357,117305600
20211122,157.71160888671875,162.29544415495414,157.69201563177705,158.35803684704905,117467900
20211123,158.09359741210938,158.4755836899061,155.79187564508103,157.8095475198677,96041900
20211124,158.61265563964844,158.8085432931144,156.359910261615,157.44710392541154,69463600
20211126,153.5880584716797,157.1532676279728,153.1473075076165,156.29135894910507,76959800
20211129,156.94761657714844,157.8780943084946,155.52739720558188,156.09548196515397,88748200
20211130,161.90367126464844,162.11915223655976,156.63420649835714,156.70277541909022,174048100
20211201,161.38453674316406,166.800912709941,161.14946255292463,164.0388470193993,152052500
20211202,160.39529418945312,160.82625610567675,154.55775990226203,155.47844855141722,136739200
20211203,158.51475524902344,161.57066041655554,156.43831855392804,160.64997170977935,118023100
20211206,161.9232635498047,164.43066217672398,160.90462351682206,160.91441267175034,107497000
20211207,167.66282653808594,168.05461686688494,164.88118245734097,165.60598335666447,120405400
20211208,171.48269653320312,172.34462027485748,167.19268602213367,168.593312102322,116998900
20211209,170.973388671875,173.11839407886248,170.3465390733042,171.31620335113058,108923700
20211210,175.76292419433594,175.93923359247646,171.1007310045987,171.61005099944745,115402700
20211213,172.12913513183594,178.3878413686235,171.92344335477927,177.3985839315142,153237000
20211214,170.74813842773438,174.08807860568035,168.67170169318734,171.64923389641092,139380400
20211215,175.61599731445312,175.81188500506997,168.76961267963995,171.5120851840939,131063300
20211216,168.72064208984375,177.41819331105674,167.24167279418768,175.5964093375668,150185800
20211217,167.62367248535156,169.90580094866743,166.20346789014454,166.43852716670187,195432700
20211220,166.26223754882812,167.0751857762259,164.0192955298341,164.822439656907,107499100
20211221,169.4356689453125,169.641345814115,165.64517367936028,168.03504264727704,91185900
20211222,172.03123474121094,172.2467157351397,168.6129361968646,169.48464932856695,92135300
20211223,172.65806579589844,173.2163614776015,171.66882311821325,172.23690795484498,68356600
20211227,176.6248779296875,176.71302517103751,173.4318644212598,173.45144273359764,74919600
20211228,175.60618591308594,177.60427913199814,174.86180674158715,176.4583204970068,79144300
20211229,175.69432067871094,176.91863718484473,174.47979332432905,175.6453450294116,62348900
20211230,174.53860473632812,176.85991961465393,174.4308642572052,175.78251482342475,59773000
20211231,173.92156982421875,175.5474513193314,173.61792667706044,174.43087489725414,64062300
20220103,178.27032470703125,179.12245940789794,174.05868664745196,174.17621628400974,104487900
20220104,176.00782775878906,179.18126314255593,175.439742816587,178.87763488532048,99310400
20220105,171.3260040283203,176.46813489136744,171.05175824457976,175.9196433238863,94537600
20220106,168.4660186767578,171.69821853577403,168.11341478404194,169.15163320557318,96904000
20220107,168.63247680664062,170.56200104833394,167.51590061636946,169.33768439473522,86709100
20220110,168.65211486816406,168.95574308768624,164.71470727935647,165.6060136268591,106765600
20220111,171.48269653320312,171.58063290230876,167.3102305884416,168.77941063247667,76138300
20220112,171.92347717285156,173.53956952156884,171.22807353490404,172.50135116951776,74805200
20220113,168.65211486816406,172.99108706764017,168.26032446775187,172.16834964468802,84505800
20220114,169.51400756835938,170.20941111487983,167.57467907053888,167.81954242119846,80440800
20220118,166.31117248535156,168.99486494876345,165.92918629810023,167.986029250503,90956700
20220119,162.81455993652344,167.56491564685888,162.53052498206404,166.5071040161468,94815000
20220120,161.1298828125,166.19365539118294,160.80666137829382,163.54913404663756,91420500
20220121,159.07305908203125,162.91251531175593,158.96531859071325,161.04175539217772,122848900
20220124,158.29925537109375,158.9652914615593,151.5214395660685,156.73213888196668,162294600
20220125,156.4970703125,159.41583739515477,153.79378418345803,155.71350456711474,115798400
20220126,156.408935546875,161.01236411791442,154.5773622405594,160.14065107987773,108275300
20220127,155.9485626220703,160.47363228871149,155.02787408749768,159.11219273840805,121954600
20220128,166.830322265625,166.849915520985,159.45503834907882,162.3052517203285,179935700
20220131,171.1888885498047,171.40436952425716,166.0271642085972,166.66381797685227,115541600
20220201,171.02236938476562,171.2476394960686,168.76962343591478,170.43469133018758,86213900
20220202,172.2270965576172,172.266283066221,169.7686736999572,171.15949584991125,84914300
20220203,169.34747314453125,172.61885859356588,168.58350075012603,170.89501118442868,89418100
20220204,169.06309509277344,170.74010088602927,167.3860892995176,168.3667905913057,82465400
20220207,168.34718322753906,170.5929825465771,167.65087874308003,169.52402175607514,77251200
20220208,171.4560089111328,171.9659777736799,168.12161553517308,168.41582891603926,74829200
20220209,172.87806701660156,173.24092179937838,171.52469409700683,172.65250985144178,71285000
20220210,168.79827880859375,172.0934353035554,168.23928692904147,170.7792993410732,90865900
20220211,165.385498046875,169.73981504022757,164.79707116938303,169.00428892552117,98670700
20220214,165.62083435058594,166.30732224292808,163.34560023389338,164.13996586391173,86185500
20220215,169.4553680419922,169.61228383864895,166.96439336840055,167.670499489042,62527400
20220216,169.2200164794922,169.99476394129306,166.7682631690513,168.53352854543166,61177400
20220217,165.62083435058594,168.5923579851135,165.2187432406735,167.72933608370406,69589300
20220218,164.07131958007812,167.24878200376986,162.98274061084325,166.5426908818598,82772700
20220222,161.14883422851562,163.47309136847835,159.0206993785114,161.79608567118115,91162800
20220223,156.98085021972656,162.94350042130728,156.66701864895236,162.34527208329274,90009200
20220224,159.59934997558594,159.70722772731528,149.0666116347653,149.63542023803691,141147500
20220225,161.66860961914062,161.9333881865455,157.76540780776472,160.6780917637284,91974200
20220228,161.9333953857422,162.22760877136363,159.2953064697166,159.91315308309024,95056600
20220301,160.0504608154297,163.38485445669167,158.84420231864755,161.5215128724912,83474400
20220302,163.3456268310547,164.1301909633288,159.80529409089044,161.2175065361206,79724800
20220303,163.02198791503906,165.6502754224143,162.35511815252505,165.21876441640376,76678400
20220304,160.0210418701172,162.35511593567728,158.97169917829748,161.31557487047283,83737200
20220307,156.22569274902344,161.83530440068967,155.97070087847666,160.2073369360896,96418800
20220308,154.40162658691406,159.73664445127486,152.7932769334802,155.75499927047608,131148300
20220309,159.80528259277344,160.2564117997747,156.33360638496927,158.36365040568722,91454900
20220310,155.46075439453125,157.29466080253508,152.96976503092125,157.1083251850628,105342000
20220311,151.743896484375,156.20609005481433,151.51833939243923,155.8628386400447,96970100
20220314,147.7132110595703,151.14566528522778,147.2032572060636,148.52719485737234,108732100
20220315,152.09695434570312,152.56770172333492,147.47785980558257,147.9878136848799,92964300
20220316,156.51007080078125,156.91216180684566,151.47908478857997,154.01909681639393,102300200
20220317,157.52024841308594,157.89291972026123,154.58796090972857,155.54904405714797,75615400
20220318,160.81541442871094,161.30576513800085,156.6768532451588,157.41237930909367,123511700
20220321,162.1884002685547,163.13968181166422,159.8641278042269,160.35447849802293,95811400
20220322,165.56202697753906,166.1504388725233,161.72748069331104,162.31589258829527,81532000
20220323,166.9251708984375,169.30826781804822,164.41456305995604,164.74801286692667,98062700
20220324,170.710693359375,170.77933467330854,166.92518550141648,167.75877268098228,90131400
20220325,171.34812927246094,171.89731959636083,169.4161465488256,170.52434378661113,80546200
20220328,172.2111358642578,172.33861684390223,168.68060557578377,168.84732298325162,90371900
20220329,175.50628662109375,175.55530970776783,172.93683939967303,173.28009079226467,100589400
20220330,174.3392791748047,176.14376602591867,173.289921571538,175.1042250130881,92633200
20220331,171.2402801513672,174.5942773022763,171.03432626332767,174.40794163317304,103049300
20220401,170.94602966308594,171.5050365492017,168.62177252764585,170.6714345147771,78751300
20220404,174.99636840820312,175.04540647336353,171.07356262443463,171.20105860098838,76468400
20220405,171.6815948486328,174.85907295980758,171.0539465140656,174.07450880051937,73401800
20220406,168.51394653320312,170.2792122888408,166.84675691678004,169.0337171495412,89058800
20220407,168.81793212890625,170.01438898962488,166.57213259059588,167.85684898260146,77594700
20220408,166.80746459960938,168.46485203266047,165.93464112451483,168.46485203266047,76575500
20220411,162.55123901367188,165.76793805160875,162.306063690876,165.4541214198734,72246700
20220412,164.42440795898438,166.5917497737201,163.4240882944744,164.7774610779693,79265200
20220413,167.11148071289062,167.73912889065093,163.55154548536066,164.15957544885293,70618900
20220414,162.10011291503906,167.96471752203973,161.85493758758528,167.32725269207126,75329400
20220418,161.88438415527344,163.38485607115766,160.41333208367593,160.75656858845937,69023900
20220419,164.16937255859375,164.58128022532864,160.74673499644868,161.8353139115337,67723800
20220420,164.00267028808594,165.62083637298807,162.89448802131358,165.50314204406817,67929800
20220421,163.2083282470703,168.21971309344158,162.7081759108626,165.6502801659303,87227800
20220422,158.66763305664062,164.63029786624585,158.38323630639394,163.24752061254705,84882400
20220425,159.7366485595703,160.02104538080667,155.40195017437114,158.01060452122857,96046400
20220426,153.7739715576172,159.207050342252,153.69551365548884,159.1187908139756,95623200
20220427,153.54840087890625,156.70624511583344,152.38136400484169,152.9011344667558,88063200
20220428,160.4819793701172,161.34500140614668,155.86286910913438,156.17670074562366,130216800
20220429,154.60757446289062,162.9925746827483,154.21529987659397,158.71671584912355,131747600
20220502,154.91159057617188,155.17636916422146,150.31209888761785,153.68571389859628,123055300
20220503,156.4022216796875,157.6084949183751,153.3032172904116,155.09788730053197,88966500
20220504,162.81605529785156,163.26716957480116,156.1865040661354,156.58859524312854,108256500
20220505,153.74456787109375,160.91349295341686,151.9596840798174,160.68793581379188,130525300
20220506,154.47134399414062,156.59277501720737,151.4266967858706,153.22401904266582,116124600
20220509,149.3445281982422,153.04720818256274,148.78471498335946,152.16327128379606,131577900
20220510,151.75079345703125,153.9409814618481,150.19900690567323,152.74276671948687,115366700
20220511,143.8838653564453,152.6740370686738,143.2061846849442,150.75886233593417,142689800
20220512,140.01417541503906,143.58917206052791,136.32132651313492,140.22043185006495,182602000
20220513,144.4829559326172,145.45528221531998,140.55438668965164,142.00795311338425,113990900
20220516,142.9409942626953,144.88564694988057,141.60528003698874,142.9508252776519,86643800
20220517,146.57493591308594,147.09547018171415,144.06063880216985,146.20171700867192,78336300
20220518,138.30526733398438,144.72847052072004,137.4016833512006,144.2275834099531,109742900
20220519,134.89724731445312,139.13027811714653,134.1606406090294,137.3820660685117,136095600
20220520,135.13296508789062,138.18742845795921,130.24190028158935,136.60617864285032,137426100
20220523,140.55438232421875,140.7016976717336,135.19187888015,135.32937819993117,117726300
20220524,137.85348510742188,139.43473470985077,134.87759532556828,138.29544611720485,104132700
20220525,138.01063537597656,139.25794526331134,135.86955744381711,135.95794665102005,92482700
20220526,141.21240234375,141.76239957025606,134.69097882633443,134.93651437290322,90601500
20220527,146.96775817871094,147.00703727273068,142.66597054796807,142.79365382955837,90978500
20220531,146.18202209472656,147.96952785545992,144.21773795482548,146.40792556095022,103718400
20220601,146.05438232421875,149.0302721781197,145.04276200731988,147.2231190270911,74286600
20220602,148.50970458984375,148.5686307144866,144.23738071765732,145.1900596961789,72348100
20220603,142.7838592529297,145.32760433584582,141.88029009172675,144.2767048307591,88570300
20220606,143.5302734375,145.91688699135824,142.31241160472894,144.40437947478588,71598400
20220607,146.05438232421875,146.33919698612507,141.52670589855168,141.77224146396463,67808200
20220608,145.31777954101562,147.1936599216941,144.8267083969664,145.92670296402,53950200
20220609,140.0927734375,145.3079465173713,139.98473718785118,144.45348753415902,69473000
20220610,134.68115234375,138.24631801246798,134.61239520262438,137.77489399581836,91437900
20220613,129.52490234375,132.78560625742455,129.0927574306163,130.49721341200203,122207100
20220614,130.38917541503906,131.49900074632365,129.13203476822937,130.7525781704987,84784300
20220615,133.01148986816406,134.8873847695174,129.79989617338862,131.89184853709685,91533000
20220616,127.7374038696289,130.0257968459268,126.7356146942801,129.72133518143346,108123900
20220617,129.21060180664062,130.70346187381926,127.49185327093232,127.74721978746823,134520300
20220621,133.44369506835938,134.61244702705824,130.939243712639,131.03744896967027,81000500
20220622,132.93296813964844,135.29991972582334,131.5186808102628,132.38295585554104,73409200
20220623,135.80079650878906,136.11507419750754,133.2079418850883,134.37669341757493,72433800
20220624,139.1302947998047,139.37583039772065,137.27404627901228,137.40171459924213,89116800
20220627,139.1302947998047,140.92761717490586,138.45261415174812,140.15171629316146,70207900
20220628,134.9856414794922,140.85884829692233,134.86778919791305,139.59189131103963,67083400
20220629,136.74363708496094,138.15792407261875,134.2293557674798,135.00525640007206,66242400
20220630,134.27850341796875,135.89903230248103,131.38118647998766,134.79903766505709,98964500
20220701,136.4490203857422,136.5570566364842,133.23742590571564,133.61062978312276,71051600
20220705,139.03204345703125,139.08115356288656,134.4847204054961,135.3097312194843,73353800
20220706,140.36776733398438,141.54633502633234,138.56062920663072,138.82581180795694,74064300
20220707,143.7365264892578,143.93295194501385,140.72134254203155,140.73115856961377,66253700
20220708,144.4141845703125,144.91508669074653,142.41062104747897,142.66597262808202,64547800
20220711,142.28292846679688,144.02132426836204,141.2123971200697,143.0686451840122,63141600
20220712,143.25527954101562,145.79902455570198,142.45974665881124,143.15705931439427,77588800
20220713,142.89186096191406,143.83470899507392,139.58203186092555,140.4365056872071,71185600
20220714,145.81866455078125,146.29008864591398,140.69188068401962,141.50706056941064,78140700
20220715,147.48829650878906,148.16597704358819,145.55347512166446,147.1052616395071,76259900
20220718,144.4436798095703,148.86332029894717,144.08027695642463,148.04814036588357,81420900
20220719,148.303466796875,148.52935529848105,144.28650894193657,145.27846713272842,82982400
20220720,150.3070526123047,150.9749171763546,147.6847344414976,148.42134117440867,64823400
20220721,152.57579040527344,152.79186287917176,149.22668204614965,151.74096357554814,65086600
20220722,151.33827209472656,153.48916568446282,150.67042266234586,152.61505981778862,66675400
20220725,150.21864318847656,152.27131674461305,149.56060972730697,151.25971149976874,53623900
20220726,148.89276123046875,150.3561434947877,148.1070444852617,149.54096368293668,55138700
20220727,153.99008178710938,154.52044701167125,149.44277321253915,149.85527117258624,78620700
20220728,154.5400848388672,154.82489948966665,151.65258430440582,154.17668202554245,81378700
20220729,159.60792541503906,160.70793488273625,156.65168275313596,158.3606155964203,101786900
20220801,158.6257781982422,160.66863573230555,158.01685484186865,158.13470710792794,67829400
20220802,157.15257263183594,159.50972297268584,156.77936877558471,157.24097682201486,59907000
20220803,163.16329956054688,163.61507661089456,157.87936937014717,157.96775857743674,82507500
20220804,162.84902954101562,164.20439085358342,161.49366822844783,163.04545502447235,55474100
20220805,162.62277221679688,163.114525365312,160.31152641592973,160.51806934143676,56697000
20220808,162.15069580078125,165.04220702567798,161.49174831186727,163.62595540473944,60276900
20220809,162.1999053955078,163.0850703328182,160.55745118727944,161.31475546531706,63135500
20220810,166.4486541748047,166.54699582568117,164.14723743893427,164.91437134851807,70170500
20220811,165.71102905273438,168.16979550252623,165.41597407733548,167.25512657950156,57149200
20220812,169.261474609375,169.33031226065586,166.60599505436244,167.0190809905204,68039400
20220815,170.33349609375,170.53019439574174,168.52384770403629,168.6910420110852,54091700
20220816,170.17613220214844,170.84492444042124,168.82873307006977,169.93025557179138,56377100
20220817,171.67108154296875,173.24468311255228,169.72374265981617,169.92044098012414,79542000
20220818,171.2776336669922,172.01526346746522,170.26462327491188,170.8842371095866,62290100
20220819,168.6910400390625,170.8744256820194,168.48449706975865,170.1761294599256,70346300
20220822,164.80618286132812,167.05840602639253,164.38326728455968,166.89121173091766,69026800
20220823,164.47178649902344,165.92738691269662,163.90135093265715,164.32426652803133,54147100
20220824,164.76681518554688,165.33725066099007,163.50792827667766,164.56028725907692,53841500
20220825,167.2255859375,167.3337722378681,165.57330244873228,165.99620298200634,51218200
20220826,160.92135620117188,168.22881854744674,160.8623482022366,167.75673954884368,78961000
20220829,158.71827697753906,160.21319598841637,157.18400930436007,158.49205968709833,73314000
20220830,156.28903198242188,159.8788249449609,155.11865676791015,159.45592432505862,77906200
20220831,154.6269073486328,157.93149009277647,154.54822502054373,157.66593911136576,87991100
20220901,155.3546905517578,155.8070951296429,152.11894582091065,154.05645479166745,74229900
20220902,153.24014282226562,157.71510032446895,152.41400097767612,157.11516076913463,76957800
20220906,151.9812469482422,154.4990209999667,151.15510515135455,153.88925181756636,73714800
20220907,153.38768005371094,154.08596126340717,151.07643378022465,152.26648324611122,87449600
20220908,151.9123992919922,153.78105537712216,150.1617441609201,152.08942323375317,84923800
20220909,154.7744140625,155.21700399593914,152.19763181879884,152.9057577037595,68028800
20220912,160.73443603515625,161.55074810883656,156.6725650029193,156.9577752421011,104956000
20220913,151.3026123046875,157.89210180568796,150.84036312260494,157.2626583460396,122656600
20220914,152.74838256835938,154.50886749732993,151.07642462426648,152.23695501832623,87965400
20220915,149.85684204101562,152.67951517451553,148.88318046111743,152.09923508342544,90481100
20220916,148.21444702148438,148.85373533906042,145.92287475909458,148.71604501032593,162278800
20220919,151.9320831298828,152.01076545240036,146.64082825286496,146.8473562182448,81474200
20220920,154.3121795654297,155.47272515734463,150.5551921564435,150.8699064647989,107689800
20220921,151.18460083007812,156.12180702361462,151.06658486761725,154.74488909740035,101696800
20220922,150.22079467773438,151.92225679396847,148.42097590441998,149.86673172221157,86652500
20220923,147.94888305664062,148.97173827223702,146.10973061112034,148.69635763891162,96029900
20220926,148.28326416015625,151.23378336075643,147.17189712565283,147.19157145564952,93339400
20220927,149.2569580078125,152.16814418194363,147.47681344155066,150.22080529252614,84442700
20220928,147.36859130859375,148.15539940831013,142.45105944426174,145.20488028971093,146691400
20220929,140.12998962402344,144.30006222073425,138.3596750779143,143.69029304650877,128138200
20220930,135.92059326171875,140.739784043771,135.72389496609006,138.9497950371784,124925300
20221003,140.10049438476562,140.71027860420344,135.41900896557823,135.93043653465315,114311700
20221004,143.6903076171875,143.80832359652302,141.88064422703837,142.6379484443843,87830100
20221005,143.9853515625,144.94919877755754,140.65126498965273,141.6937945288243,79471000
20221006,143.03131103515625,145.1065098853438,142.82478312042986,143.40504822367146,68402200
20221007,137.77943420410156,140.7397986362367,137.14999058855568,140.18902234140444,85925600
20221010,138.10397338867188,139.5497290653031,136.28449546728626,138.10397338867188,74899000
20221011,136.68771362304688,139.01863396780078,135.94025417061508,137.59253769929057,77033700
20221012,136.05825805664062,138.04494498633176,135.88123412590454,136.83523643828954,70433700
20221013,140.63157653808594,141.2216713360496,132.15374170783133,132.76352584164425,113224000
20221014,136.09764099121094,142.1363705990491,135.9107723458466,141.92982762072035,88598000
20221017,140.0611572265625,140.5430657827838,137.95645402263972,138.7432621845146,85250900
20221018,141.37905883789062,144.2804000004446,138.2908490399077,143.0903655439518,99136600
20221019,141.48724365234375,142.55926212019432,139.16616774549112,139.35303637893844,61758300
20221020,141.02499389648438,143.4837601022304,140.29719369702107,140.6611013003117,64522000
20221021,144.84100341796875,145.41143897685419,140.29719327846567,140.51356590449524,86548600
20221024,146.98504638671875,147.75218027161432,143.59195189473937,144.76232705447245,75981900
20221025,149.827392578125,149.97492757312142,146.89654709772452,147.61450271725704,74732300
20221026,146.88668823242188,149.48314455270017,145.59828223025528,148.47013415168624,88194300
20221027,142.4117431640625,146.5916457586151,141.75279561471663,145.62781359762897,109180200
20221028,153.17129516601562,154.90226106166642,145.3819261249116,145.75564835945892,164762400
20221031,150.8108673095703,151.6960320711127,149.41429002672785,150.63384336153183,97943200
20221101,148.16525268554688,152.88608702918296,146.6703335656384,152.52219441549875,80379300
20221102,142.63796997070312,149.66020693618322,142.60846597141662,146.49331428438626,93604600
20221103,136.58941650390625,140.44476100108147,136.46155582949885,139.71696063409377,97918500
20221104,136.3234100341797,140.54964571240953,132.38285778027205,139.97826383175124,140814800
20221107,136.85536193847656,137.08193945756335,133.6536636073325,135.07226465763827,83374600
20221108,137.42672729492188,139.32803609159419,135.44660566800263,138.32320632796907,89908500
20221109,132.86558532714844,136.49090174990351,132.589747831419,136.4416418330912,74917800
20221110,144.6871795654297,144.6871795654297,137.4267190059668,139.14086413842483,118854000
20221111,147.47515869140625,147.7805490726991,142.2243712372686,143.6528333928847,93979700
20221114,146.07626342773438,148.04653945457946,145.23889010351994,146.75601106211803,73374100
20221115,147.8101043701172,151.3073474058049,146.35210428518187,149.95771310615612,89868300
20221116,146.57867431640625,147.64262514508096,145.10096733747125,146.91363265596118,64218300
20221117,148.47998046875,149.2286798359038,143.97789320265173,144.25373060276158,80389400
20221118,149.0415496826172,150.4305981338356,147.74117509255214,150.04639484222366,74829600
20221121,145.81024169921875,148.13516752974954,145.52455834869187,147.92829700778424,58724100
20221122,147.94802856445312,148.1844671134609,144.7463298277078,145.92850754073268,51804100
20221123,148.8247833251953,149.57348268525726,147.12048400893244,147.22884977452136,58301400
20221125,145.90879821777344,146.66735873059727,144.93350612985708,146.1058228227629,35195900
20221128,142.07659912109375,144.46063120272478,141.24908683464577,142.9829242489195,69246000
20221129,139.07192993164062,142.65783165746328,138.2641245866872,142.14555568748492,83763800
20221130,145.82998657226562,146.50973424229787,138.46115805437884,139.29851639049443,111380900
20221201,146.10581970214844,146.91364010696918,144.4310880474874,146.00731491776455,71250400
20221202,145.61325073242188,145.80042936443078,143.48534896644694,143.79075438457457,65447400
20221205,144.45077514648438,148.67701012513257,143.60355595085647,145.5738317516645,68826400
20221206,140.7860565185547,145.11081116378415,139.81076461635996,144.88423366279338,64727200
20221207,138.84532165527344,141.2391992545666,137.9192897333707,140.07674388503568,69721100
20221208,140.52992248535156,141.38700272319693,139.00297068921475,140.24423909407787,62128300
20221209,140.0472412109375,143.4065658669265,138.80595753740835,140.22455886029022,76097000
20221212,142.34259033203125,142.35243630018152,138.9635592869445,140.5791849523235,70462700
20221213,143.3080291748047,147.7411502710795,142.0963136174533,147.27813419846305,93886200
20221214,141.08163452148438,144.4803579746899,139.0620984014011,143.18982946326526,82291200
20221215,134.4713592529297,139.69259452336593,134.00834311374663,139.01284678575612,98931900
20221216,132.51092529296875,135.60425843945495,131.7425187492694,134.65853424660116,160156900
20221219,130.40274047851562,133.1906834258734,129.36835738020926,133.10202459436422,79592600
20221220,130.3337860107422,131.2696642881948,127.95959935664524,129.43730664694388,77432800
20221221,133.4369354248047,134.7767236692483,130.77706590433928,131.003643429146,85928000
20221222,130.2648162841797,132.56019002895044,128.36350682744728,132.35331943074394,77852100
20221223,129.90028381347656,130.45195863115794,127.71327647766012,128.97425178436364,63814900
20221227,128.0974884033203,129.45698360544398,126.80696007412172,129.42743066905106,69007800
20221228,124.16677856445312,129.08261445216485,123.99930692968266,127.74282634199004,85438400
20221229,127.6837158203125,128.5407809293698,125.83165939011434,126.0877898165425,75703700
20221230,127.99897003173828,128.01867700022572,125.53613260725537,126.50157113096991,77034200
20230103,123.21119689941406,128.9545451464431,122.32457128587431,128.3437644584535,112117500
20230104,124.4820327758789,126.74785308207225,123.22105739420844,125.00415469022626,89113600
20230105,123.16194915771484,125.87107865122056,122.9058186898535,125.24059093401247,80962700
20230106,127.69355010986328,128.35359059730803,123.0338527698974,124.1372097536294,87754700
20230109,128.2156982421875,131.4272575812406,127.95956778658704,128.530949601707,70790800
20230110,128.78709411621094,129.30921608440133,126.21588318349379,128.32407802637962,63896200
20230111,131.50607299804688,131.52576493439358,128.52110615216108,129.29935853420528,69458900
20230112,131.42724609375,132.26460425926095,129.48652329837336,131.89026209256642,71379600
20230113,132.75717163085938,132.9147972949888,129.70325330640753,130.0677495016975,57809700
20230117,133.91966247558594,135.24958975985854,132.1365650960417,132.82615869144374,63646600
20230118,133.20050048828125,136.54996329562516,133.0231678517452,134.7865730896908,69672800
20230119,133.2596435546875,134.22507474572916,131.7819363097804,132.08732673527206,58280400
20230120,135.8209686279297,135.9687483442848,132.22522101014553,133.26946486486585,80223600
20230123,139.01283264160156,141.18999437445396,135.85053284595898,136.06726442233395,81760300
20230124,140.41172790527344,141.03236969957698,138.21487421828232,138.22472018745663,66435100
20230125,139.7516632080078,140.3131839948148,136.7469896041819,138.7960782416761,65799300
20230126,141.82046508789062,142.10614847767724,139.79106829556534,141.0421976938989,54105100
20230127,143.76116943359375,145.04185173584784,140.95353538112576,141.03234821855804,70555800
20230130,140.87474060058594,143.38684562469143,140.72697590646771,142.80561778514152,64015300
20230131,142.1455535888672,142.19481349464007,140.16543164570373,140.57918779657314,65874500
20230201,143.2686309814453,144.4311017910948,139.21972769926688,141.83033773006647,77663600
20230202,148.5784912109375,148.93312639059383,145.9678670041684,146.68701339404373,118339000
20230203,152.2038116455078,155.04101372137666,145.6329433931969,145.82996797468513,154357300
20230206,149.4749755859375,150.82462478693864,148.53909754834626,150.30250288074524,69858300
20230207,152.35157775878906,152.9229595728958,148.4011799958932,148.4011799958932,83322600
20230208,149.6621551513672,152.28262569889247,148.9233016908853,151.5930321421785,64120100
20230209,148.6277618408203,152.0363458567265,148.18445275739066,151.49451696275133,56007100
20230210,148.99282836914062,149.31842209117474,147.226745512614,147.46354505272012,57450700
20230213,151.79490661621094,152.1994184714387,148.90403717735236,148.9336352385894,62199000
20230214,151.15359497070312,151.71598829923826,148.84485563822165,150.08801949687324,61707600
20230215,153.255126953125,153.4228543120151,150.83785669682248,151.06478017591323,65573800
20230216,151.65675354003906,154.24175084931028,151.3015618059057,151.45941308943844,68167900
20230217,150.5122528076172,150.95623873407766,148.83496427712012,150.314927401964,59144100
20230221,146.49661254882812,149.27895045459564,146.42755543146694,148.19363813923312,58867200
20230222,146.92088317871094,147.94698436963745,145.19425945136115,146.88140906273446,51011300
20230223,147.4043426513672,148.3317887532872,145.27320688340583,148.0851281966049,48394200
20230224,144.75025939941406,145.22384336023686,143.77347836618958,145.14491019093927,55469600
20230227,145.94410705566406,147.1774097603546,145.48038403430326,145.73692063205627,44998500
20230228,145.44091796875,147.08860849628215,144.86866373473268,145.08572620470352,50547000
20230301,143.36898803710938,145.26333941787928,143.07299234059016,144.86868852583132,55479000
20230302,143.96096801757812,144.7502847940671,141.97780754659183,142.4514066454644,52238100
20230303,149.01255798339844,149.0914911594904,145.36198515518814,146.0624926286878,70732300
20230306,151.775146484375,154.21215352218627,151.41009374796985,151.7356723720831,87558000
20230307,149.574951171875,151.9724842932115,149.1112281718285,151.64689058754286,56182000
20230308,150.82798767089844,151.41997901042942,149.80188641133856,150.76879154793838,47204800
20230309,148.5784149169922,152.47564779944702,148.22322319539091,151.50874285646216,53833600
20230310,146.51637268066406,148.92378215572674,145.63826168901898,148.2035375357173,68572400
20230313,148.4600372314453,151.09436981836478,145.72703441304543,145.83556564568843,84457100
20230314,150.55169677734375,151.35087437586574,148.09496787151124,149.25919818665145,73695900
20230315,150.94638061523438,151.20290214198522,147.91738213550175,149.17042182051847,77167900
20230316,153.76815795898438,154.3700101664544,149.6143886164517,150.1274466592856,76161100
20230317,152.9295196533203,154.64628226147335,152.21913616408204,153.99509488717774,98944600
20230320,155.29745483398438,155.7118577491849,152.0908681263484,152.99859207349292,73641400
20230321,157.15235900878906,157.2707512481165,154.44895412275298,155.21854884327422,73938300
20230322,155.7217254638672,159.97415053377057,155.7019884063488,157.17209056471103,75701800
20230323,156.80702209472656,159.39203464017027,155.57371946683134,156.70836691747317,67622100
20230324,158.10939025878906,158.1981844310787,155.74145533462084,156.73795839634036,59196500
20230327,156.16575622558594,158.6225011955429,155.761229232647,157.80358620555725,52390300
20230328,155.5441131591797,156.3729039229444,153.8964227422894,155.85984584155918,45992200
20230329,158.62245178222656,158.8987103608656,157.22142183199622,157.241143834068,51305700
20230330,160.1912078857422,160.2997391161816,159.11577163727372,159.37229315696538,49501700
20230331,162.69728088378906,162.79595111857384,159.74723055627194,160.27014967971024,68749800
20230403,163.95033264160156,164.06872488806627,162.0263833617239,162.07571848273926,56976200
20230404,163.41757202148438,164.61140079602018,162.90451380050268,164.3746162747725,46278300
20230405,161.572509765625,162.84528654392068,159.63869962188485,162.53942989245922,51511700
20230406,162.4604949951172,162.75649064193277,159.83602334429725,160.26027222926052,45390100
20230410,159.8656005859375,159.8656005859375,157.94165171461705,159.26374836927192,47716900
20230411,158.6520538330078,160.19121311129285,158.36591919116847,160.1813521100088,47644200
20230412,157.96141052246094,159.89522066020655,157.64567781550258,159.06644488688698,50133100
20230413,163.34848022460938,163.58527977239888,159.26378211877287,159.47098360495934,68445600
20230414,163.00315856933594,164.0983319737809,161.63172656331614,162.39143019016473,49386500
20230417,163.0228729248047,163.1807392768596,161.83890539432053,162.8847436304976,41516200
20230418,164.24627685546875,165.17372264212034,163.43722327819037,163.88122417326096,49923000
20230419,165.3908233642578,165.91374248336922,163.32872989204589,163.58526647837797,47720200
20230420,164.4239044189453,165.62760901810955,163.34846811386117,163.87138723669895,52456400
20230421,162.81568908691406,164.226580111448,162.29276996055185,162.84528714652217,58337300
20230424,163.12155151367188,163.387949114539,161.70078438233358,162.79595779149312,41949600
20230425,161.5823974609375,164.08846202710322,161.54292334211996,162.98342757965568,48714100
20230426,161.572509765625,163.07221001839787,160.625341751742,160.8818632857178,45498800
20230427,166.16036987304688,166.3083601395191,162.983381676448,162.983381676448,64902300
20230428,167.41342163085938,167.5811640335514,165.63747792316207,166.23933019675923,55275900
20230501,167.3246307373047,168.17314354860417,166.387323749872,167.0187740939811,52472900
20230502,166.28868103027344,168.07451617943886,165.30203876342605,167.81797955488014,48425700
20230503,165.2132110595703,168.6368602354505,164.92709148440827,167.23583030731814,65136000
20230504,163.57537841796875,164.8086809772467,162.11515240317325,162.68740659727376,81235400
20230505,171.25149536132812,171.97173995816638,168.47901810918157,168.6960805994559,113453200
20230508,171.18240356445312,171.5277343198539,169.8109716539451,170.1760244116815,55962800
20230509,169.47552490234375,171.22187065365208,169.3077975448434,170.73842563937583,45326900
20230510,171.24160766601562,171.70533067690712,169.60377809797177,170.70882753380215,53724500
20230511,171.42904663085938,172.2578222934666,169.8701504721675,171.52771685234399,49514700
20230512,170.50035095214844,171.97247152405595,168.94917294661113,171.5377460938216,45533100
20230515,170.00637817382812,171.13270559351218,169.41356792102977,171.0833022264805,37266700
20230516,170.00637817382812,171.0635378645096,169.73961205248978,169.9273358017356,42110300
20230517,170.618896484375,170.8560084675657,168.37611683004315,169.65065404284252,57951600
20230518,172.95059204101562,173.13831574371522,170.51021405749552,170.92517510124802,65496700
20230519,173.05926513671875,174.27450921230027,172.84190244667505,174.27450921230027,55809500
20230522,172.11077880859375,172.61467191708667,171.36977372037438,171.89341610998645,43570900
20230523,169.50245666503906,171.30063640969706,169.22581594675142,171.0536346915268,50747300
20230524,169.77908325195312,170.35212899950594,168.4749221279745,169.03807815911904,45143500
20230525,170.91531372070312,171.814388514026,169.63090177565675,170.3422679275043,56058300
20230526,173.32601928710938,173.66195304430255,171.03385143516303,171.24133948884744,54835000
20230530,175.17361450195312,176.84334846181008,174.45237373510062,174.8376957969301,55964400
20230531,175.12420654296875,177.19902686801004,174.64007778024913,175.20324889662425,99625300
20230601,177.9301300048828,177.95976900098933,174.8080250915144,175.5687945017499,68901800
20230602,178.7798309326172,179.5998784017098,177.11009699591673,178.8588732872537,61996900
20230605,177.42628479003906,182.731877134779,175.90474568833295,180.43970891607717,121946500
20230606,177.0607147216797,177.95978950011875,175.30204865399,177.81159450251565,64848400
20230607,175.6873779296875,179.03672040758232,175.19337452542106,176.29993732672585,61944600
20230608,178.40440368652344,178.67115468077665,175.3317017878174,175.76641213704826,50214900
20230609,178.78970336914062,180.04446105377914,178.46365934119785,179.3232203666376,48900000
20230612,181.5857696533203,181.68457636718009,178.79959821677159,179.09600328256303,54274900
20230613,181.1115264892578,181.94144859403625,180.2519653861507,180.6076484418825,54929100
20230614,181.7438507080078,182.1785761189824,179.8370047903456,181.17080494588566,57462900
20230615,183.77915954589844,184.28305271752754,181.5759083620863,181.75375744495216,65433200
20230616,182.7022247314453,184.7474061455162,182.0600263098281,184.49051471623886,101256200
20230620,182.7911376953125,183.86807659469073,182.19834264439277,182.19834264439277,49799100
20230621,181.75375366210938,183.18636063386023,180.40017397466633,182.68246747271866,49515700
20230622,184.75726318359375,184.8066665365007,181.46719888037438,181.53636658960147,51245300
20230623,184.44113159179688,185.3105825386594,182.79116178184807,183.32469398134634,53117000
20230626,183.04803466796875,185.79469252512132,183.00850595123646,184.58932295318664,48088700
20230627,185.8045654296875,186.13060949863421,183.4432296659109,183.66059237854205,50730800
20230628,186.98028564453125,187.6224840299043,185.3500804657921,185.67610944091012,51216800
20230629,187.3162384033203,187.79049260495555,186.6740399011505,186.81236027434662,46347300
20230630,191.64369201660156,192.14757008838143,188.96618679019105,189.33175958026345,85213200
20230703,190.1518096923828,191.5547776450248,189.46019281962833,191.45597092726317,31458200
20230705,189.0353546142578,190.66555990536892,188.33386310926684,189.27248168829453,46920300
20230706,189.50958251953125,189.7170705815605,186.9308841600135,187.56320791106293,45094300
20230707,188.39315795898438,190.3592972164489,187.95844756471837,189.11441388693564,46815000
20230710,186.34796142578125,187.71141562141005,184.79678352776446,186.9901598095207,59922200
20230711,185.8243408203125,187.02971045254367,184.36209481962464,186.8913900886379,46638100
20230712,187.49403381347656,189.40087948911426,186.20962210110736,187.40510175376477,60750200
20230713,188.2548065185547,188.89701997543003,187.5039267878899,188.21529288043007,41342300
20230714,188.4030303955078,188.88714410801785,187.35574553686786,187.94854060692288,41616200
20230717,191.66343688964844,191.9894809296959,189.50957431242833,189.59849130268125,50520200
20230718,191.40658569335938,191.99939590448753,190.1122989773791,191.03115329704877,48288200
20230719,192.7601318359375,195.85258285437448,190.3395031262878,190.7841182449009,80507300
20230720,190.81375122070312,194.1136901954007,190.19130213491889,192.7502360363635,59581200
20230721,189.63803100585938,192.63169045749675,188.93653953192955,191.77212935032986,71951700
20230724,190.43833923339844,192.57243785933966,189.94433575938186,191.09042743728986,45377800
20230725,191.29786682128906,192.1080396126164,190.6062650944163,191.01135149007996,37283200
20230726,192.16729736328125,193.29362436433283,191.0014567287653,191.34725001788098,47471900
20230727,190.90264892578125,194.83491122937494,190.24068626964305,193.66907060161117,47460200
20230728,193.4813690185547,194.2717774555962,191.81163515269853,192.33527753863382,48291400
20230731,194.0939483642578,194.13347708185938,192.91821776612247,193.70862628447964,38824100
20230801,193.26402282714844,194.37058568804014,192.93797875368105,193.88647197429418,35175100
20230802,190.27037048339844,192.83917937620112,189.54912966810338,192.7008590133255,50389300
20230803,188.87730407714844,190.06290951030059,188.40306491904576,189.27251593872649,61235200
20230804,179.80734252929688,185.13269797319032,179.7381748247779,183.29500493096032,115956800
20230807,176.7050323486328,180.93370048918646,175.2230220636036,179.9456936325003,97576100
20230808,177.6436309814453,178.10799539743132,175.45025461361834,177.5349496271552,67823000
20230809,176.05296325683594,178.76009268860713,174.88710720037176,178.7008146829172,60378500
20230810,175.8355712890625,178.58222898523437,175.47001359754938,177.3274561288203,54686900
20230811,175.89492797851562,176.71608281179377,174.6681548123879,175.4299516016464,52036700
20230814,177.54714965820312,177.77469387045335,175.42005736478495,176.0730260741773,43675600
20230815,175.55856323242188,177.56692432110017,175.1628328578025,176.9733287591711,43622600
20230816,174.68795776367188,176.63694575843348,174.61869664349865,175.24198634047178,46964900
20230817,172.14535522460938,175.61793712814787,171.6308936142582,175.25188574378228,66062900
20230818,172.630126953125,173.23362560342792,170.12709527960956,170.46346761685473,61172200
20230821,173.96571350097656,174.2526308376999,171.88810651020768,173.2039318191006,46311900
20230822,175.34091186523438,175.78611232307705,174.3713618531986,175.17272569654475,42038900
20230823,179.18942260742188,179.61484705303545,176.42916808280543,176.6171452729967,52722800
20230824,174.49998474121094,179.16967585239115,174.13391827576947,178.74425133745834,54945800
20230825,176.70620727539062,177.2404448053197,173.9459523611551,175.4893219988908,51449600
20230828,178.2693634033203,178.66509377862053,176.6468447107556,178.17042326142217,43820700
20230829,182.15745544433594,182.9291401969668,177.58670497165372,177.78457014737916,53003900
20230830,185.6498565673828,185.84773686983334,182.7708853589575,182.96875056526045,60813900
20230831,185.8674774169922,187.10415359099386,185.48163505454943,185.8377983965077,60794500
20230901,187.44052124023438,187.8956095704914,186.27309120494724,187.47020025759275,45766500
20230905,187.677978515625,187.95499277883354,185.61025951662367,186.27311615331163,45280000
20230906,180.96034240722656,186.83702959860793,179.5356891370561,186.39181412957188,81755800
20230907,175.66737365722656,176.31045432139675,171.69021887943939,173.31273740579792,112488800
20230908,176.28074645996094,178.31880130389678,175.89490413000163,176.44894769007192,65551300
20230911,177.44821166992188,178.3781946740771,175.44973851819339,178.15065045906456,58953100
20230912,174.4208526611328,178.2100311835526,172.9566319449459,177.5768534336219,90370200
20230913,172.35311889648438,175.41017925863045,172.1255595752841,174.6285913393108,84267900
20230914,173.86679077148438,174.22295413122683,171.72981061302968,172.14533201670497,60895800
20230915,173.1445770263672,174.61870067060727,171.96727382158934,174.5989096220804,109259500
20230918,176.07301330566406,177.46798769380123,174.2921965438023,174.59888982853914,67257600
20230919,177.1613006591797,177.71532920549458,175.24197669791334,175.62781908525017,51826900
20230920,173.61947631835938,177.78459392537832,173.53042414564908,177.34928142287384,58436200
20230921,172.07608032226562,174.42082885900223,172.006834299268,172.68948203416045,63149100
20230922,172.9269256591797,175.19252525078977,172.19482290064929,172.80820955696336,56725400
20230925,174.20318603515625,175.0836990271703,172.2937498255981,172.34321990077478,46172700
20230926,170.1270751953125,173.33253018900052,169.83026989319274,172.9565908960506,64588900
20230927,168.61338806152344,171.19556880826096,167.24810767663843,170.78004737841366,66921800
20230928,168.87060546875,170.19631868961176,165.83332157268651,167.53498917707262,56294400
20230929,169.38510131835938,171.22527642192762,168.5243642708508,170.18646521737097,51861100
20231002,171.89797973632812,172.44212024536975,169.108031178775,169.39494849088058,52164500
20231003,170.5623779296875,171.77927819729268,168.99923247491208,170.42387079713225,49594600
20231004,171.80897521972656,172.35311583182798,169.14764530465982,169.26636140324675,53020300
20231005,173.04562377929688,173.57986123329636,170.83938266052527,171.93755168454948,48527900
20231006,175.59814453125,176.092815045354,171.33407201891083,171.94747372177912,57266700
20231009,177.08213806152344,177.1414961017949,173.92613808717138,174.9253669894116,42390800
20231010,176.48854064941406,177.80436599291428,176.05322819338144,176.20163840129018,43698000
20231011,177.88351440429688,177.9329844734106,175.70696722860302,176.300562769531,47551100
20231012,178.7838134765625,180.39642899359671,177.13160077070958,178.1506358590928,56743100
20231013,176.9436492919922,179.9908063804386,176.24121051823693,179.48624788964275,51427100
20231016,176.8150177001953,177.17118104988546,174.6285675347915,174.86601479996662,52517000
20231017,175.2617645263672,176.51823191229096,172.93682206936518,174.76709399132676,57549400
20231018,173.96571350097656,175.68717223288098,173.2434988158149,173.70849028197048,54764400
20231019,173.58978271484375,175.9444040866048,173.32265641144056,174.16358722416024,59302900
20231020,171.03729248046875,173.55021220691836,170.79984518424126,173.44138408316581,64244000
20231023,171.156005859375,172.15523490983713,168.1187215150264,169.08828663709707,55980100
20231024,171.59130859375,171.81885280099095,169.62251453312876,171.20546620053886,43816600
20231025,169.27627563476562,171.21537582153513,168.83106004342108,170.04796051874604,57157000
20231026,165.11109924316406,169.55324523930184,163.90410215906684,168.554001286647,70625300
20231027,166.42694091796875,167.1590586780216,165.05175755916278,165.13090664912622,58499100
20231030,168.47488403320312,169.3455090048735,167.07002152646473,167.218431744534,51131000
20231031,168.9497833251953,169.07838740239757,166.1103641120373,167.54492077929578,44846000
20231101,172.11566162109375,172.37288485640974,168.3066925856151,169.1773175299865,56934900
20231102,175.67730712890625,175.88506030695757,173.58979679508,173.64915484595178,77334800
20231103,174.76708984375,174.93529110628108,171.5022764668811,172.38278939451087,79829200
20231106,177.319580078125,177.51744525540883,174.3317811800047,174.49996733550321,63841300
20231107,179.88197326660156,180.4953598060514,177.06234560698942,177.27009874628624,70530000
20231108,180.94056701660156,181.4945955371222,179.65442075331012,180.40632954214095,49340300
20231109,180.4656982421875,182.1574629246798,179.87208759448916,181.00983881988668,53763500
20231110,184.65611267089844,184.8245355233408,181.81296804065445,182.2488540012565,66133400
20231113,183.0710906982422,184.28957909475855,182.4866141219331,184.0815522328342,43627500
20231114,185.68637084960938,186.3501007196846,184.55703694714765,185.94393292700153,60108400
20231115,186.2510528564453,187.72711849110286,186.02320887124122,186.09256123667055,53790500
20231116,187.93516540527344,189.173470968727,186.88506958999568,187.79647578680803,54412900
20231117,187.91534423828125,188.5988913131576,186.80582731444395,188.47010270019993,50922700
20231120,189.65887451171875,190.1145776039652,188.10357060538217,188.11347160798348,46505100
20231121,188.85647583007812,189.72824786854497,187.96490178421791,189.61927636373662,38134500
20231122,189.5201873779297,191.12502655036587,189.0446822742513,189.69851123933077,39617700
20231124,188.1927490234375,189.1140412122163,187.47948372810842,189.08432308458063,24048300
20231127,188.014404296875,188.886176253634,187.13273133734725,188.14319291304204,40552600
20231128,188.61871337890625,189.29235952290682,187.62806884410938,188.00451860446373,38415400
20231129,187.59832763671875,190.29288164913223,187.2020759179661,189.11401237919708,43014200
20231130,188.17288208007812,188.53943075060016,186.42935355090071,188.06391060225252,48794400
20231201,189.45083618164062,189.76783452208102,187.45963130874318,188.54934617033052,45704800
20231204,187.65777587890625,188.2719857330804,185.69630404843608,188.20263336404662,43389500
20231205,191.61044311523438,192.58127042048946,188.40074973234698,188.43048297188668,66628400
20231206,190.52073669433594,192.93789631295678,190.3126947209947,192.63079897005184,41089700
20231207,192.45249938964844,193.17566559760107,191.7788533108163,191.81848755335412,47477700
20231208,193.87901306152344,194.15639227120218,191.8580901155405,192.38313041357762,53406400
20231211,191.3726806640625,191.6797931299085,189.62915193698308,191.30334341541183,60943700
20231212,192.88839721679688,192.8982982200226,189.92636472047343,191.27364184491046,52696900
20231213,196.1079559326172,196.14757505430106,193.02705149757753,193.26479645974607,70404200
20231214,196.25657653808594,197.75244424587422,194.32482284497263,196.16742216364264,66831600
20231215,195.72161865234375,196.54384019084355,195.15694409646994,195.6819844119138,128538400
20231218,194.0573272705078,194.79040955452615,192.5713606983871,194.25545312358386,55751900
20231219,195.09751892089844,195.1074199235508,194.0573392330858,194.32481746504553,40714100
20231220,193.0072479248047,195.8305753609382,193.0072479248047,195.05787394759355,52242800
20231221,192.858642578125,195.23619818360498,191.6896894536902,194.26537091395173,46482500
20231222,191.7887725830078,193.58183662844655,191.16466173906855,193.35397752019378,37149600
20231226,191.24391174316406,192.0760494430794,191.02596875756228,191.7986702097743,28919300
20231227,191.34300231933594,191.68973398277396,189.3022768205659,190.68918835828072,48087700
20231228,191.76895141601562,192.8388492190412,191.36278357008254,192.32370988068791,34049900
20231229,190.728759765625,192.58125990446206,189.9362412446781,192.08593771837442,42672100
20240102,183.90322875976562,186.67703614744315,182.16960103197144,185.39909638597572,82488700
20240103,182.52622985839844,184.1409850600839,181.7138941984477,182.49651173581816,58414500
20240104,180.20811462402344,181.37706768373354,179.18775216816366,180.4458595901839,71983600
20240105,179.48495483398438,181.05017488447822,178.48440937769652,180.28738953880892,62379700
20240108,183.823974609375,183.86360885082058,179.80196071659407,180.38643729162627,59144500
20240109,183.4079132080078,183.41781421075365,181.0204564512382,182.19932576748687,42841800
20240110,184.4480743408203,184.65610118978807,182.19930742900604,182.62529236075727,46792900
20240111,183.85369873046875,185.3000462697353,181.90212796654464,184.79480792904317,49128400
20240112,184.18060302734375,184.99293868218925,183.45743685571247,184.3192926371913,40477800
20240116,181.9120330810547,182.5361287641061,179.23728115128065,180.45578462721193,65603000
20240117,180.9709014892578,181.21856257523459,178.61317822966134,179.5741044525339,47317400
20240118,186.8652801513672,187.37050341346043,184.09147247948349,184.34903461223058,78005800
20240119,189.76785278320312,190.15420352293785,187.0534966021051,187.5587198414397,68903000
20240122,192.07603454589844,193.50256484427592,190.4612794003693,190.5009136397872,60133900
20240123,193.35397338867188,193.91864797179585,192.01661247228014,193.19548176740474,42355600
20240124,192.68032836914062,194.542744606446,192.5218216434054,193.59171936806808,53631300
20240125,192.3534393310547,194.43379881211092,191.30335858737243,193.3936190715828,54822100
20240126,190.61981201171875,192.9379165033589,190.14430688636483,192.45251037482265,44594000
20240129,189.93626403808594,190.40186815816608,187.80638442872507,190.21364328629937,47145600
20240130,186.28077697753906,190.0056098088079,185.71611749758625,189.1536549714469,55859400
20240131,182.6748504638672,185.34960286351708,182.62533032879216,185.29015149256165,55467800
20240201,185.11181640625,185.20097077595153,182.1002640289582,182.26867176596141,64885400
20240202,184.1112823486328,185.5774319441079,177.57302274507782,178.1773164815156,102551700
20240205,185.92413330078125,187.47945226083425,184.10135123689923,186.3897373769733,69668800
20240206,187.5290069580078,187.53890796123954,185.0226775811573,185.1118319583491,43490800
20240207,187.63795471191406,189.26261088240534,186.84543618864265,188.85644306077413,53439000
20240208,186.5581512451172,187.76672344534998,185.59722501634783,187.6181328392653,40962000
20240209,187.3219451904297,188.45272038917548,186.47881682618166,187.12355136214254,45155200
20240212,185.63568115234375,187.14338640307878,185.27859346494134,186.8954092628083,41781900
20240213,183.54275512695312,184.70330147289806,182.02513622573113,184.26685928046126,56529500
20240214,182.65994262695312,184.02878118831165,180.96378758253468,183.8204888809099,54630500
20240215,182.372314453125,182.99722170980874,179.88262933424807,182.06482521105013,65434500
20240216,180.83485412597656,183.35431044132238,180.20003322850718,181.93587327545112,49752500
20240220,180.09091186523438,180.95386745060242,178.54353696650966,180.31904659124555,53665600
20240221,180.84475708007812,181.41013702999714,179.19818540957374,180.46782702325083,41371400
20240222,182.878173828125,183.463411373256,180.98364000764028,181.99537582737872,52292200
20240223,181.04315185546875,183.54275049121756,180.75548990166286,183.51299444569602,45119700
20240226,179.69415283203125,181.28119739799624,179.18826979539264,180.7654158601022,40867400
20240227,181.1522674560547,182.43182285515786,178.10710087323727,179.63464855081253,54318900
20240228,179.95205688476562,181.63829848228303,178.67250144683115,181.03323362922586,48953900
20240229,179.28746032714844,181.09274105155225,178.07733075339527,179.80325698202418,136682600
20240301,178.20628356933594,179.06923911535185,175.94473341504965,178.0971730296413,73563100
20240304,173.68316650390625,175.46858951163802,172.38375378915603,174.72465821330945,81510100
20240305,168.7434539794922,170.64791631173568,168.2474997741583,169.37827475690668,95132400
20240306,167.75157165527344,169.85442810491517,167.31512946505867,169.67587669286206,68587700
20240307,167.63253784179688,169.34853532264208,167.12666995146384,167.78131806385875,71765100
20240308,169.34852600097656,172.29449531822434,167.57301652903823,167.6325286145872,76267000
20240311,171.35220336914062,172.96901916174485,170.65787040570808,171.54066841678448,60139500
20240312,171.82830810546875,172.62183794587216,169.62626998762764,171.7489536078961,59825400
20240313,169.74530029296875,171.78862930722158,169.3782838692582,171.3720295685671,52488700
20240314,171.60015869140625,172.89955631533712,170.65784870831544,171.5108905650266,72913500
20240315,171.22323608398438,171.22323608398438,168.91208752136302,169.78497182252738,121752700
20240318,172.31434631347656,176.27206668827822,172.11596763998543,174.1493830977455,75604200
20240319,174.65525817871094,175.18096849600929,171.62993409357304,172.92933186407737,55215200
20240320,177.22430419921875,177.22430419921875,173.67326966604173,174.29817691484007,53423100
20240321,169.9833526611328,176.05384289670778,169.45764237357878,175.61740074055217,106181300
20240322,170.88600158691406,171.64977539848843,168.68396342338923,170.37020490965267,71160100
20240325,169.4675750732422,170.54875171721093,168.078894077347,169.1898419011277,54288300
20240326,168.33680725097656,170.0329624014482,168.20785429573576,168.6244540719099,57388400
20240327,171.9076690673828,172.19533102381604,168.73356472173438,169.03114031499092,60273300
20240328,170.0924530029297,170.83638432396197,169.13030061690222,170.36027251639132,65672700
20240401,168.65420532226562,169.86433493378763,168.1086526063626,169.80482284392966,46240500
20240402,167.47381591796875,167.96977013364764,166.86875116942764,167.71187939021036,49329500
20240403,168.27728271484375,169.29894733031932,167.2159484161416,167.42424073989756,47691700
20240404,167.45399475097656,170.5289019190824,167.45399475097656,168.9120862737285,53704400
20240405,168.20782470703125,169.01126807227428,167.58291758503302,168.2177383421046,42104800
20240408,167.08697509765625,167.83090643391947,166.87868279928273,167.66228381393842,37425500
20240409,168.29710388183594,168.70378997636425,166.98779260608748,167.33495148030394,42373800
20240410,166.42239379882812,167.7217914097351,165.7578169724605,167.4341446269544,49709300
20240411,173.62367248535156,174.04028741115994,166.79935169580833,166.97788797659143,91070300
20240412,175.12144470214844,176.91679662448954,172.80038249764078,172.8499658132502,101670900
20240415,171.2926788330078,175.20080068867838,171.10421379905583,173.94107267383276,73531800
20240416,168.0094757080078,172.35402488220237,166.9084566077323,170.360294137519,73711200
20240417,166.64060974121094,169.2691609240719,166.64060974121094,168.2375828566437,50901200
20240418,165.68836975097656,167.2754292189987,165.20234432957687,166.67036449953886,43122900
20240419,163.6649169921875,165.05358296102196,162.75236290762146,164.86513304300607,68149400
20240422,164.49810791015625,165.9066162144586,163.43677364744048,164.18070504913473,48116400
20240423,165.54953002929688,165.69832539217154,163.58555534900174,164.01208389352126,49537800
20240424,167.65235900878906,167.93009214499835,164.86509887626792,165.19241532333402,48251800
20240425,168.51535034179688,169.22952573993217,166.7894239404159,168.15826264272923,50558300
20240426,167.9300994873047,169.95358601606148,167.81106018420974,168.50540819041237,44838400
20240429,172.0961151123047,174.60564226594082,171.69935778865286,171.96716217122307,68169400
20240430,168.9517822265625,173.57407962239418,168.6244505944639,171.92750782528833,65934800
20240501,167.9300994873047,171.31251085120192,167.74163446478235,168.20783263565716,50383100
20240502,171.6299285888672,172.0167723030629,169.50724497899176,171.11413192483198,94214900
20240503,181.89617919921875,185.48688300008854,181.1820038934194,185.13970898312533,163224100
20240506,180.2397003173828,182.70954279745968,178.9601298757301,180.87452115240256,78569700
20240507,180.92410278320312,183.40387401178498,179.8528549315395,181.965609726272,77305800
20240508,181.26136779785156,181.58869942461462,179.9817973354757,181.3704783401059,45057100
20240509,183.07656860351562,183.16583674066726,180.63646690744054,181.0828227285221,48983000
20240510,181.8151397705078,183.8413711732151,180.90134794922002,183.65265049654158,50759500
20240513,185.02333068847656,185.8378061410755,183.37452561798457,184.18900107058352,72044800
20240514,186.1655731201172,187.029714327999,185.0332642686859,186.24503525163803,52393600
20240515,188.4401092529297,189.3638279979279,186.10595679645579,186.6423223274902,70400000
20240516,188.559326171875,189.81083584823088,188.3805477357399,189.18508101005293,52845200
20240517,188.58912658691406,189.52278774440742,187.903778922122,188.23155455119007,41282900
20240520,189.75123596191406,190.6253043247416,187.73493157063496,188.0527801228825,44361300
20240521,191.05239868164062,191.42982486744873,189.63203768676544,189.80088903544183,42309400
20240522,189.6121826171875,191.51924363513825,188.98644290290525,190.97295090373845,34648500
20240523,185.61929321289062,189.7114944206788,185.370979738518,189.69162509909052,51005900
20240524,188.69837951660156,189.29433794369746,186.77146444562422,187.5462164631898,36327000
20240528,188.7082977294922,191.69798625592665,187.82430244055638,190.21803261577213,52280100
20240529,189.0062713623047,190.95305560689752,188.2315345598267,188.33086600869876,53068000
20240530,189.99952697753906,190.88352231957748,189.34399093884022,189.47310363654154,49889100
20240531,190.95306396484375,191.2709124904654,188.62885345568,190.1485307236603,75158300
20240603,192.72105407714844,193.67458449503022,191.22124613590765,191.5986723140291,50080500
20240604,193.0388946533203,194.0023521144802,191.72779227719917,193.32693160548868,47471400
20240605,194.54861450195312,195.5716646905796,193.55536071448273,194.08178400937402,54156800
20240606,193.16802978515625,195.1744070683784,192.86012347629529,194.36987376952155,41181800
20240607,195.56175231933594,195.6114180436154,192.83030419832767,193.33685821193552,53103900
20240610,191.8171844482422,195.96899354752293,190.8537269722117,195.57168290202756,97010200
20240611,205.75253295898438,205.762475197422,192.32375155853347,192.34360572370616,172373300
20240612,211.63259887695312,218.7144883134223,205.50420946534445,205.97103997359795,198134300
20240613,212.79470825195312,215.28776993558532,210.17251871917932,213.29133517221976,97862700
20240614,211.05653381347656,213.71844708080008,209.87455920751867,212.40735976944958,70122700
20240617,215.20831298828125,217.47293058672338,211.28496325493592,211.93057220447776,93728300
20240618,212.84437561035156,217.15510913678148,211.56308472355843,216.1221165738588,79943300
20240620,208.26547241210938,212.79472296910444,207.4410850045998,212.48680152632818,86172500
20240621,206.09024047851562,210.4605512222798,205.71279917720716,208.97067049292605,241805100
20240624,206.7358856201172,211.26512140596267,205.1963388988781,206.3187207615107,80727000
20240625,207.6596221923828,209.95403652001525,207.20271868130445,207.73906917566717,55549700
20240626,211.8114013671875,213.41054080672134,209.2190079939271,210.07320698316605,66213200
20240627,212.65565490722656,214.28459061162127,210.91746067332394,213.2416710401095,49772700
20240628,209.19911193847656,214.61235731022026,208.88127860134253,214.31437813701,82542700
20240701,215.28778076171875,216.0426482623776,210.4903626519942,210.65921399467373,60402900
20240702,218.78404235839844,218.89330089441245,213.6489214774443,214.69182595520752,58046200
20240703,220.05538940429688,220.05538940429688,217.55238550522975,218.51584293427166,37369800
20240705,224.81307983398438,224.92233836715073,220.15471670620812,220.15471670620812,60412400
20240708,226.28311157226562,226.31290797690275,221.7439339584199,225.55802531049062,59085900
20240709,227.1372833251953,227.85242731023644,224.84286935479298,226.3923429370984,48076100
20240710,231.40829467773438,231.50762613234983,227.70346178953022,227.75312751683794,62627700
20240711,226.0347900390625,230.82226580227746,224.2469300453064,229.82901193417422,64710600
20240712,228.98475646972656,231.07059580434316,227.13730353661973,227.3756899381295,53046500
20240715,232.81871032714844,235.62962070976812,231.5175501306247,234.88468027763452,62631300
20240716,233.23590087890625,234.67611608181264,230.76269307600518,233.41467931591345,43234300
20240717,227.33596801757812,229.89856501704188,225.11107372236052,227.90211488577285,57345900
20240718,222.66766357421875,228.88544301040346,220.77056004528671,228.7265187407576,66034600
20240719,222.79676818847656,225.2699757257536,221.7737179376491,223.30333735062962,49151500
20240722,222.44915771484375,226.24337986146955,221.58501648633228,225.47857008869346,48201800
20240723,223.49203491210938,225.40902265142745,221.17775171010015,222.85635307829335,39960300
20240724,217.06568908691406,223.28346786979841,215.66521268088363,222.48886176091068,61777600
20240725,216.02281188964844,219.36014584277987,213.1721626831937,217.4530848788309,51391200
20240726,216.4896240234375,218.0093012590926,214.55276681781487,217.22462220056258,41601300
20240729,216.76773071289062,217.82057739339885,214.2945231128628,215.49636696784094,36311800
20240730,217.32395935058594,218.84363662609175,214.6620309808042,217.71132777069818,41643800
20240731,220.5818328857422,222.31010016667176,219.14161772956027,219.94615098169663,50036300
20240801,216.8869171142578,222.96562598955987,215.5559605569344,222.85636745689294,62501000
20240802,218.37681579589844,224.07809897050203,216.24132584869807,217.67159881719564,105568600
20240805,207.85826110839844,212.0597211288106,194.67777677399005,197.74692788266515,119548600
20240806,205.83200073242188,208.5733911865651,199.7135682482994,203.91502798694503,69660500
20240807,208.404541015625,212.19876304064402,204.99767225034321,205.5042262843129,63516400
20240808,211.87100219726562,212.75499762550604,207.42122864939222,211.67235443417223,47161100
20240809,214.78123474121094,215.31758519349225,210.5400362270979,210.66916408754707,42201600
20240812,216.31260681152344,218.28152162650582,214.39341520959198,214.86078610016068,38028100
20240813,220.03167724609375,220.64820259017597,217.7843155173404,217.7843155173404,44155300
20240814,220.4791717529297,221.78183806687042,218.4704721927748,219.33561365974072,41960600
20240815,223.4623565673828,224.0888356302054,221.51331902381992,223.34303300242357,46414000
20240816,224.78492736816406,225.56056092969672,222.39834972442236,222.66684293368954,44340200
20240819,224.62582397460938,224.72527040192085,221.791767703572,224.4567771868955,40687800
20240820,225.2423553466797,225.89866536829538,224.18828995199718,224.50650638916653,30299000
20240821,225.13296508789062,226.70412456960102,223.7905293550798,225.25230383574092,34765500
20240822,223.27345275878906,227.06212827891838,222.64697359696132,226.51520323076682,43695300
20240823,225.57049560546875,226.9427773475752,223.07454817990703,224.39710671028325,38677300
20240826,225.90859985351562,226.00804628168004,222.6370187250734,225.49095216733542,30602200
20240827,226.7538604736328,227.56927874043384,223.63143365567382,224.73522230134634,35934600
20240828,225.2224578857422,228.57359288043327,224.41697829182954,226.6444476309267,38052200
20240829,228.5039825439453,231.61647047641185,227.59908685526068,228.81226038667728,51906300
20240830,227.71841430664062,229.11057321557684,226.2069166530855,228.90175696593346,52990800
20240903,221.52328491210938,227.71841483123856,219.9322331496077,227.27093626472063,50190600
20240904,219.61402893066406,220.53881694406624,216.2628786668988,220.41949337418052,43840200
20240905,221.13546752929688,224.2181094473344,220.28027986462445,220.38966486266608,36615400
20240906,219.58421325683594,223.97947540850993,218.5400864277892,222.69668624975694,48423000
20240909,219.6737060546875,220.03169196273555,215.49721390972365,219.58421337102425,67180000
20240910,218.87815856933594,220.24048653111632,215.5170698289156,217.69481595725216,51591000
20240911,221.41390991210938,221.84149617822106,216.6706004766808,220.22062862304543,44587100
20240912,221.52328491210938,222.29891847364556,218.5897974500539,221.25479170284098,37455600
20240913,221.25477600097656,222.78615069565666,220.66808158488044,222.32873358844014,36766600
20240916,215.10939025878906,216.00434741371936,212.72281255665072,215.32814508742544,59357400
20240917,215.5767364501953,215.6861214463737,213.2995590231644,214.54256344637628,45519300
20240918,219.45492553710938,221.46362499015893,216.322545198334,216.33249894497217,59894900
20240919,227.58914184570312,228.53383738270648,223.37288038958053,223.7308662842885,66781300
20240920,226.92288208007812,231.78551472560144,226.34612621296694,228.68298057338347,318679900
20240923,225.2025909423828,228.16590950652684,224.54628090601008,226.06771724362264,54146000
20240924,226.09751892089844,228.06644877557946,224.46669778796843,227.37035418692216,43556100
20240925,225.10311889648438,226.01796830972677,222.76627973963284,223.6711754067507,42308700
20240926,226.2467041015625,227.22121534991766,224.14851196557498,226.02793410267134,36636700
20240927,226.5151824951172,228.23551159576573,226.0279344568732,227.1814462394898,34026000
20240930,231.696044921875,231.696044921875,228.36478670449856,228.75260351180964,54541900
20241001,224.94403076171875,228.36476618305377,222.4878528116685,228.2355040411627,63285000
20241002,225.51083374023438,226.09752818761766,221.771881889721,224.62581519597003,32880600
20241003,224.40704345703125,225.5406628776434,222.0702042586661,223.88001079844628,34044200
20241004,225.53073120117188,226.72401244250622,222.87567550784985,226.6245660168141,37245100
20241007,220.4493408203125,224.42695529805295,220.09135491038006,223.24361256318196,39505400
20241008,224.50650024414062,224.71531649859696,222.00059897690352,223.0447257693685,31855700
20241009,228.25538635253906,228.46421777631028,223.57175408478048,223.96950943919006,33591100
20241010,227.7581787109375,228.21561101279016,225.89864895817115,226.50523572074002,28183500
20241011,226.2765350341797,228.12612627842185,226.0677036085129,228.0167412789572,31759200
20241014,230.0055389404297,230.43312517401645,227.32065245091678,227.42008369962844,39882100
20241015,232.54129028320312,236.1609188169062,231.06956201546166,232.3026279543652,64751400
20241016,230.48284912109375,230.8209426799016,228.55370384388218,230.30386376880503,34082200
20241017,230.8507843017578,232.5412825211578,229.22991678936268,232.12361966628396,32993800
20241018,233.68484497070312,234.8582339303053,232.70037994861724,234.8582339303053,46431500
20241021,235.1565399169922,235.52447953691794,233.13790198735873,233.13790198735873,36254500
20241022,234.54000854492188,234.8979944094582,231.29825861907142,232.58103244918055,38846600
20241023,229.46856689453125,233.82405947286142,226.4853561254601,232.76999409553275,52287000
20241024,229.27963256835938,229.52823345451665,227.131717270346,228.69292294524882,31109500
20241025,230.11492919921875,231.91479719738325,228.28523030841902,228.45427709115,38802300
20241028,232.09378051757812,233.41633904858514,231.24854661133642,232.01424158684446,36087100
20241029,232.36228942871094,233.01859945208068,231.01985366097637,231.7954872619061,35417200
20241030,228.812255859375,232.1633908639167,228.26533088908346,231.30820323038637,47070900
20241031,224.6457061767578,228.5437662121666,224.10871977089283,228.05650301771783,64370100
20241101,221.66249084472656,224.08883784550613,219.03726617591775,219.7333456007168,65276700
20241104,220.7675323486328,221.5431659237015,218.48041626355018,219.7532516264011,44944500
20241105,222.199462890625,222.69666464924057,219.90239319356397,220.558703156551,28111300
20241106,221.4735565185547,224.80481443000403,219.95212032394844,221.36417152277414,54561100
20241107,226.20692443847656,226.6046949785728,223.31322152292373,223.37288331058951,42137700
20241108,225.93814086914062,227.63048374280507,225.39061415381417,226.1471868576639,38328800
20241111,223.22042846679688,224.68381119249955,220.50272420052974,223.98696589218596,42005600
20241112,223.22042846679688,224.5743058460154,222.354350392842,223.53899499841924,40398300
20241113,224.10641479492188,225.62952490733255,221.75703985190805,223.00141185159572,48566200
20241114,227.19247436523438,227.83954176018094,223.9869707245471,224.0068849307252,44923900
20241115,223.98695373535156,225.89830725108274,223.26024476090137,225.38064426033654,47923700
20241118,226.9933624267578,228.70561947942855,224.1561882479486,224.23582987715278,44633700
20241119,227.252197265625,229.123737666772,225.63949596937007,225.95804731142948,36211800
20241120,227.9689483642578,228.89475383274825,224.8729502483013,227.0331781982001,35169600
20241121,227.49111938476562,229.1237348668511,224.69377351516385,227.8494991340082,42108300
20241122,228.8350372314453,229.6812162999479,227.03318893672346,227.03318893672346,38168300
20241125,231.82151794433594,232.19981188776785,228.70562083004268,230.41787789282506,90152800
20241126,234.00167846679688,234.50939199708804,232.2794717613211,232.2794717613211,45986200
20241127,233.8722381591797,234.6288260383393,232.75728573526553,233.41431778082386,33498400
20241129,236.26145935058594,236.73929396987336,232.91658663539664,233.75280101667178,28481400
20241202,238.51126098632812,239.70585504150458,236.0922091638524,236.20171450499868,48137100
20241203,241.5574951171875,241.66700046466846,237.82437898500294,238.73028547870095,38861000
20241204,241.91587829589844,243.01093178619982,240.16380790150487,241.7765092325954,44383900
20241205,241.94573974609375,243.43898620611924,241.03984843814553,242.8914746561807,40033900
20241206,241.74664306640625,243.5285923470879,240.99007032901886,241.81633519239523,36870600
20241209,245.6390380859375,246.12683738886614,240.6615499788263,240.74119161135067,44649200
20241210,246.65443420410156,247.09245556004478,244.23536723926503,245.7783914922151,36914800
20241211,245.38021850585938,249.67081089954078,245.15124311202538,246.84360125039836,45205800
20241212,246.8435821533203,247.62006903646127,244.57383373711528,245.77839247075497,32777500
20241213,247.01283264160156,248.16759835190283,245.13134272203925,246.70423080565516,33155300
20241216,249.9097137451172,250.2481944775453,246.53497744922532,246.87345818165343,51694800
20241217,252.33872985839844,252.68716009783537,248.655391740455,248.95404406138837,51356400
20241218,246.9331817626953,253.13512753347695,246.62457993830327,251.02467749046986,56774100
20241219,248.66534423828125,250.86540066585474,245.97750369773615,246.3856613682502,60882300
20241220,253.34417724609375,253.8518755287198,244.58379575845774,246.92320588947405,147495300
20241223,254.1206817626953,254.49896052911285,252.30886880268173,253.62293295259332,40858800
20241224,257.0374755859375,257.0474099027653,254.14055892454206,254.3396705835317,23234700
20241226,257.853759765625,258.9289141129315,256.47003399402934,257.0275101814573,27237100
20241227,254.439208984375,257.5352220874343,251.9206014592013,256.6691137206059,42355300
20241230,251.06448364257812,252.35863351915538,249.6210152068174,251.09434735441482,35557500
20241231,249.29251098632812,252.1396347735265,248.30696287880588,251.30342042234355,39480700
20250102,242.75210571289062,247.97846832553566,240.73124671787497,247.80922035937212,55740700
20250103,242.26431274414062,243.080612931882,240.80092995907523,242.26431274414062,40244100
20250106,243.89691162109375,246.21642284830082,242.10501290585998,243.2100158477468,45045600
20250107,241.11947631835938,244.44443460073458,240.263347789176,241.88599852058522,40856000
20250108,241.60726928710938,242.61273160476242,238.9692066706783,240.83078235887348,37628900
20250110,235.7836151123047,239.0787097724967,231.95094323601768,238.9293760168756,61710900
20250113,233.34463500976562,233.61342361918983,228.68571346021633,232.47855694506205,49630700
20250114,232.2296905517578,235.05690023183175,231.42333988575893,233.69307331230715,39435300
20250115,236.79901123046875,237.88411516800545,233.3744970274307,233.5835582088168,39832000
20250116,227.23228454589844,236.9383864807084,227.0033243432251,236.28136958651152,71759100
20250117,228.9445343017578,231.24413133243607,227.4512878984511,231.07489856287185,68488300
20250121,221.6375732421875,223.40955766052627,218.39225670760806,222.9914505136237,98070400
20250122,222.82223510742188,223.1109227348787,218.80041619812283,218.80041619812283,64126500
20250123,222.65301513671875,226.0078374632505,221.29913768199057,223.72815445577547,60234800
20250124,221.77694702148438,224.614121166801,220.4131202139208,223.76794215782238,54697900
20250127,228.82508850097656,231.10477141655377,222.9715575076631,223.01138591977585,94863400
20250128,237.187255859375,239.1085741517517,229.77080167884077,229.81063008981926,75707600
20250129,238.2823028564453,238.78005164957875,232.9563846938824,233.06589003597526,45486100
20250130,236.52027893066406,239.7058683175974,236.14200015946125,237.59541819689565,55658300
20250131,234.9374237060547,246.0770438113447,232.38895238779278,246.0770438113447,100959800
20250203,226.9833984375,230.78620649590428,224.6838014511222,228.95449458875606,73063300
20250204,231.75184631347656,232.08036234711574,225.62952690670866,226.2268315478868,45067300
20250205,231.42332458496094,231.62242106375825,227.24223776986636,227.50106167329415,39620300
20250206,232.16995239257812,232.74734282564026,229.39250557129796,230.24863411824003,29925300
20250207,226.60511779785156,232.94643248808816,226.23677336593994,231.5527419594936,39707200
20250210,226.8741912841797,229.80417456619486,226.42572786906877,228.7876615470872,33115600
20250211,231.8272705078125,234.42837673351212,227.3525813044295,227.42233485023965,53718400
20250212,236.06277465820312,236.15247950770552,229.89386689621963,230.41209906543347,45243300
20250213,240.70689392089844,241.514131106333,234.7672133917818,236.10264318513748,53614100
20250214,243.76644897460938,244.71320848741047,240.16875066053348,240.4278591482801,40896200
20250218,243.6368865966797,244.34445851454996,241.01584434943877,243.31796980618805,48822500
20250219,244.03550720214844,245.17162160901916,242.33134319523683,243.8262313730556,32204200
20250220,244.99224853515625,245.93900803040836,243.45748811790233,244.10528213544586,32316900
20250221,244.71319580078125,247.84249441981407,244.38431857946645,245.11182656230832,53197400
20250224,246.25791931152344,248.01191597096326,243.58704451830639,244.0953010258401,51326400
20250225,246.1981201171875,249.14803959700342,244.0753891604379,247.15485528022737,48013300
20250226,239.5408935546875,244.14514449402503,238.3150894487839,243.49736566903925,44433600
20250227,236.49131774902344,241.6337368385667,236.25213016109495,238.5941277716784,41153600
20250228,241.01583862304688,241.26498665715278,229.41550676334808,236.14250368420718,56833400
20250303,237.2188262939453,243.1983791446907,235.30537120652147,240.96600727263495,47184000
20250304,235.1259765625,239.25188262538288,233.88023638606123,236.89992456399492,53798100
20250305,234.93663024902344,235.7438674276595,228.44880585950324,234.61771347352882,47227600
20250306,234.52804565429688,237.0494227188423,232.36544239217005,233.64107919926062,45170400
20250307,238.2552947998047,240.54744460053885,233.95996981993864,234.30878315837532,46273600
20250310,226.70477294921875,235.35520052510583,223.45588808739058,234.73730306532093,72071200
20250311,220.08740234375,225.0703629938446,216.7089556312574,223.04728218644934,76137400
20250312,216.2405548095703,220.99430349899413,214.17761702040198,219.3897895710681,62547500
20250313,208.96542358398438,216.10102664759694,207.70972301630272,215.21406028960521,61368300
20250314,212.762451171875,213.22087501834247,208.86577244295887,210.53007941159925,60107600
20250317,213.2707061767578,214.48654973692538,209.25444129100026,212.58305520506434,48073400
20250318,211.96519470214844,214.4168029665515,210.76928711901598,213.43018643369246,42432400
20250319,214.50648498535156,218.0144781615262,213.0215573102422,213.48995680484757,54385400
20250320,213.37039184570312,216.74883872802718,211.49679368091097,213.2607660976187,48862900
20250321,217.5261688232422,218.09421843072647,210.55998434888178,210.83902892918795,94127800
20250324,219.97776794433594,220.72521201243578,217.8351010318318,220.24685206675267,44299500
20250325,222.98748779296875,223.3363011191594,219.32999652191663,220.0176475207108,34493600
20250326,220.77505493164062,224.25316696482244,219.71866969932233,222.7483031053444,34466100
20250327,223.08717346191406,224.22328797900445,219.8083765580053,220.63554992146092,37094800
20250328,217.1574249267578,223.04728822423488,216.93817343567548,220.91458161653458,39818600
20250331,221.37301635742188,224.8511131847691,215.49311362240712,216.27045427307317,65299300
20250401,222.4293975830078,222.91771798921508,218.15400887457568,219.06091135294477,36412700
20250402,223.12701416015625,224.4225869866718,220.2667995775576,220.56578026164416,35905900
20250403,202.49754333496094,206.78289223919597,200.56415230327434,204.8395255545537,103419000
20250404,187.738037109375,199.19884701911502,186.70157274086588,193.2292544699453,125910900
20250407,180.84161376953125,193.48835506739644,174.02491207450518,176.59612158290105,160466300
20250408,171.83241271972656,189.6913418115003,168.63336050772435,186.06374707733985,120859500
20250409,198.17236328125,199.92636006312654,171.30423111843703,171.3640242168161,184395900
20250410,189.7710723876953,194.11621470149436,182.37636057603893,188.42568213047016,121880000
20250411,197.4747314453125,198.85999394662434,185.42593581806156,185.46580802047046,87435900
20250414,201.82984924316406,212.2143377637297,200.47448329230923,210.7194495182335,101352900
20250415,201.4511260986328,202.81645240683693,199.11910423874315,201.1720815277121,51343900
20250416,193.6079559326172,200.01603598224625,191.71442177543545,197.68401406478426,59732400
20250417,196.3087158203125,198.15241736523095,193.75744237056688,196.5279673080365,52164700
20250421,192.50173950195312,193.13955785695288,189.1631497833642,192.61136524453693,46742500
20250422,199.059326171875,200.9030125684292,195.3021694205859,195.45165216386687,52976400
20250423,203.9027557373047,207.29116289420588,202.10888686320854,205.29797863560773,52929200
20250424,207.659912109375,208.11835121294007,202.2484237558185,204.1917755069081,47311000
20250425,208.56680297851562,209.0352025034097,205.49729734578435,205.66671618569228,38222300
20250428,209.4238739013672,210.77923983434187,206.7530142372406,209.2843516085664,38743100
20250429,210.490234375,211.51672307140856,207.6599011161091,207.978817902887,36827600
20250430,211.7758331298828,212.8521544830753,205.96569903614,208.58674127234366,52286500
20250501,212.59304809570312,213.82881264887993,208.18809734114114,208.3674918385056,57365700
20250502,204.6501922607422,206.2846026840361,201.47106105284274,205.38766067678682,101010600
20250505,198.21221923828125,203.4044712176219,197.5345438511527,202.40787903175757,69018500
20250506,197.83349609375,199.96620262041338,196.34858356859348,197.5345306234426,51216500
20250507,195.58120727539062,198.7603386318323,192.59143085844198,198.49125449640593,68536700
20250508,196.81698608398438,199.3682595147921,194.0165494128041,197.04619801698016,50478900
20250509,197.8534393310547,199.85658408831688,196.86680762308345,198.32183886048443,36453900
20250512,210.34713745117188,210.82613996616402,206.31563192374182,210.52676720097676,63775800
20250513,212.48263549804688,212.95164926547025,208.56089957562318,209.98788789546765,51909300
20250514,211.88389587402344,213.49051386836734,210.13757262915965,211.98367663769176,49325800
20250515,211.00575256347656,212.51258988469863,209.0997617101353,210.506803034962,45029500
20250516,210.81614685058594,212.12340739052024,209.3292870180407,211.9138418912236,54737900
20250519,208.3413543701172,209.0398806327114,203.83084657536088,207.47318710280226,46140500
20250520,206.42539978027344,208.03201787298204,204.5992426766309,207.23369558110693,42496600
20250521,201.6654052734375,206.60500227852873,200.28831500749223,204.73893602091724,59211800
20250522,200.9369354248047,202.32401437172413,199.28041949489233,200.2883071907537,46742400
20250523,194.85975646972656,197.28464391104225,193.05356158182016,193.26311186041877,78432900
20250527,199.78936767578125,200.31825293342968,197.01519441683536,197.88337691051132,56288500
20250528,199.99891662597656,202.30406088976383,199.48000488022652,200.16855762950956,45339700
20250529,199.5299072265625,203.38179807643976,198.09293019267844,203.15228556391767,51396800
20250530,200.4280242919922,201.53569281345096,196.36656797106642,198.95112277889336,70819900
20250602,201.27622985839844,201.70533435611304,199.69954757512772,199.85921507319503,35423300
20250603,202.84292602539062,203.34187550579085,200.53778186221837,200.92696184786135,46381600
20250604,202.39389038085938,205.80670326672896,201.67540185470463,202.48369763994597,43604000
20250605,200.20849609375,204.3198354061699,199.7294935749724,203.07246156364138,55126100
20250606,203.49156188964844,205.26782088834017,201.62549563553227,202.57349663849442,46607700
20250609,201.02676391601562,205.56720771427428,199.59977555964565,203.96058960802065,72862600
20250610,202.2441864013672,203.92066462184746,200.14860765917956,200.1785434107301,54672600
20250611,198.36236572265625,204.07034932786254,197.99314795828434,203.0724503091444,60989900
20250612,198.78147888183594,199.26046614106752,196.94534836583952,198.66173587371065,43904600
20250613,196.03726196289062,199.9490243445518,195.2888376882346,199.3103695725812,51447300
20250616,198.0031280517578,198.27256505925683,196.1470352061455,196.8854859861783,43020700
20250617,195.2289581298828,197.97318035709665,194.79986887227625,196.78567812068002,38856200
20250618,196.16697692871094,197.15490236836843,194.66015499959357,195.52832221137376,45394700
20250620,200.57769775390625,201.27622400422058,196.44639652864126,197.8235020126397,96813500
20250623,201.07666015625,201.87498244787415,198.54200324907936,201.20639190632414,55814300
20250624,199.87918090820312,203.0125832870988,199.77938491343542,202.16436301176623,54064000
20250625,201.13653564453125,203.2421033073339,200.19850807531137,201.0267661369261,39525700
20250626,200.57769775390625,202.2142514946699,199.04094000321476,201.00678701240994,50799100
20250627,200.65753173828125,202.7930349784745,199.57979899649257,201.4658274879402,73188600
20250630,204.7389373779297,206.95427439094752,198.84135059390303,201.58557286233471,91912800
20250701,207.3833770751953,209.74839282792448,205.70689884063935,206.23578409144605,78788900
20250702,211.99366760253906,212.8917706186518,207.7026988246806,208.47108532398713,67941800
20250703,213.10134887695312,214.19902871499423,211.36499901814886,211.70428104663077,34955800
20250707,209.50889587402344,215.77570049162512,208.36131809352125,212.23315593085263,50229000
20250708,209.5687713623047,210.98578616820197,208.01205130024096,209.658593847986,42848900
20250709,210.69639587402344,210.8859991217609,206.78463359109693,209.0897778625777,48749400
20250710,211.96372985839844,213.03147386855414,209.58872537016995,210.06771262581316,44443600
20250711,210.7163543701172,211.68431760849728,209.41908263784933,210.12759762046792,39765800
20250714,208.1816864013672,210.46688365912564,207.10395364435493,209.48893166698292,38840100
20250715,208.67066955566406,211.44482767792792,208.48106630115817,208.7804390594974,42296300
20250716,209.71847534179688,211.95375954691573,208.2016644692293,209.8581806046168,47490500
20250717,209.57875061035156,211.3550095983717,209.14964612579556,210.12759810142074,48068100
20250718,210.73631286621094,211.34503189230253,209.25942654413325,210.42696659875526,48974600
20250721,212.0335693359375,215.3266389893317,211.18536434566,211.65437808070223,51377400
20250722,213.94955444335938,214.49840197701596,211.78411528941558,212.69220709721728,46404100
20250723,213.7000732421875,214.69797228179937,211.9637386583707,214.54829351654996,46989300
20250724,213.31088256835938,215.2368355364858,213.08137006420023,213.45058781785585,46022600
20250725,213.43064880371094,214.7877920897316,212.95164630742312,214.24891808809048,40268800
20250728,213.6002960205078,214.39861831079742,212.61237047326716,213.5803337758995,37858000
20250729,210.8261260986328,214.3586818606333,210.37707459375494,213.73000061776605,51411700
20250730,208.6107940673828,211.94377315400357,207.28358653790625,211.454797150492,45512500
20250731,207.1339111328125,209.39913099136336,206.72476887181696,208.0519764228089,80698400
20250801,201.95481872558594,213.1312852679161,201.07666267114303,210.4269720875647,104434500
20250804,202.9227752685547,207.44325668811337,201.25627047720934,204.0803265791815,75109300
20250805,202.49366760253906,204.90858140720596,201.73526982787092,202.97265486934364,44155100
20250806,212.80197143554688,214.9275012748427,205.15806109322384,205.19798558200998,108483100
20250807,219.56771850585938,220.38600300495352,216.12496995802366,218.42014073215765,90224800
20250808,228.86814880371094,230.5146761138317,218.78936250198095,220.36604479784603,113854000
20250811,226.95997619628906,229.33767612130436,224.54232171734583,227.6992650180531,61806100
20250812,229.42758178710938,230.57647717809445,226.8500938879156,227.78917070894937,55626200
20250813,233.10403442382812,234.77241529044048,230.2068337695816,230.8462285986664,69878500
20250814,232.5545654296875,234.89229562265464,230.6264418350812,233.83332460758467,51916300
20250815,231.36570739746094,234.0531046408583,229.11788646444978,233.77337703316005,56038700
20250818,230.66639709472656,232.89423321308522,229.88715369469057,231.47561022214762,37476200
20250819,230.3367156982422,232.64447617946885,229.1278960385577,231.05601964615855,39402600
20250820,225.79110717773438,230.24679444121838,225.55134937034353,229.75726351111018,42263900
20250821,224.68218994140625,226.30063142153253,223.56327948127884,226.05087353353895,30621200
20250822,227.53941345214844,228.8681272027074,225.1916985271248,225.95095699429655,42477800
20250825,226.94000244140625,229.07792927219558,226.01089520624416,226.26065308481304,30983100
20250826,229.08792114257812,229.26775474756235,224.4724002828088,226.65028173376106,54575100
20250827,230.26678466796875,230.676376013076,228.03893336267103,228.38860049855515,31259500
20250828,232.33477783203125,233.18396075811214,229.11789497993007,230.59647266873003,38074700
20250829,231.91517639160156,233.15398096397084,231.145917853049,232.28481317583598,39418400
20250902,229.49752807617188,230.62643860177437,226.75019132336067,229.02798202980685,44075600
20250903,238.2390594482422,238.6186963224971,234.133039090421,236.98028515930878,66427800
20250904,239.5477752685547,239.66765417218173,236.51072617258424,238.21906152531412,47549400
20250905,239.45787048339844,241.08629675958926,238.25903569310344,239.76756781945676,54870400
20250908,237.64962768554688,239.91741830634814,236.11111057683257,239.06825064349684,48999500
20250909,234.123046875,238.5487492683241,233.13400016518182,236.77047435136637,66313900
20250910,226.5703582763672,232.19491077497392,225.73117543382176,231.96513778704139,83440800
20250911,229.80722045898438,230.22681187017153,226.43048902665416,226.66027725307507,50208600
20250912,233.84332275390625,234.28288383192944,228.79821036620638,228.9980136278554,55824200
20250915,236.47076416015625,237.95932665324483,234.80238330570734,236.77047667310174,42699500
20250916,237.9193572998047,240.98639147239973,236.09114297984144,236.9502954777413,63421100
20250917,238.75856018066406,239.86748583209587,237.4997706474641,238.73857528095925,46508000
20250918,237.64962768554688,240.9664044724694,236.4208079152849,239.737599946219,44249600
20250919,245.26223754882812,246.06146581163878,239.9773675285625,240.99636870073516,163741300
20250922,255.8319854736328,256.3914711896616,247.8797028858207,248.05953649140056,105517400
20250923,254.18359375,257.0907792625319,253.33442606621003,255.63220171436936,60275200
20250924,252.06564331054688,255.4923293909784,250.79686899703333,254.9728287261993,42303700
20250925,256.6212158203125,256.9209435623003,251.466224879955,252.96477212582877,55202100
20250926,255.2126007080078,257.3505275669758,253.5342198150173,253.8539172209246,46076300
20250929,254.18359375,254.75304905914027,252.76497075706976,254.31347273152574,40127700
20250930,254.38340759277344,255.67215158054225,252.8648753735947,254.61318058017173,37704300
20251001,255.20260620117188,258.53938316103813,254.6831055272507,254.7929996074261,48713900
20251002,256.8809814453125,257.9299523535748,253.9038565188199,256.33149581258533,42630200
20251003,257.7701110839844,258.9889308017334,253.70406057825727,254.42336451804394,49155600
20251006,256.44140625,258.819106172963,254.80299514816292,257.7401350456914,44664100
20251007,256.23162841796875,257.15072039039774,255.18262697514498,256.56129542181253,31955800
20251008,257.8100891113281,258.2696351050741,255.8619653198879,256.2715719294531,36496900
20251009,253.79396057128906,257.75013209688524,252.8948383011137,257.5603136690899,38322000
20251010,245.032470703125,256.13171175032437,243.76369637579657,254.69310389004832,61999100
20251013,247.42015075683594,249.44818352992385,245.32217845998096,249.13848619669534,38142900
20251014,247.53004455566406,248.60900042906025,244.46301046499008,246.36117950382103,35478000
20251015,249.09852600097656,251.5761352503302,247.2303418581919,249.24838988167792,33893600
20251016,247.21035766601562,248.79881419551728,244.8926123625184,248.00958596667436,39777000
20251017,252.045654296875,253.13461023404025,247.03052706557392,247.77980070207627,49147000
20251020,261.98602294921875,264.1239650925819,255.3824390623343,255.64218177653177,90483000
20251021,262.5155029296875,265.03308188579996,261.5764108568555,261.6263807259345,46695900
20251022,258.19970703125,262.5954395959732,255.18261234613632,262.3956210979312,45015300
20251023,259.3285827636719,260.36758405794774,257.76012648314656,259.68824995662277,32754900
20251024,262.56549072265625,263.87421967110856,258.9290010880386,260.93706434715574,38253700
20251027,268.5496520996094,268.8593494221352,264.3936774471076,264.6234656652487,44888200
20251028,268.7394714355469,269.6286240979669,267.8902885694659,268.7294713644567,41534800
20251029,269.4388122558594,271.1471476128123,266.85129379808274,269.01920560410514,51086700
20251030,271.13714599609375,273.87451306817263,268.2199910571769,271.72657092903916,69886500
20251031,270.108154296875,277.05143573891627,268.89933466249033,276.721738255342,86167100
20251103,268.7894287109375,270.5877038096653,265.9921525413924,270.15812755648943,50194600
20251104,269.7784729003906,271.22705027239556,267.36080327265466,268.0701070960229,49274800
20251105,269.8783874511719,271.43687417180433,266.67147434431234,268.3498399683747,43683100
20251106,269.50872802734375,273.1352174017799,267.6305743388968,267.6305743388968,51204000
20251107,268.2099914550781,272.02629915101613,266.51162568814635,269.5386899523433,48227400
20251110,269.42999267578125,273.7300109863281,267.4599914550781,268.9599914550781,41312400
20251111,275.25,275.9100036621094,269.79998779296875,269.80999755859375,46208300
20251112,273.4700012207031,275.7300109863281,271.70001220703125,275.0,48398000
20251113,272.95001220703125,276.70001220703125,272.0899963378906,274.1099853515625,49602800
20251114,272.4100036621094,275.9599914550781,269.6000061035156,271.04998779296875,47431300
20251117,267.4599914550781,270.489990234375,265.7300109863281,268.82000732421875,45018300
20251118,267.44000244140625,270.7099914550781,265.32000732421875,269.989990234375,45677300
20251119,268.55999755859375,272.2099914550781,265.5,265.5299987792969,40424500
20251120,266.25,275.42999267578125,265.9200134277344,270.8299865722656,45823600
20251121,271.489990234375,273.3299865722656,265.6700134277344,265.95001220703125,59030800
20251124,275.9200134277344,277.0,270.8999938964844,270.8999938964844,65585800
20251125,276.9700012207031,280.3800048828125,275.25,275.2699890136719,46914200
20251126,277.54998779296875,279.5299987792969,276.6300048828125,276.9599914550781,33431400
20251128,278.8500061035156,279.0,275.989990234375,277.260009765625,20135600
20251201,283.1000061035156,283.4200134277344,276.1400146484375,278.010009765625,46587700
20251202,286.19000244140625,287.3999938964844,282.6300048828125,283.0,53669500
20251203,284.1499938964844,288.6199951171875,283.29998779296875,286.20001220703125,43538700
20251204,280.70001220703125,284.7300109863281,278.5899963378906,284.1000061035156,43989100
20251205,278.7799987792969,281.1400146484375,278.04998779296875,280.5400085449219,47265800
20251208,277.8900146484375,279.6700134277344,276.1499938964844,278.1300048828125,38211800
20251209,277.17999267578125,280.0299987792969,276.9200134277344,278.1600036621094,32193300
20251210,278.7799987792969,279.75,276.44000244140625,277.75,33038300
20251211,278.0299987792969,279.5899963378906,273.80999755859375,279.1000061035156,33248000
20251212,278.2799987792969,279.2200012207031,276.82000732421875,277.8999938964844,39532900
20251215,274.1099853515625,280.1499938964844,272.8399963378906,280.1499938964844,50409100
20251216,274.6099853515625,275.5,271.7900085449219,272.82000732421875,37648600
20251217,271.8399963378906,276.1600036621094,271.6400146484375,275.010009765625,50138700
20251218,272.19000244140625,273.6300048828125,266.95001220703125,273.6099853515625,51630700
20251219,273.6700134277344,274.6000061035156,269.8999938964844,272.1499938964844,144632000
20251222,270.9700012207031,273.8800048828125,270.510009765625,272.8599853515625,36571800
20251223,272.3599853515625,272.5,269.55999755859375,270.8399963378906,29642000
20251224,273.80999755859375,275.42999267578125,272.20001220703125,272.3399963378906,17910600
20251226,273.3999938964844,275.3699951171875,272.8599853515625,274.1600036621094,21521800
20251229,273.760009765625,274.3599853515625,272.3500061035156,272.69000244140625,23715200
20251230,273.0799865722656,274.0799865722656,272.2799987792969,272.80999755859375,22139600
