Date,Close,High,Low,Open,Volume
20130102,17.879627227783203,17.972332866512907,17.713995576484184,17.784947034106594,102033017
20130103,17.890012741088867,18.094209759339662,17.817084828895794,17.921160732867918,93075567
20130104,18.24352264404297,18.330047140122844,17.989142064361605,18.030179861961894,110954331
20130107,18.16392707824707,18.278385028213446,18.060839386596214,18.181230468357604,66476239
20130108,18.128076553344727,18.20224068551638,17.90879872470283,18.1834530697494,67295297
20130109,18.24723243713379,18.252917564859697,18.01188556625586,18.1026128593416,81291563
20130110,18.33029556274414,18.417316074924972,18.13302180711408,18.363669896147872,73703226
20130111,18.2934627532959,18.353782285250283,18.202241340728513,18.343152250352162,51600690
20130114,17.879627227783203,18.348094648523265,17.857378934651805,18.219544116826416,114985384
20130115,17.92116355895996,18.17010710243964,17.603990890047704,17.782725073211274,157696879
20130116,17.680376052856445,17.90657524842668,17.642798926128176,17.85861608920419,81239368
20130117,17.584705352783203,17.79038469517134,17.57728799274973,17.742673539591046,88791570
20130118,17.416353225708008,17.620550231805083,17.337738296538177,17.560970921592116,129555794
20130122,17.37580680847168,17.43686844522076,17.19410612725684,17.420059172798886,152264594
20130123,18.330791473388672,18.516200878985902,18.189634442847193,18.194579349955028,237249950
20130124,18.64499855041504,18.709768879249964,18.306317865064134,18.32436526063843,135815168
20130125,18.631649017333984,18.750557740625716,18.547100958391002,18.559957336991133,89369729
20130128,18.558971405029297,18.679362479288134,18.48876205211367,18.584434269633597,65327951
20130129,18.63189697265625,18.712736359637866,18.45538726364199,18.46057828022482,70145942
20130130,18.635604858398438,18.811620447825913,18.612860558410468,18.633380407550604,69579828
20130131,18.68158531188965,18.72929646863058,18.547101642283845,18.553528885246127,65613015
20130201,19.173784255981445,19.198506895555536,18.741163620953397,18.74363418107624,150405652
20130204,18.763906478881836,19.046964522406633,18.745366865190828,18.978239406894435,122075862
20130205,18.930034637451172,19.062787967896483,18.775033012731612,18.816068923784087,75108474
20130206,19.039548873901367,19.108520098198966,18.75105181442863,18.765142526507216,83435569
20130207,19.13299560546875,19.25314056063493,18.924101688651916,19.02793148027994,114033831
20130208,19.415313720703125,19.447451832477086,19.271684228239252,19.285774942537884,121256803
20130211,19.342388153076172,19.35672687174715,19.12805706044137,19.24301102616891,87037018
20130212,19.299863815307617,19.477857746779943,19.266985485081285,19.325822683509582,74638720
20130213,19.353261947631836,19.414817708828735,19.281818265760435,19.285773055400302,48107646
20130214,19.47587776184082,19.498622059992815,19.227428393414375,19.27588355499256,69672173
20130215,19.601215362548828,19.61036306172087,19.457337881303772,19.465495463202018,109601278
20130219,19.946325302124023,19.950033982335377,19.660300676778448,19.67785206740604,117711564
20130220,19.590585708618164,19.99873363872934,19.57402254189332,19.908006332509036,110982436
20130221,19.666479110717773,19.911713923129486,19.55993075828572,19.72754075779838,140781714
20130222,19.76981544494629,19.807884791443737,19.62371161999525,19.758689404398996,82463941
20130225,19.548809051513672,19.984892329169003,19.54188769572544,19.83384358346995,92501423
20130226,19.532981872558594,19.676861228663736,19.391330753323658,19.653374816928995,88430220
20130227,19.771547317504883,19.89441084677031,19.557214362208416,19.648433892465054,81347773
20130228,19.80664825439453,19.949785511586946,19.802447355366517,19.804175800978314,90971711
20130301,19.930009841918945,19.95349436550646,19.68180843402365,19.722598240167674,87342157
20130304,20.308490753173828,20.34161708655915,19.900590826465926,19.90800629382621,111440145
20130305,20.731224060058594,20.769543304081658,20.491428247392157,20.492170362092867,162370331
20130306,20.552738189697266,20.864719806573618,20.489204083308294,20.791297778919166,115350748
20130307,20.582897186279297,20.68227618674466,20.508238934624785,20.61899008535104,82415761
20130308,20.556198120117188,20.640250180692327,20.396251581043092,20.629866254563794,116912581
20130311,20.637779235839844,20.758418316420812,20.555703617556194,20.560402415465962,64027093
20130312,20.459535598754883,20.56534183180695,20.362133056384668,20.5361721841327,80633104
20130313,20.402679443359375,20.535678893576847,20.32851530143989,20.46670766145405,65898080
20130314,20.309478759765625,20.444210435906516,20.206887085674023,20.444210435906516,66295564
20130315,20.1304988861084,20.278825272945166,20.106766361310562,20.23432678894922,124452737
20130318,19.969562530517578,20.092427948723763,19.813324668672895,19.900591299144885,73807616
20130319,20.05682945251465,20.252868897368494,19.936436486120613,20.054853004156072,84242583
20130320,20.140634536743164,20.20985187559927,20.059795151958564,20.193042599528393,58771467
20130321,20.05534553527832,20.19526633050705,20.02048697133419,20.056085756779552,59325536
20130322,20.0318603515625,20.153735652104245,20.015297184523963,20.14137527747919,59751126
20130325,20.015295028686523,20.252372251415842,19.94558169032413,20.083772140404594,68736680
20130326,20.084020614624023,20.12308007668325,19.96956079123798,20.11071970309927,47854701
20130327,19.842741012573242,19.950031470539116,19.809860793175094,19.94211810589815,86852328
20130328,19.633352279663086,19.90973696850265,19.611351988763555,19.875620520494692,91855009
20130401,19.80640411376953,19.832609093546886,19.61011666121531,19.653626923476757,72562968
20130402,20.099349975585938,20.143602352265546,19.87587121376686,19.889219813038213,81966082
20130403,19.930259704589844,20.128029512736333,19.793549663469456,20.10973411111353,69800653
20130404,19.655109405517578,19.919131867358832,19.56191153244833,19.88205074160354,98270968
20130405,19.35795783996582,19.455360384884088,19.193562411529133,19.432368083464606,137870844
20130408,19.155244827270508,19.27143499847793,18.99579429170259,19.251659156453087,113708616
20130409,19.224462509155273,19.37526132346081,19.112227147833277,19.171310447006732,86615444
20130410,19.534223556518555,19.587867848340704,19.183676586602534,19.354747279075887,79440651
20130411,19.539409637451172,19.60640440451315,19.382923810318356,19.600965386604,81452163
20130412,19.531005859375,19.58168547054188,19.354990287905416,19.578965014761277,65713390
20130415,19.330272674560547,19.70282183176639,19.208891483820207,19.42965167865817,98491793
20130416,19.613082885742188,19.678099328802137,19.379468202295843,19.445472869543465,69941178
20130417,19.34584617614746,19.55053730047331,19.23558914167957,19.449427965018963,81785407
20130418,18.93423843383789,19.425944316244347,18.819284489974855,19.414818275367498,133398142
20130419,19.773771286010742,19.86202614151746,18.942890574190578,19.014582262447988,232998073
20130422,19.77970314025879,19.874879345142517,19.15895262611749,19.791817404790176,115768308
20130423,19.97228240966797,20.16016426400923,19.78588289153127,19.80170583661137,92035684
20130424,20.10948371887207,20.221965202306944,19.974753941347718,19.97747250417213,73438237
20130425,20.0019474029541,20.184144139998413,19.9656083924848,20.178705120614286,79986690
20130426,19.812088012695312,19.96832587115536,19.692437165341786,19.96486708665305,99880980
20130429,20.2481746673584,20.338159874052813,19.851150818012147,19.857331952823586,92376959
20130430,20.384384155273438,20.46027862944078,20.214053699792284,20.246685919384255,92613843
20130501,20.282039642333984,20.388091995047553,20.18142441554186,20.352000989279308,58418148
20130502,20.50897979736328,20.631101197745984,20.247923935119296,20.27388090910115,81034603
20130503,20.907238006591797,20.933937095361,20.66694810081857,20.690680624168973,100880714
20130506,21.298574447631836,21.305991807649683,20.97002969854118,20.97002969854118,85973045
20130507,21.19178009033203,21.355929425618246,21.029609096533516,21.33466935393702,78653713
20130508,21.597209930419922,21.603389171332957,21.084986071315466,21.18609541527482,99102072
20130509,21.54405975341797,21.74627844136802,21.463714476337753,21.528236807474602,88353936
20130510,21.7603702545166,21.768033725252952,21.560870119586646,21.638742946975228,76192522
20130513,21.693618774414062,21.815742060797433,21.591027111172277,21.727239215954373,58157173
20130514,21.93020248413086,21.96950805463311,21.68397945650718,21.692877259289215,63408784
20130515,22.641929626464844,22.65404199888776,22.10127633386942,22.137863346911814,160033605
20130516,22.344778060913086,22.743038075592132,22.298797240371446,22.718811438550325,128865215
20130517,22.476049423217773,22.58259778464687,22.261962583037082,22.49681538289361,112098604
20130520,22.45998191833496,22.75836695145538,22.372715281149457,22.372715281149457,91248746
20130521,22.42141342163086,22.537355583913957,22.190023209115935,22.447370396094286,79617311
20130522,21.987558364868164,22.47926237070568,21.924766372993517,22.312394469722587,102807910
20130523,21.823654174804688,22.000905994515982,21.60635655957973,21.680518805760045,91345105
20130524,21.589542388916016,21.725508381161035,21.532435536283447,21.63750154349055,92216359
20130528,21.78607749938965,22.054796828885124,21.7645694271184,21.84120601488466,90638467
20130529,21.4656925201416,21.70499422285568,21.366313516452852,21.648629474944965,80837869
20130530,21.52625846862793,21.72748891471535,21.418719997410832,21.505492510407024,85145956
20130531,21.537630081176758,21.68051934431037,21.446162551355748,21.4609953795902,79071272
20130603,21.448883056640625,21.605615044885734,21.13714941917197,21.58163640807272,99399181
20130604,21.23801040649414,21.52205669632454,21.113660760727242,21.45431979958348,75024159
20130605,21.252843856811523,21.493874005914545,21.18930975057357,21.322309201274848,84587872
20130606,21.374963760375977,21.416743679672994,20.944319547131638,21.366558175996133,103550684
20130607,21.748008728027344,21.75468397417023,21.39177662608141,21.517854722331553,107385002
20130610,22.007333755493164,22.026617378747495,21.75690790785103,21.806597409083743,93862506
20130611,21.74998664855957,21.927732585309062,21.742817290461495,21.852826329204863,70567517
20130612,21.55641746520996,21.90300771331268,21.49881649682102,21.88965911579377,88522565
20130613,21.68052101135254,21.746279572723246,21.396226692623895,21.482257102998705,83106340
20130614,21.632064819335938,21.870872393531304,21.609568522243244,21.757154681357285,90136592
20130617,21.909191131591797,21.987804175100884,21.71216346415857,21.735647986849244,86173794
20130618,22.264432907104492,22.27382671529631,21.961103016428623,21.968520376464,87000883
20130619,22.265918731689453,22.517084796967726,22.187303796799796,22.28297601058354,117073180
20130620,21.871862411499023,22.2738292266601,21.836511625496758,22.100534081312524,135385563
20130621,21.777673721313477,21.99892802312418,21.583364619575264,21.960858675252496,159889066
20130624,21.50227928161621,21.663710053222108,21.340602400543922,21.553947124360732,121128323
20130625,21.413528442382812,21.746770096486888,21.371750417541065,21.686944676737745,102510801
20130626,21.59770393371582,21.70524052066892,21.52156334271417,21.600176387328496,73530581
20130627,21.6822509765625,21.87062695980217,21.671868942753946,21.725019124952187,77348840
20130628,21.76382827758789,21.80016917835607,21.61105299361772,21.628604384064783,94324230
20130701,21.949485778808594,22.053315572088085,21.87828820627408,21.914133101997557,69250599
20130702,21.811790466308594,22.026617527687424,21.687194708460357,22.00683979221715,75943592
20130703,21.913639068603516,21.981375963796822,21.7176015271233,21.75221019624093,42036977
20130705,22.088171005249023,22.135636050944097,21.936134057469605,22.002140609926705,68331166
20130708,22.37493896484375,22.40411051045011,22.176923066067527,22.229579135215122,79075287
20130709,22.378646850585938,22.569247274740583,22.19917057438998,22.521042002536355,79472771
20130710,22.397186279296875,22.5245005884778,22.258499820595503,22.334394294063966,68592140
20130711,22.74946403503418,22.763554747648527,22.459730737890922,22.57048188375305,103755449
20130712,22.81769561767578,22.81769561767578,22.625858975628603,22.74353147947464,103113050
20130715,22.859474182128906,22.941301792106096,22.653546822267977,22.849834263798297,78713937
20130716,22.733890533447266,22.940558100640434,22.592731621216128,22.919794036032638,79617311
20130717,22.707685470581055,22.91311870346591,22.65206284294416,22.768251111755944,60469809
20130718,22.51313018798828,22.743532189088757,22.327968785889457,22.71856343735286,145924920
20130719,22.165058135986328,22.322038128662808,21.64615899063329,21.918092940561436,295475379
20130722,22.51362419128418,22.5623254677496,22.174943493242953,22.298551024554133,116563276
20130723,22.343050003051758,22.57048354931559,22.23847808982934,22.513624689462194,82134711
20130724,22.320796966552734,22.503733897550998,22.266410567222106,22.428581541166007,83451629
20130725,21.945037841796875,22.17123515980171,21.904988258910816,22.097567023718266,120493954
20130726,21.886940002441406,22.001645931150072,21.804124177200265,21.927481799161924,71374530
20130729,21.8107967376709,22.12104796098322,21.77668218476917,21.87581316887534,75959652
20130730,22.02463722229004,22.140579382278617,21.776187843450646,21.88965944323177,70487217
20130731,21.946271896362305,22.16283118625421,21.907460433903946,22.075812559265362,87265872
20130801,22.35343360900879,22.361591191893044,22.12550404147214,22.12550404147214,85856610
20130802,22.411527633666992,22.42215766980443,22.269380480794382,22.334148921815594,68812965
20130805,22.372713088989258,22.38556946861133,22.22932971690616,22.382354900418385,52584363
20130806,22.164310455322266,22.489148398633205,22.14354449889122,22.365046772056083,60469809
20130807,22.017963409423828,22.210790172874205,21.979398056733753,22.126490109552012,55374783
20130808,22.067651748657227,22.14626477937781,21.885455046031126,22.13761119326285,59743096
20130809,22.012033462524414,22.138357670461808,22.001895645246478,22.015740249868987,53146462
20130812,21.890899658203125,21.927734676374946,21.795475436023416,21.92526222256745,55286453
20130813,21.785587310791016,21.964815599213882,21.66074353987622,21.923531679093493,57004870
20130814,21.50277328491211,21.760368489483092,21.437262731589303,21.714387668794608,83600184
20130815,21.251850128173828,21.381882991091164,21.21081232761099,21.370016730357303,75048249
20130816,21.183870315551758,21.320578443967026,21.174722616048868,21.291901011833385,67255147
20130819,21.399932861328125,21.556912831641085,21.197218181381533,21.203645424497942,72707508
20130820,21.39424705505371,21.559630711494687,21.347770232223482,21.466678958983834,49504863
20130821,21.49091148376465,21.67829735977136,21.420950127061563,21.52354181644316,70555472
20130822,21.59918785095215,21.6248968245929,21.51365155882871,21.574219098864678,34926424
20130823,21.51266098022461,21.70523974153204,21.501290723054105,21.701036949171314,43245489
20130826,21.41822624206543,21.628604390637637,21.409820657596804,21.50746931680666,42257801
20130827,21.016754150390625,21.352468281192426,20.961131518831067,21.250864829534216,69623993
20130828,20.977201461791992,21.146787926631642,20.957917838053653,21.01922749393095,53395392
20130829,21.147279739379883,21.269651035206824,20.978187405020275,20.990053666599866,59361671
20130830,20.93640899658203,21.211803568073055,20.903282665803996,21.15543882660235,74743109
20130903,21.2696533203125,21.413284701375655,21.11069499858732,21.120830922537973,82210996
20130904,21.54776382446289,21.593992643353193,21.140854046231045,21.26890857502251,81954037
20130905,21.743804931640625,21.751716404228045,21.5472713820551,21.593994316598664,51845604
20130906,21.744300842285156,21.84812874386383,21.59992735380344,21.81500241059449,62698130
20130909,21.95368766784668,21.995713695491553,21.814507096631953,21.846891313438707,49569103
20130910,21.969017028808594,22.051338754452694,21.853568968068355,22.00239136652775,51697050
20130911,22.15492057800293,22.174202308677625,21.904988835053228,21.96580248595782,64665477
20130912,22.07754135131836,22.197190298539194,22.002140989458397,22.184829924867817,43984248
20130913,21.978904724121094,22.142313840062847,21.874334703172963,22.113142295186506,53214717
20130916,21.94651985168457,22.174943510394368,21.875076167615628,22.15516766843708,53660381
20130917,21.905729293823242,21.962094038445812,21.779403203769338,21.93786740233474,50564822
20130918,22.331180572509766,22.34724962674453,21.830576903536553,21.911662396223782,77678069
20130919,22.209304809570312,22.397186656392257,22.135388676167292,22.397186656392257,64155573
20130920,22.32598876953125,22.351205521989495,22.140827381323227,22.20930449492436,174463490
20130923,21.91537094116211,22.288414184372307,21.883232832890883,22.15393051346851,71362485
20130924,21.923776626586914,22.004368014048598,21.789294836600344,21.91537293457511,59694916
20130925,21.686203002929688,21.916604990453273,21.645907313386786,21.916604990453273,66207234
20130926,21.709440231323242,21.822663824142303,21.631073307305233,21.712654799193338,50584897
20130927,21.665441513061523,21.69337493894237,21.539857525312836,21.62662815505345,50540732
20130930,21.65357208251953,21.775449275710777,21.46569211721018,21.48472773772554,69154239
20131001,21.927730560302734,21.944291832774365,21.75591777073222,21.760860784269422,67644602
20131002,21.952207565307617,21.986074121685537,21.700791595345258,21.82217278650891,60036190
20131003,21.658021926879883,22.103250967225982,21.559385044079495,21.952452132258706,84997401
20131004,21.56556510925293,21.693127430356643,21.507470023877087,21.63107566207157,54523605
20131007,21.402158737182617,21.606109657440612,21.361863043856726,21.444432772041303,51937949
20131008,21.10377311706543,21.408091258024154,21.0533415011908,21.39177609358076,78039419
20131009,21.157915115356445,21.325771250393124,20.83950623528179,21.16829714935567,106449509
20131010,21.463960647583008,21.4785454723194,21.265448763859137,21.35518594939,90550137
20131011,21.556665420532227,21.593500434596244,21.391281754313457,21.40932725742587,56567236
20131014,21.65851593017578,21.66197850085898,21.39350527161003,21.424901265163967,49930453
20131015,21.80436897277832,21.89386003779334,21.606353118738614,21.64986147811699,63914673
20131016,22.200407028198242,22.20782438901305,21.853814847010636,21.899797561873047,80604999
20131017,21.97198486328125,22.17247511749669,21.896338379442827,22.07581466973098,170902191
20131018,25.003299713134766,25.1034208290938,24.07847903779475,24.1422592517769,464390148
20131021,24.802810668945312,25.190932854128498,24.710105023056567,25.004535231376142,145675990
20131022,24.894277572631836,25.042605845085962,24.617152652317188,24.84483607724687,88675135
20131023,25.497724533081055,25.580294259220327,24.73680517652171,24.745950982941036,106927293
20131024,25.35285758972168,25.72417049696788,25.33431608201745,25.509095444307626,83997668
20131025,25.096994400024414,25.433696767652318,24.986737356900885,25.433696767652318,81524432
20131028,25.092050552368164,25.300450381980134,25.04236104802295,25.096995459799476,46521724
20131029,25.61712646484375,25.634429851618023,25.054965175381305,25.193403628472723,64440637
20131030,25.473251342773438,25.648524822586392,25.363982527679475,25.64654648113705,53162522
20131031,25.477205276489258,25.747654955850788,25.313798064563414,25.436415474158792,65845885
20131101,25.389692306518555,25.61119650933511,25.341735036484888,25.50711870744932,51524405
20131104,25.366701126098633,25.521456649545954,25.26583978873607,25.499948575634583,45722740
20131105,25.253232955932617,25.503658815538316,25.15187750029632,25.224309412819103,47433127
20131106,25.283639907836914,25.38870404058131,25.101197064573718,25.354095369649542,36652871
20131107,24.917762756347656,25.312808160468787,24.91009928707841,25.280175942140243,67435822
20131108,25.117509841918945,25.178571488772747,24.931358335951085,24.937539469360203,51825529
20131111,24.9830265045166,25.11503961342241,24.91900018456028,24.95632741550584,44670812
20131112,25.0124454498291,25.155332806693725,24.844835452743812,24.911582227095604,48906630
20131113,25.523927688598633,25.533321496963556,24.8819171133996,24.888098246876314,63412799
20131114,25.592161178588867,25.703900558870558,25.47152020797655,25.559775065065683,46842923
20131115,25.550874710083008,25.660635737871804,25.47052944085405,25.583258927223216,51243355
20131118,25.50118637084961,25.926145499797503,25.44408139933608,25.605016173351245,70651832
20131119,25.34420394897461,25.580292962286215,25.291053772571335,25.50538860326317,45433661
20131120,25.272762298583984,25.545932456029483,25.224555132040734,25.461632388522236,38692487
20131121,25.5634822845459,25.668300303190918,25.3639821706728,25.388702919267928,43835693
20131122,25.509592056274414,25.615398307615493,25.44358738714441,25.547415296903935,50356042
20131125,25.856672286987305,26.036148528991873,25.586962865413906,25.639866925230763,64761837
20131126,26.165197372436523,26.24158596277221,25.78276030868679,25.92268300290514,91794785
20131127,26.28138542175293,26.402272485999855,26.20450272554853,26.25468633370854,45112461
20131129,26.194368362426758,26.368157607928435,26.190907684851,26.257902464966396,47890836
20131202,26.068044662475586,26.36148667275303,25.97608112308095,26.291277318079224,55133884
20131203,26.037883758544922,26.289545834217492,25.933065736355072,25.980776896346196,67295297
20131204,26.159513473510742,26.30289685211769,25.95729289265756,25.991161342356232,47842656
20131205,26.13874626159668,26.196099231662625,25.9842387422383,26.135285583950846,45517975
20131206,26.448505401611328,26.451718076888188,26.206483233037932,26.446527060029528,57366220
20131209,26.652944564819336,26.756034130756568,26.40276674410755,26.476188763348443,59526286
20131210,26.814132690429688,27.003250796394102,26.591394134759362,26.60375640383868,74433955
20131211,26.631935119628906,26.978773404528724,26.579525162153665,26.881866855502476,68728650
20131212,26.450729370117188,26.771610689382005,26.42699684416788,26.688300739084845,64099363
20131213,26.224035263061523,26.60721445159192,26.152343575238433,26.585212265215727,86820208
20131216,26.525386810302734,26.567658950987955,26.254195002294434,26.30339039160189,64320188
20131217,26.44825553894043,26.717717002330378,26.411668527724117,26.521431454522766,61658247
20131218,26.816354751586914,26.821297765279198,26.180771411532238,26.497449909575256,88743390
20131219,26.852693557739258,26.995334808934267,26.676183859859904,26.71796188565253,66877738
20131220,27.208683013916016,27.222279616226334,26.896701382374744,26.90411685038498,130953011
20131223,27.5666446685791,27.583949950966804,27.319927492553738,27.38716838740621,69122119
20131224,27.486053466796875,27.570103633565736,27.393595822256533,27.56343028090992,29478078
20131226,27.62498664855957,27.663057889651743,27.408181248205686,27.539698360024342,53712576
20131227,27.648223876953125,27.69469880771043,27.513246093209005,27.68777745259011,63023345
20131230,27.427217483520508,27.700139634320717,27.416339444921853,27.69618484444383,49629328
20131231,27.70532989501953,27.71249925301623,27.348109580851222,27.495941856332166,54519590
20140102,27.517696380615234,27.63215621421683,27.397551418328465,27.57554535738275,73129082
20140103,27.316959381103516,27.61188370713167,27.315229042277636,27.56417254839006,66917888
20140106,27.62152862548828,27.659597977089472,27.35256124474395,27.51498025523284,71037271
20140107,28.15401840209961,28.174538251039113,27.71645472598673,27.811382928346127,102486711
20140108,28.212610244750977,28.363162973836044,28.01632280545859,28.330530752632153,90036218
20140109,27.940921783447266,28.286525716961098,27.82522762231831,28.26724398782282,83692529
20140110,27.939441680908203,28.15946165713518,27.7434022331565,28.15946165713518,86061375
20140113,27.761451721191406,28.35303078683334,27.617820328444296,27.84772824337654,97118665
20140114,28.414579391479492,28.45413485897214,27.887770762464125,28.13152323767309,99676216
20140115,28.395296096801758,28.553018166582056,28.275893265719642,28.503328672085186,78300393
20140116,28.583181381225586,28.625455414297893,28.37997258427314,28.40716578673846,67608467
20140117,28.44251823425293,28.69220196146803,28.286032373462916,28.598756092432655,108457005
20140121,28.768095016479492,28.775510483475113,28.461550553285235,28.69961600903359,79492846
20140122,28.800729751586914,28.871679325461546,28.64844667735735,28.84003532708082,63091600
20140123,28.679101943969727,28.738185257949773,28.53744889884675,28.676629490252598,78256228
20140124,27.782459259033203,28.51717359225293,27.761941303338702,28.454381605311127,156283602
20140127,27.2237606048584,27.848467844910704,26.75504701257907,27.838579923669933,174796734
20140128,27.762184143066406,27.829921028865076,27.439078440546975,27.448472247906757,88739375
20140129,27.364425659179688,27.7310416876633,27.17901624867642,27.666025244593637,95552818
20140130,28.0682373046875,28.49097195924117,27.867006847623017,28.30580866390836,204419353
20140131,29.195032119750977,29.332728470427536,28.45735119182281,28.95721276060202,223486554
20140203,28.01978302001953,29.21357101116294,27.984680239050522,29.151273135348724,183449044
20140204,28.136714935302734,28.553020432946553,28.10828550725049,28.13251214311548,112897588
20140205,28.261308670043945,28.44844840369579,27.886040978635634,28.26575946481401,96139007
20140206,28.67563819885254,28.68058310575789,28.36884761740817,28.457350470745922,78155853
20140207,29.107763290405273,29.119135439826216,28.69046958442684,28.865247045171113,105843245
20140210,28.996273040771484,29.230381817796637,28.899612606702938,28.968335831606428,78099643
20140211,29.422712326049805,29.46449224500213,28.978473408940843,29.175253059838568,82339476
20140212,29.336435317993164,29.418262922600103,29.20516621876727,29.393540282141043,69238554
20140213,29.663005828857422,29.663005828857422,29.162646355734932,29.189593448963937,73731331
20140214,29.734695434570312,29.774002902124952,29.48748415834723,29.55694950087877,87795852
20140218,29.9344425201416,29.98363790696373,29.66547706982295,29.700333741190956,84672187
20140219,29.723325729370117,29.89340819616965,29.603674878793385,29.796499753554347,84459392
20140220,29.76708221435547,29.835807336889342,29.670915886071818,29.74310168636427,68287001
20140221,29.75916862487793,29.909473346115536,29.73568410379381,29.85854762123341,74771214
20140224,29.97473907470703,30.163857157662445,29.791554122927867,29.797983259326887,67223027
20140225,30.15989875793457,30.271144014581722,29.923069529588947,30.05953153887454,57763704
20140226,30.164106369018555,30.37942754567271,30.00564215974049,30.25878657587145,79585191
20140227,30.140371322631836,30.264472967648928,30.085984916852524,30.120101368347544,50588912
20140228,30.0523624420166,30.263480807510035,29.819241891710405,30.16830460382076,92890878
20140303,29.731977462768555,29.859291783705388,29.47116768694904,29.832344690111114,84507572
20140304,30.034069061279297,30.061016152994807,29.900327506253145,30.036293512084814,58928052
20140305,30.116886138916016,30.236042874191906,29.94754579138907,30.037530982935657,49597208
20140306,30.15026092529297,30.311937805248533,30.12529217352503,30.21626559057383,50914126
20140307,30.031105041503906,30.3327046264552,29.948289204281778,30.328007721845577,60831159
20140310,29.951501846313477,30.101560470483317,29.766588441542215,30.05335330448285,48766105
20140311,29.665233612060547,30.01948929471437,29.582415874754606,30.00589079869031,68776830
20140312,29.845943450927734,29.8595400525801,29.27463628575856,29.576481978330992,78866507
20140313,29.3950252532959,29.925048463447627,29.288723008142934,29.8620084737529,94175675
20140314,28.993057250976562,29.439770499498177,28.98638200564451,29.220244663362557,92099924
20140317,29.47018051147461,29.593045934862396,29.12433043641147,29.152513757797816,86808163
20140318,29.943838119506836,29.950513365574288,29.493912146622318,29.533713727258203,72872123
20140319,29.646936416625977,29.961884587886992,29.527283675806498,29.957187683468327,64757822
20140320,29.59526824951172,29.90304705945544,29.550769766179553,29.664239478814316,67640587
20140321,29.24620246887207,29.90354187616886,29.23161764428301,29.821466268012806,128821050
20140324,28.62545394897461,29.292185273619577,28.329291516316022,29.274633883536683,121939352
20140325,28.644983291625977,28.919883775392957,28.35525187299432,28.82495556925054,96769361
20140326,27.98369026184082,28.962649247851253,27.972070109964548,28.726314138731297,103586819
20140327,27.63924789428711,28.111401332912052,27.365064910407288,28.111401332912052,262719
20140328,27.7149715423584,28.033698441343773,27.649642732143338,27.774855654005634,824257
20140331,27.56550407409668,28.06190872756584,27.56352573274992,28.05646402927562,216593
20140401,28.069826126098633,28.133672597396444,27.65161990691278,27.65161990691278,158434
20140402,28.061908721923828,29.934186361176028,27.82385273059401,29.694646140549036,2942055
20140403,28.1975154876709,29.065604111984317,27.9198661608005,28.202960186048635,101983228
20140404,26.881031036376953,28.594935287589795,26.874102109049193,28.440520545106562,127386783
20140407,26.634065628051758,27.145316336545424,26.08965451248994,26.762248889194563,88033033
20140408,27.463056564331055,27.46800525747312,26.805308228253676,26.854306727068867,63024560
20140409,27.920360565185547,27.981234788515962,27.366546172519186,27.69665655026287,66616395
20140410,26.77264404296875,27.962924021776036,26.72067708510407,27.962924021776036,80737057
20140411,26.26040267944336,26.725625265254777,26.058969667508304,26.356911660396783,78496923
20140414,26.35542869567871,26.92854379856342,26.20893298532389,26.639016841811156,51501009
20140415,26.549436569213867,26.648915905877395,25.65957102404463,26.56824311821601,77101101
20140416,27.54422378540039,27.566988910011187,26.72562587423961,26.874103708593054,97865955
20140417,26.532608032226562,27.195801077550115,26.287623106722613,27.16165055074946,136190888
20140421,26.16240882873535,26.562304520010766,26.012944659660473,26.532608573764932,51334553
20140422,26.468767166137695,26.588537287907563,26.1074746729929,26.163402104231746,47307527
20140423,26.07926368713379,26.422243727047444,26.045115052654587,26.418283257852938,41046384
20140424,25.991165161132812,26.31236826659128,25.840708996649614,26.234171725911583,37663121
20140425,25.546730041503906,25.96840263382247,25.509116943198357,25.86001413385832,42007014
20140428,25.594738006591797,25.66649973807318,24.884528586446,25.596222235934945,66710653
20140429,26.11687660217285,26.20398231289402,25.55365888778543,25.582364716645163,53981801
20140430,26.065404891967773,26.131723817088787,25.86050741302705,26.111927151278778,35023895
20140501,26.297523498535156,26.375720048740817,25.927817857487767,26.087677315081667,38110345
20140502,26.128257751464844,26.428674077193264,26.013436339545997,26.416796457065338,33770463
20140505,26.1223201751709,26.176267366619932,25.801118945622882,25.974340242309964,20482080
20140506,25.495258331298828,26.072827998258305,25.49129975538658,25.99463145208164,33780490
20140507,25.238889694213867,25.571476328378772,24.90927530497089,25.52742841589569,64486563
20140508,25.290363311767578,25.598696815414137,25.065173156189083,25.16465249292875,40426688
20140509,25.672937393188477,25.730843168621952,24.953820624301144,25.277992251154902,48789585
20140512,26.226749420166016,26.240111270774708,25.68679283427638,25.9095067517187,38250730
20140513,26.383638381958008,26.53112420883938,26.20645850213222,26.274757663628908,33068541
20140514,26.064910888671875,26.379183196360838,25.997601846007054,26.379183196360838,23835261
20140515,25.734800338745117,26.02630943475929,25.608101289831623,26.017894383994697,34087331
20140516,25.766969680786133,25.82487545091561,25.510107128356427,25.804582779191744,29705333
20140519,26.174291610717773,26.21982375991587,25.61617018386486,25.720946567273806,25555972
20140520,26.219324111938477,26.53904109938974,26.047587051424614,26.21783798954964,35695734
20140521,26.673166275024414,26.685191561447585,26.325237557343495,26.374234162809177,23925508
20140522,26.976055145263672,27.10176405824577,26.76422875475616,26.78155107266505,32316482
20140523,27.35417366027832,27.400695918869378,26.90874584672179,27.084937494909,38643806
20140527,28.009944915771484,28.012419262594978,27.43583776507624,27.517500676000676,42083223
20140528,27.798612594604492,28.103481635568023,27.764958072434514,27.941643840539466,33040464
20140529,27.719425201416016,27.91343328415902,27.651620153635267,27.881262992196255,27082150
20140530,27.71002197265625,27.78227970852706,27.51304353779234,27.755058109698556,35422988
20140602,27.415050506591797,27.760008903157168,27.009217878400097,27.750111516034096,28700582
20140603,26.970117568969727,27.336358740762,26.851831681456527,27.269543807774323,37332215
20140604,26.956260681152344,27.151752993745287,26.663763380351984,26.7998656951882,36329469
20140605,27.413564682006836,27.46553164082849,26.945865838911313,27.042374823494566,33782496
20140606,27.533828735351562,27.619450209676465,27.16758759760203,27.619450209676465,34735104
20140609,27.82038688659668,27.858991994231932,27.519478322542493,27.574413739046992,29350361
20140610,27.742687225341797,27.893637517363764,27.61153359982354,27.74070699074651,27034019
20140611,27.65805435180664,27.709525303278223,27.468994966463484,27.61648078647208,22002242
20140612,27.28736114501953,27.615987313172905,27.144328009574526,27.581836786651227,29169867
20140613,27.30765151977539,27.33437711297837,27.00080225656709,27.332396878474558,24410836
20140616,26.937454223632812,27.20174172092548,26.8008558935254,27.183925288230952,34051232
20140617,26.87459945678711,26.988924878310385,26.692468983064302,26.933493453014364,28891103
20140618,27.3873348236084,27.396738097995538,26.92359456106564,26.966158244988733,34835379
20140619,27.463056564331055,27.46800525747312,27.14680213174952,27.430392160554018,49136535
20140620,27.53531265258789,27.595692763388417,27.239945357579824,27.559563897942965,90166875
20140623,27.96044921875,27.962923565300834,27.43088604868235,27.475428072896587,30736155
20140624,27.944116592407227,28.34133913238738,27.765450599915404,27.972326414437646,44142862
20140625,28.638490676879883,28.70332537717009,27.97381525718208,27.975793598695297,39387843
20140626,28.507339477539062,28.826562419550978,28.301947854808915,28.754800678121114,34839390
20140627,28.568706512451172,28.698870021611334,28.39845366477053,28.565738053686527,44738493
20140630,28.47170066833496,28.68401928237258,28.445469188311552,28.638983147970382,26275943
20140701,28.837448120117188,28.923067708090947,28.539506114728198,28.622157243984784,28959290
20140702,28.82086753845215,28.974540176398552,28.72460466416761,28.871102264874825,21127848
20140703,28.939401626586914,28.953259483154667,28.750838226625437,28.871104354245617,14283107
20140707,28.81665802001953,29.023535728702132,28.685010290084783,28.89139199357256,21292298
20140708,28.264331817626953,28.681943611547602,28.01909887997719,28.58949353722761,38190565
20140709,28.511295318603516,28.54296960502116,28.179501914888515,28.288581410125598,22335153
20140710,28.26482582092285,28.536536349766674,27.963421238548126,28.007963265419342,27134293
20140711,28.66472053527832,28.74737166340107,28.28066294196489,28.304914189187677,32434806
20140714,28.94632911682129,28.963157324596025,28.60780555137639,28.83398393356375,37081529
20140715,28.94187355041504,28.99260428147479,28.535050836719765,28.989387820226497,32460877
20140716,28.83695411682129,29.121038286186028,28.814187097043867,29.10124161848168,27942506
20140717,28.394990921020508,28.75430127038592,28.141590939077307,28.682043532223275,60331186
20140718,29.451644897460938,29.53677037978957,28.80428988399833,29.348701088885736,80283816
20140721,29.173992156982422,29.417986974677863,28.964295533092123,29.286835240271564,41242922
20140722,29.434814453125,29.677819147484275,29.229916968899396,29.235857672630303,33983045
20140723,29.49618148803711,29.588731886953244,29.32394842726035,29.36007918519834,24663528
20140724,29.36602210998535,29.67039704752629,29.28782366636427,29.5194467521182,20702684
20140725,29.15172004699707,29.292276944015562,29.053230828726612,29.220019207529578,18649061
20140728,29.229917526245117,29.32395216634851,28.940540124682755,29.10470460328326,19736037
20140729,28.982952117919922,29.18537335131021,28.879266208138556,29.13835698129396,26997920
20140730,29.072532653808594,29.175476450664192,28.90326993263484,29.02947485886434,20329662
20140731,28.289567947387695,28.88594601433127,28.210381289490503,28.734995737783677,42055146
20140801,28.01588249206543,28.505358251335863,27.856519039827283,28.230183256703334,39105069
20140804,28.36628532409668,28.475166044306217,27.918383137198152,28.16287395860307,28546159
20140805,27.96639060974121,28.308380547206898,27.84464025341804,28.21286167441242,31024946
20140806,28.030925750732422,28.245029615558124,27.715464547596085,27.803560372713235,26687069
20140807,27.881759643554688,28.204943035640348,27.769908565884663,28.111402503030146,22218835
20140808,28.149511337280273,28.222759196262224,27.732789309755386,27.89165865482393,29895854
20140811,28.10546112060547,28.234634507310837,28.012416601761007,28.209889148276574,24294518
20140812,27.85057830810547,28.00746740280784,27.759018020237605,27.939168244231027,30840441
20140813,28.44695472717285,28.457844123827076,28.00004268103773,28.077251002273684,28784812
20140814,28.440523147583008,28.601370826932218,28.253938097840184,28.516245349937087,19709966
20140815,28.38261604309082,28.674617334763028,28.236118445477537,28.59938924802099,30383189
20140818,28.812206268310547,28.928511917677433,28.507335340201262,28.51278003862365,25682318
20140819,29.044818878173828,29.06857601433058,28.903271857999467,28.952764471797057,19573592
20140820,28.927522659301758,29.036899384160296,28.832497902442395,28.996317826841945,20734771
20140821,28.87209129333496,28.928016829215643,28.761724450954137,28.89436419979162,18296094
20140822,28.832006454467773,28.96444743455751,28.736981688828045,28.882983301588567,15781209
20140825,28.715200424194336,28.952762302211347,28.65581042797748,28.938904447112456,27228551
20140826,28.599390029907227,28.794388233154717,28.53604145534491,28.76766263913475,32793789
20140827,28.259876251220703,28.630570102255636,28.215481891405123,28.5701899866071,34067276
20140828,28.170791625976562,28.37123453636523,28.066859597250787,28.188609951526516,25858801
20140829,28.289567947387695,28.31134484625428,28.065322494232383,28.276206098113562,21675347
20140902,28.57316017150879,28.597905530730934,28.269279360484266,28.3019437647394,31568434
20140903,28.603351593017578,28.853285223212545,28.457845996265913,28.7053033865859,24302540
20140904,28.80329704284668,29.002253819636948,28.66669872257297,28.705301937206965,29163850
20140905,29.006214141845703,29.02947527155029,28.801812667679968,28.902282119411257,32647388
20140908,29.186365127563477,29.287822806046933,29.017102399584513,29.031950372646644,28620362
20140909,28.755290985107422,29.150730198017964,28.705302367693022,29.14578150474316,25744488
20140910,28.858728408813477,28.87852507472711,28.553857481963913,28.779541745158937,19547521
20140911,28.772117614746094,28.794884633099144,28.52020375609259,28.723121007229437,24420864
20140912,28.4885311126709,28.786473137300064,28.431121344551396,28.75479884775654,32033708
20140915,28.36380958557129,28.455369874441843,28.121793122734594,28.35589054065471,31951483
20140916,28.70282745361328,28.779541663604583,28.342032887058497,28.34698158023547,29607064
20140917,28.941377639770508,29.07747994565152,28.644673779964116,28.705796005631424,33856699
20140918,29.164094924926758,29.177456775849173,28.952764511690937,29.051747846272765,28891103
20140919,29.50113296508789,29.520929631130112,29.175477146090916,29.274460476302036,74732617
20140922,29.070058822631836,29.395665417748972,28.876544851402457,29.38928171711909,33790518
20140923,28.76123046875,29.044324506569183,28.754797545972142,29.044324506569183,29428575
20140924,29.100744247436523,29.181911149159884,28.73104050150551,28.777562763084788,34562632
20140925,28.4608154296875,29.10025139110517,28.417263518162514,29.078970494019654,38519466
20140926,28.56177520751953,28.668183465108218,28.441014983080102,28.510304257151763,28873054
20140929,28.525150299072266,28.615718568124095,28.268285890351095,28.296991715259807,25648224
20140930,28.57464599609375,28.69788058017242,28.351437959122745,28.553365099563624,32434806
20141001,28.12476348876953,28.585533391981123,28.062403139813174,28.507830958387782,28909153
20141002,28.214345932006836,28.304916111333384,27.87978092769453,28.077253489626198,23568530
20141003,28.47170066833496,28.56796164298495,28.33411223923123,28.361333836463952,22834521
20141006,28.57415199279785,28.754798237396404,28.430130623729884,28.645915621286314,24292512
20141007,27.900564193725586,28.47120683733513,27.900564193725586,28.428149040913947,38226664
20141008,28.33411407470703,28.40241323507864,27.591240254018523,27.991135936663305,39817018
20141009,27.75901985168457,28.284128473848554,27.668943787170136,28.26878638837514,50496258
20141010,26.947845458984375,27.969358714700608,26.926068558667644,27.60262344575716,61638766
20141013,26.389577865600586,27.195802187286244,26.384135060092614,26.972592260116947,51633371
20141014,26.623676300048828,27.08147589473474,26.387598625189003,26.67118868091151,44451708
20141015,26.232192993164062,26.369285423075027,25.651652981985617,26.28069359334205,74387672
20141016,25.958999633789062,26.20250035526282,25.488332287845758,25.68629896885298,74171079
20141017,25.29877471923828,26.279208478429123,25.168115216147683,26.094603678664278,110787334
20141020,25.777360916137695,25.822894949113667,25.146834206472054,25.21364913353928,52150788
20141021,26.059467315673828,26.071840942322194,25.691741911729714,25.99265238218227,46725935
20141022,26.364830017089844,26.715727181784622,26.171316055035305,26.22526324498919,58385859
20141023,26.922607421875,27.082959098130512,26.52023737581479,26.691974454615732,46976621
20141024,26.714738845825195,26.967146796585205,26.51726441571144,26.941411321530403,39462046
20141027,26.76373863220215,26.94388887215873,26.578637805569723,26.578637805569723,23706909
20141028,27.16610336303711,27.170061938728143,26.805802928620214,26.87410208462468,25419598
20141029,27.1873836517334,27.427915868209055,27.071078012247966,27.220544058361977,35410955
20141030,27.235889434814453,27.359124016366557,26.8993442076462,27.168580389380804,29113713
20141031,27.669933319091797,27.694184566717237,27.45563255963011,27.683295169657008,40701440
20141103,27.47889518737793,27.61153303957653,27.3804059689317,27.49275304296432,27645693
20141104,27.423959732055664,27.49275490257699,27.185903717515508,27.369024311207873,24884132
20141105,27.01862144470215,27.55709383271645,26.926071029724735,27.55709383271645,40645286
20141106,26.82659339904785,27.0663816460781,26.773636319645533,26.997834478058966,26665008
20141107,26.77561378479004,27.032970435360046,26.659802250801253,27.032970435360046,32675465
20141110,27.096323013305664,27.200256934770962,26.776109984555116,26.79788688616924,22692131
20141111,27.234899520874023,27.316562428156086,27.037426964408784,27.145815466602308,19310873
20141112,27.087411880493164,27.243310858202797,26.981499625238513,27.23984828755554,22593862
20141113,26.99189567565918,27.210651028461907,26.89786103183036,27.210651028461907,26787343
20141114,26.94339370727539,27.056234903457817,26.832036740567116,27.056234903457817,25790614
20141117,26.552898406982422,26.91319883369809,26.431693296485165,26.902805442938053,34520517
20141118,26.479652404785156,26.821640420208695,26.43708872159012,26.6018968628766,39253475
20141119,26.576658248901367,26.638520701448204,26.234668329301176,26.478169029227086,27844237
20141120,26.469755172729492,26.48361302911372,26.28416212726892,26.292575284887977,31267610
20141121,26.601898193359375,26.831541041607057,26.55537593195529,26.805309558982536,44485801
20141124,26.689495086669922,26.859253804094788,26.508850759507204,26.609318311364238,34127440
20141125,26.77907943725586,26.92260668784539,26.65643741404522,26.676135636568556,35798014
20141126,26.743940353393555,26.80234023430137,26.579230652971404,26.76917982474544,30459397
20141128,26.81619644165039,26.824609598250586,26.557353676277216,26.75631044193527,22966883
20141201,26.418777465820312,26.79541202950579,26.322764484750714,26.671187331346925,42307838
20141202,26.416301727294922,26.502913322304256,26.220809418323356,26.40442410659353,30533600
20141203,26.296037673950195,26.52746196415521,26.19408399378282,26.30197648433912,25559983
20141204,26.59249496459961,26.593981087138282,26.160924979369636,26.28812003033227,27842232
20141205,25.996118545532227,26.373743254109932,25.947617939377626,26.28020271973705,51312493
20141208,26.081241607666016,26.280198372546106,25.92336240156118,26.088664647022537,46587556
20141209,26.397499084472656,26.43808253883136,25.760539335615164,25.841704351182674,37426473
20141210,26.03571319580078,26.54399363037066,26.010965941436655,26.383145942752922,34245764
20141211,26.14855194091797,26.424717037264593,26.08718170915765,26.121826347502157,32216207
20141212,25.669469833374023,26.156471222829758,25.669469833374023,25.90950606423605,39891221
20141215,25.428939819335938,25.889213727936987,25.402708337398277,25.871397296317806,56268061
20141216,24.517789840698242,25.391817164570153,24.20153733954457,25.31807520897014,79285081
20141217,24.987966537475586,25.0923945667179,24.58807274525078,24.597476019688273,57663883
20141218,25.295312881469727,25.43240532099234,24.9785643164784,25.38687317623009,58534266
20141219,25.555145263671875,25.622948420751914,25.087989746591663,25.315603136951378,73804074
20141222,25.97681427001953,26.05550681912953,25.54177985256858,25.54177985256858,54475152
20141223,26.259906768798828,26.456389181039327,26.047090262819182,26.082230903522248,43952341
20141224,26.169832229614258,26.317764831917643,26.08322063575982,26.255947818275477,14118657
20141226,26.430158615112305,26.44104801131469,26.097573888748798,26.16983162071206,20810980
20141229,26.247039794921875,26.501924001358134,26.231252819785603,26.339096090997707,45570772
20141230,26.25149154663086,26.287620411126337,26.08866365382058,26.136176026082314,17525986
20141231,26.05253791809082,26.3593890868718,26.022841971929864,26.2925741545845,27364925
20150102,25.973844528198242,26.293563425180242,25.93870577778741,26.18171046518221,28951268
20150105,25.432403564453125,25.950089115556363,25.39231612115554,25.897132041111814,41196796
20150106,24.842954635620117,25.546483119696987,24.79791849875994,25.488329348959635,57998800
20150107,24.80039405822754,25.104471768776605,24.72863043119614,25.09239536661254,41301082
20150108,24.878589630126953,24.91818296214316,24.30052395365088,24.64647244330592,67071641
20150109,24.556398391723633,24.989450699342946,24.48809923107024,24.981533547421982,41427428
20150112,24.37723731994629,24.546797276655266,24.130272149705686,24.495523209022753,46535413
20150113,24.556894302368164,24.893437650746673,24.369319126152455,24.688542046929324,47409807
20150114,24.789011001586914,24.905810769814128,24.39950868840014,24.48117159689095,44714427
20150115,24.83454132080078,25.027065172534495,24.63508854141728,25.02162047419548,54316718
20150116,25.145845413208008,25.151290111600403,24.74594973326353,24.746445738471735,45965854
20150120,25.087444305419922,25.364597614269712,25.043693619157004,25.29036154068997,44640224
20150121,25.63878631591797,25.70015654979528,25.052801581926232,25.104768541235615,45374234
20150122,26.44797706604004,26.543991939021335,25.720943216827767,25.809037151493435,53538588
20150123,26.72315216064453,26.83302488981985,26.37918389838782,26.507369064617308,45634948
20150126,26.48855972290039,26.676134882018992,26.214376754218325,26.652873752437234,30874534
20150127,25.667987823486328,26.26535610309251,25.64621092113954,26.22922533883202,38080263
20150128,25.24087142944336,25.88377183057916,25.24087142944336,25.873378438482636,33676205
20150129,25.273536682128906,25.294817579118426,24.805343696310814,25.290364890770473,83727244
20150130,26.45441436767578,26.719195988072347,25.514067895290815,25.53089610449343,112127002
20150202,26.155485153198242,26.379187323468738,25.664029106553656,26.316332852097165,56996054
20150203,26.19309425354004,26.398979958201462,25.89713248819256,26.131724021104986,40773638
20150204,25.87238883972168,26.362953170210506,25.798646869401445,26.193095985442792,33273101
20150205,26.110937118530273,26.156471153875355,25.83922660153243,25.923363851359532,36995292
20150206,26.28019905090332,26.587048309286068,26.05303056567567,26.11390668393877,35270570
20150209,26.12331199645996,26.329693715278083,26.033731937100825,26.131725153900934,25355423
20150210,26.574180603027344,26.611795592304738,26.078271960105003,26.196061834675948,34997823
20150211,26.526172637939453,26.64891309186046,26.397889042316862,26.493012231503318,27555446
20150212,26.870637893676758,26.964178420056157,26.461984493884586,26.58952598876781,32404724
20150213,27.171550750732422,27.216092777551133,26.880537667574256,26.89142706481419,38006060
20150217,26.866186141967773,27.220547807186694,26.77957454044964,27.06365870027936,32336537
20150218,26.710779190063477,26.997337674374798,26.602390695274185,26.794916438311088,29061570
20150219,26.86766815185547,26.87954577246825,26.62713781527346,26.628622044562658,19782163
20150220,26.673662185668945,26.91122408248286,26.517761303470866,26.880538018128902,28887092
20150223,26.325239181518555,26.549388111044102,26.201508593790507,26.530134778161713,29157834
20150224,26.532114028930664,26.56675866793582,26.144097858372287,26.2307075627355,20101036
20150225,26.91716194152832,27.03346759252031,26.500191936770648,26.522710952291927,36519991
20150226,27.491762161254883,27.524428460156592,26.79986704340472,26.884498409739233,46230579
20150227,27.636281967163086,27.948575977092855,27.364075406677195,27.430396234489148,48203982
20150302,28.276700973510742,28.31678841288099,27.653597339765057,27.741693155758206,42592618
20150303,28.390535354614258,28.47714505772933,28.03815205226826,28.232656139958603,34095352
20150304,28.377172470092773,28.562271395948056,28.111896761190057,28.302934497661848,37536775
20150305,28.474180221557617,28.60186939506693,28.379155456180932,28.45883624173178,27792094
20150306,28.095809936523438,28.540989756905017,28.05002979161154,28.45190381367786,33182854
20150309,28.15346908569336,28.223746585844097,27.890419732454195,28.054977976772992,21242161
20150310,27.468503952026367,27.955503490886684,27.454646095352103,27.925809435977417,35846146
20150311,27.278947830200195,27.623412110232028,27.25420246956148,27.4749361601002,36415706
20150312,27.493247985839844,27.535809778013064,27.24331246566813,27.39426465233852,27792094
20150313,27.087909698486328,27.636279452890673,26.93448505705694,27.393768864029795,34071287
20150316,27.443754196166992,27.559565732631754,27.02257762174876,27.267562544882093,32819860
20150317,27.262123107910156,27.408618831942363,27.12156619505224,27.30518090878618,36110871
20150318,27.690719604492188,27.704577460028787,27.072070478014496,27.344275109226857,42690887
20150319,27.615985870361328,27.75505663632476,27.524671694953213,27.68527325075196,23945563
20150320,27.733280181884766,27.80059111522456,27.668447381346034,27.79712665149198,52337299
20150323,27.656572341918945,27.832269903473552,27.509086499979098,27.73675102592943,32876014
20150324,28.21978759765625,28.43755282343975,27.775351769814907,27.84216480966913,51665459
20150325,27.65533447265625,28.322238130012508,27.65310812852146,28.235132415738825,43045859
20150326,27.476421356201172,27.661024277162113,27.252715428067216,27.596189579188046,31452115
20150327,27.138391494750977,27.481865664657267,27.12799810229777,27.3690244702723,37949906
20150330,27.321016311645508,27.392283931872456,27.12997668288414,27.30072364007657,25750504
20150331,27.121566772460938,27.453657452071905,27.058216296669983,27.220550116056252,31760961
20150401,26.85232925415039,27.27696844007307,26.700882947341043,27.151259505178583,39261497
20150402,26.504398345947266,26.76769570951711,26.42110354657176,26.76769570951711,34327989
20150406,26.56552505493164,26.646939970405917,26.209431113737608,26.340584758993437,26488525
20150407,26.578142166137695,26.85876186880439,26.527661326547552,26.630605133575237,26057345
20150408,26.80531120300293,26.916174057845954,26.645453630206738,26.645453630206738,23570536
20150409,26.764230728149414,26.8221364961216,26.502419492135893,26.77660246103261,31157308
20150410,26.72612190246582,26.838963087795975,26.592493933897263,26.838963087795975,28189181
20150413,26.684547424316406,26.926563881952433,26.592493025369677,26.64693432820795,32906096
20150414,26.250009536743164,26.605361295001444,26.136278572686102,26.54003248754941,52082601
20150415,26.35592269897461,26.464805310571272,25.89515467399501,26.166369192546135,46376979
20150416,26.418777465820312,26.507369299997556,26.211407525221276,26.225759493229173,25997180
20150417,25.93623161315918,26.22278820996153,25.785775437859275,26.164388329552192,43037837
20150420,26.49697494506836,26.532113695696683,25.958502604207666,26.01294390865348,33585958
20150421,26.427194595336914,26.69544067935277,26.412592730417586,26.60239425657045,36895018
20150422,26.69420051574707,26.779079883507862,26.317319841801552,26.448473468203517,31871263
20150423,27.072071075439453,27.268059398675238,26.737011974856166,26.775121078422803,83697161
20150424,27.965896606445312,28.26680708772825,27.579364639151425,28.017367563211533,98650102
20150427,27.561782836914062,28.08684603854636,27.454091011002113,27.959798649162074,47960000
20150428,27.47791290283203,27.59404249900625,27.31344551233881,27.5255559111676,29820000
20150429,27.249624252319336,27.477911605570604,27.141682534206723,27.318606842153724,33976000
20150430,26.666996002197266,27.225308613486483,26.55334832299702,27.189575409893262,41644000
20150501,26.694786071777344,26.77617447319808,26.40694400935465,26.721087601421647,35364000
20150504,26.837711334228516,27.000987917259966,26.553841119734695,26.72604958272281,26160000
20150505,26.34242820739746,26.78609919544519,26.322129856453394,26.710168747798793,27662000
20150506,26.015878677368164,26.420840461047074,25.860295839309458,26.364265571989296,31340000
20150507,26.337467193603516,26.474440374448026,25.893298259551123,26.004464021094545,30926000
20150508,26.710662841796875,26.856073765701492,26.05458429211076,26.632748378853492,30552000
20150511,26.58560562133789,26.897269202252982,26.57071789089078,26.718112859026665,18106000
20150512,26.255083084106445,26.46198163511388,26.067490874354906,26.382130471372733,32684000
20150513,26.28386688232422,26.517216508076316,26.235975875650105,26.330515982828498,25046000
20150514,26.71959686279297,26.74937421236589,26.422326944849118,26.48981962013835,28078000
20150515,26.493789672851562,26.76297093183773,26.32158121467734,26.758306211278597,39426000
20150518,26.4168701171875,26.54193159200132,26.245653650609214,26.402478392520006,40068000
20150519,26.667985916137695,26.831758511285642,26.453594284032864,26.50024338604702,39338000
20150520,26.762771606445312,26.943913833789413,26.450216403848646,26.72406237782053,28616000
20150521,26.923568725585938,26.989573390302905,26.599499357846064,26.69726539528515,29254000
20150522,26.804460525512695,27.006940440352494,26.77468317655412,26.806444546220217,23524000
20150526,26.41786003112793,26.74937514316359,26.29676850102373,26.705702074233525,48130000
20150527,26.788583755493164,26.82630098042551,26.387591894459653,26.44168486579891,30500000
20150528,26.7880859375,26.829277089663094,26.612899539498528,26.700243789307727,20596000
20150529,26.407440185546875,26.73101355867342,26.374686801301433,26.668482821627762,51948000
20150601,26.500741958618164,26.639701053973923,26.29081813949283,26.639701053973923,38086000
20150602,26.75830841064453,26.94788653177511,26.36873037910223,26.44813475836086,38780000
20150603,26.81438446044922,26.972697197018604,26.655575718702117,26.79453478759298,34340000
20150604,26.63523292541504,26.828284990549932,26.517119304847384,26.687839774082036,26966000
20150605,26.46798324584961,26.660043263926482,26.42778410909412,26.617858213332035,27764000
20150608,26.14540672302246,26.507193340727685,26.11612726728692,26.466996089749234,30412000
20150609,26.138456344604492,26.26302180709425,25.95582608835165,26.181633409302567,29106000
20150610,26.634733200073242,26.71761150363163,26.270466604464023,26.27096260966143,36300000
20150611,26.53150749206543,26.74838103312928,26.45259912273765,26.720837599302122,24350000
20150612,26.418359756469727,26.457564994972444,26.310666038884833,26.382130549399058,19116000
20150615,26.163768768310547,26.21835963452777,26.00496000830576,26.20347001173687,32654000
20150616,26.210914611816406,26.284861043161246,26.082379205872783,26.223322315631926,21436000
20150617,26.266000747680664,26.35136097679835,26.059548981047072,26.271460591562217,25884000
20150618,26.63671875,26.707189350061622,26.34192885589955,26.352350644351603,36662000
20150619,26.634733200073242,26.712153553310493,26.452102950496414,26.660540615535528,37870000
20150622,26.709177017211914,26.984611368060165,26.676421740984157,26.77865561145297,25006000
20150623,26.82282257080078,26.873392381779684,26.5632698733233,26.78113541754549,23950000
20150624,26.69180679321289,26.799002606752335,26.583618969248448,26.799002606752335,25732000
20150625,26.562278747558594,26.8436689546078,26.562278747558594,26.742924990372195,26714000
20150626,26.3865966796875,26.687838458911397,26.36972303570224,26.663024944750642,42182000
20150629,25.881879806518555,26.23374058183423,25.833244794585596,26.05508027252566,38756000
20150630,25.831756591796875,26.11662071650879,25.831260586582086,26.105206917119617,44344000
20150701,25.897762298583984,26.088830330357357,25.718607858193902,26.041187323722706,39220000
20150702,25.97517967224121,26.037214396153406,25.860043997065183,25.860043997065183,24718000
20150706,25.948381423950195,26.06699292704751,25.756819293423195,25.781632805483216,25610000
20150707,26.055580139160156,26.113148932350093,25.567244033581186,25.96178403081738,31944000
20150708,25.649126052856445,25.942128824787734,25.613394746289078,25.858555733317118,25934000
20150709,25.840194702148438,25.993543614135035,25.823817064095103,25.961286236399427,36846000
20150710,26.30917739868164,26.42977292905886,26.081882056879323,26.11860726831694,39134000
20150713,27.124065399169922,27.151856837724353,26.42183367728231,26.445653287629167,44130000
20150714,27.846149444580078,28.081831435528052,27.13200605355616,27.13448607964733,64882000
20150715,27.80247688293457,28.114288107985693,27.632254325632292,27.798010942739097,35692000
20150716,28.776668548583984,28.817859696873313,28.039695712355318,28.045651560894623,95366000
20150717,33.396018981933594,33.472346980105165,32.009915560005936,32.2084274215138,223298000
20150720,32.90420913696289,33.1950271784508,32.407435369942036,32.716616960815635,117218000
20150721,32.86848831176758,33.39950553478336,32.47146446119688,32.51662744818506,67544000
20150722,32.858558654785156,33.67940195195657,32.704713720443785,32.79850793961844,78586000
20150723,31.974185943603516,32.93448224941501,31.81140537559951,32.81736066144358,60582000
20150724,30.945899963378906,32.16724087296572,30.894287023463715,32.109174185767735,72514000
20150727,31.12952423095703,31.478903113732233,30.79403917378201,30.818852686813965,53508000
20150728,31.16624641418457,31.405949447043778,30.933493133597004,31.405949447043778,34546000
20150729,31.361284255981445,31.432250862553115,30.90073774846689,31.205949436693917,31502000
20150730,31.3940372467041,31.524558552326717,30.870961906975865,31.2655018550058,29484000
20150731,31.047637939453125,31.4099205306011,31.042178095736297,31.33399008268344,34122000
20150803,31.32555389404297,31.41716719864327,31.034239790776205,31.034239790776205,26090000
20150804,31.228281021118164,31.504211364132352,31.12455913988798,31.187089871745922,29818000
20150805,31.949377059936523,32.151860800917675,31.42233169965578,31.480394607168137,46686000
20150806,31.894784927368164,32.02873285027594,31.377167474082814,32.009922513588094,31452000
20150807,31.52853012084961,31.894782646622375,31.25111175123858,31.77319700078376,28078000
20150810,31.450618743896484,31.932504900247537,31.327492062104245,31.735978904519342,36184000
20150811,32.79304504394531,33.49378676467264,32.469967720152965,33.21090857770177,100584000
20150812,32.732505798339844,33.002480339757675,32.371709281339086,32.90719431659846,58734000
20150813,32.578155517578125,32.97765931032429,32.34048951366698,32.72068696653832,36214000
20150814,32.61140823364258,32.74713949512706,32.390068742349904,32.50669433697847,21442000
20150817,32.79751205444336,32.8228234657589,32.319597774851744,32.59552812803517,21034000
20150818,32.56228256225586,32.95285455643994,32.42977720610422,32.84863664787685,29122000
20150819,32.79899978637695,33.10172956391123,32.46599854560898,32.5856039555013,42682000
20150820,32.100738525390625,32.90272596003465,31.905702457038124,32.529025781931814,57106000
20150821,30.396026611328125,31.764262749405937,30.38858274640634,31.750864928436588,85304000
20150824,29.261035919189453,29.743418022477567,28.042178846107912,28.436718805659787,115406000
20150825,28.88634490966797,30.642670795409742,28.83919791506879,30.516617330569083,70760000
20150826,31.197019577026367,31.35037039475092,29.72952553523329,30.29032006480405,84718000
20150827,31.643171310424805,31.939945238896094,30.86848121366697,31.732003572361105,69826000
20150828,31.28436279296875,31.606944158690993,30.995530608595207,31.405456226288337,39574000
20150831,30.6823787689209,31.55334693466738,30.654091324956518,31.143421320355316,43534000
20150901,29.666994094848633,30.41488482065027,29.483867820525777,29.893793442150717,74042000
20150902,30.488330841064453,30.488330841064453,29.762277658167136,30.054087745912607,51512000
20150903,30.086843490600586,30.754833784015112,29.916670158651982,30.620342537311277,35192000
20150904,29.811410903930664,29.94888008320734,29.540940378895545,29.776671605176606,41780000
20150908,30.504213333129883,30.58609963059343,29.981136068849622,30.396521511998568,45590000
20150909,30.407936096191406,31.092800059026505,30.25309727074043,30.829773404429226,34042000
20150910,30.83622169494629,30.975676777918633,30.343915699987818,30.42679400554642,38106000
20150911,31.055578231811523,31.05607423703804,30.64118668970436,30.75681838142332,27470000
20150914,30.930021286010742,31.060044704125126,30.74093916823421,31.052104834065403,34046000
20150915,31.520591735839844,31.69726615289722,30.956819303513203,31.10173234668663,41688000
20150916,31.562278747558594,31.66004478812026,31.380640492617083,31.536969228247393,25730000
20150917,31.905702590942383,32.30272258871117,31.514634655854124,31.652103828718037,45494000
20150918,31.228281021118164,31.76178004900878,31.117611280792655,31.602475295015985,102668000
20150921,31.535478591918945,31.587587538210414,31.064016156000978,31.483865650856483,35770000
20150922,30.902721405029297,31.14391243501369,30.542422875543583,31.116617005818583,51258000
20150923,30.886348724365234,31.21240401837929,30.7692271198766,30.870964989226795,29418000
20150924,31.05706787109375,31.1325004210136,30.392055495438207,30.602477191787592,44802000
20150925,30.37071418762207,31.254090027540897,30.322575176704216,31.254090027540897,43480000
20150928,29.523069381713867,30.50148126544612,29.24962096399895,30.28981957039971,62554000
20150929,29.52704429626465,30.02481016596885,29.29131117973288,29.64168398074317,46190000
20150930,30.194538116455078,30.21141176115704,29.81290182248225,29.9394513180222,48268000
20151001,30.33696937561035,30.376670619015783,29.769227017659606,30.19205633485349,37352000
20151002,31.112154006958008,31.133493589907726,29.932004266041517,30.133990082547374,53696000
20151005,31.834733963012695,31.911160411861776,31.116618782017408,31.364757684755745,36072000
20151006,32.03175735473633,32.220841368804344,31.589574359823867,31.70421404495862,43326000
20151007,31.878902435302734,32.28828090500879,31.37220282080437,32.22034333615597,41854000
20151008,31.720096588134766,31.98262724872883,31.04515838059512,31.829278325574954,43642000
20151009,31.940937042236328,32.05905064934314,31.529423101271295,31.7617807175858,32974000
20151012,32.092796325683594,32.18361449647975,31.71264810730184,31.865501002951,25504000
20151013,32.3722038269043,32.64574880479432,31.918109167776755,31.918109167776755,36154000
20151014,32.31562805175781,32.72406755073955,32.20099025814245,32.417365922565516,28310000
20151015,32.8406867980957,32.9096693775391,32.479394371888525,32.48932204757328,37714000
20151016,32.86351776123047,33.00098692904776,32.615378851872094,32.958307763607586,32222000
20151019,33.057064056396484,33.09279536077212,32.73349072370202,32.81289320161465,29546000
20151020,32.27195358276367,32.98857886633205,31.96996971469531,32.954831581252456,49964000
20151021,31.891311645507812,32.549374286217954,31.84763668068833,32.46401595011995,35822000
20151022,32.34688949584961,32.64515140852133,31.960785447778097,32.09428277579215,81420000
20151023,34.83869934082031,36.22827866723384,34.813887723101644,36.10420921974331,133078000
20151026,35.373695373535156,35.68982490431878,34.80198303237274,34.81637475798457,54332000
20151027,35.16078186035156,35.4153725886799,34.96524982001348,35.10569499975595,44916000
20151028,35.38212585449219,35.383613870094145,34.8922998942025,35.10321947975609,43578000
20151029,35.57915496826172,35.64565375164805,35.23622600908147,35.26054541269647,29120000
20151030,35.27592849731445,35.63275317017071,35.238209379404054,35.52009560800387,38176000
20151102,35.78709030151367,35.81240171251794,35.02976985522646,35.28833245000141,37726000
20151103,35.839202880859375,35.96277255171653,35.46997052509739,35.67543028178916,31308000
20151104,36.134483337402344,36.38212624541431,35.82629750302218,35.83125755515116,34134000
20151105,36.29031753540039,36.698753233890756,36.20197938201973,36.20197938201973,37232000
20151106,36.414878845214844,36.49676513491801,36.079889822456366,36.30272109455192,30232000
20151109,35.97468185424805,36.46202779081635,35.7037153477529,36.23820449639933,41396000
20151110,36.1449089050293,36.25756267502318,35.65756293328786,35.950368835043555,32160000
20151111,36.49627685546875,36.774191265074215,36.23970203186514,36.35037179042588,27328000
20151112,36.289329528808594,36.61538295898882,36.16104211536402,36.277913834589384,36744000
20151113,35.58312225341797,36.285355903473125,35.56972253871107,36.18709385315565,41510000
20151116,36.17667007446289,36.20296970949171,35.3017320291909,35.513639842847375,38118000
20151117,35.995033264160156,36.319848553352664,35.88222803829945,36.19304916393739,30218000
20151118,36.72455978393555,36.79453438314148,36.079397084022325,36.108184318358276,33686000
20151119,36.645652770996094,36.823813300356306,36.597013969615524,36.66202851566143,26542000
20151120,37.54838180541992,37.613888569586294,36.873443665036795,37.04862816098787,44246000
20151123,37.51761245727539,37.85150727789407,37.31116069122613,37.59056687586904,28290000
20151124,37.1354866027832,37.482830419258434,36.60694939283072,37.32009902529211,46662000
20151125,37.129032135009766,37.32009639952421,37.02531023611339,37.12853612972556,22442000
20151127,37.23373794555664,37.39006666097351,37.09626878573683,37.14440779193258,16770000
20151130,36.85359573364258,37.46550340996904,36.78758917145684,37.16178159546258,41952000
20151201,38.06649398803711,38.16128020162459,37.05706284125127,37.07741041302642,42692000
20151202,37.83523178100586,38.50892808158251,37.665507111924484,38.15880516464538,44608000
20151203,37.34688949584961,38.163514729035654,37.00396437393389,38.01537577137912,51812000
20151204,38.055084228515625,38.13845854938219,37.22084122828068,37.374686160408324,55146000
20151207,37.87841033935547,38.15037269646165,37.47345040810394,38.102729683437936,36246000
20151208,37.83473587036133,37.95533330150462,37.42927618270911,37.61240435308607,36590000
20151209,37.300743103027344,37.927042513194294,36.57573107272121,37.6759275428107,54000000
20151210,37.19403839111328,37.51115989903572,36.91463599801292,37.36227881954174,39768000
20151211,36.668479919433594,37.00793301040519,36.563270020837585,36.78212569286574,44488000
20151214,37.110164642333984,37.15780764353195,35.938948751007,36.81339073492733,48250000
20151215,36.89329528808594,37.62183235721209,36.87394351035509,37.36972537845433,53324000
20151216,37.62232208251953,37.7463915301495,36.69651516762566,37.220834288991114,39866000
20151217,37.19255065917969,37.85011728446831,37.17121107548575,37.83721357594649,31068000
20151218,36.690311431884766,37.42579620254084,36.63274454375121,37.047632029552474,62974000
20151221,37.110164642333984,37.22083437785138,36.7245565861467,37.028774357524995,30514000
20151222,37.22083282470703,37.46152784654405,36.99899735775078,37.302719111277256,27308000
20151223,37.23622131347656,37.429769365983574,36.923071635659646,37.39304604814513,31318000
20151224,37.14143371582031,37.28783856404282,37.053099345193395,37.19850839661029,10544000
20151228,37.8416862487793,37.865509647958426,37.197023249568076,37.365755919787205,30306000
20151229,38.54093933105469,38.70867997077677,38.036221823592406,38.04912553223249,35300000
20151230,38.26301956176758,38.59056474378993,38.05954762233193,38.54093771853485,25866000
20151231,37.661537170410156,38.188582538509415,37.634737739991564,38.188582538509415,30018000
20160104,36.815879821777344,36.92605357923204,36.290720011516626,36.873450513305926,65456000
20160105,36.852603912353516,37.32009454898272,36.65706803737727,37.04466017791313,39014000
20160106,36.904212951660156,37.08088925824095,36.17468391203987,36.22828276755308,38940000
20160107,36.04912567138672,36.65011740335432,35.685353169745426,36.2436657348191,59274000
20160108,35.45756149291992,36.38857843121358,35.38461086296558,36.300240280621125,49018000
20160111,35.534976959228516,35.675176040462645,34.91512572800463,35.56376419090787,41812000
20160112,36.03324890136719,36.16625025153033,35.59885430742188,35.815381429344605,40490000
20160113,34.767242431640625,36.463519832308506,34.6704683981863,36.270467770657596,50034000
20160114,35.469966888427734,35.82753361873415,34.19850492503122,35.00644436345509,44516000
20160115,34.464019775390625,35.07394727362905,34.01340085065477,34.356822049116005,72162000
20160119,34.828277587890625,35.23472919734887,34.412398094284086,34.90321601482356,45362000
20160120,34.66252517700195,35.079396731184026,33.412398947066904,34.17418722331773,68900000
20160121,35.066490173339844,35.69180124009435,34.46450649474693,34.84763451832992,48244000
20160122,35.9925537109375,36.13548273879583,35.73801214014538,35.91066740704886,40236000
20160125,35.318599700927734,36.21239719987748,35.23621740998536,35.90966745955177,34234000
20160126,35.3865966796875,35.64664730618874,35.06103928446814,35.42679582213477,26634000
20160127,34.73894500732422,35.64440423836363,34.46103069084025,35.417851062248936,43884000
20160128,36.27593231201172,36.411417490911056,35.35235904361555,35.842185123705235,53528000
20160129,36.8709602355957,36.97220209359434,36.06947260542966,36.30421180548731,69486000
20160201,37.320091247558594,37.61091311484829,36.886843943666825,37.243664795043365,102784000
20160202,37.94788360595703,39.19949790632756,37.94788360595703,38.93299543132762,126962000
20160203,36.07691955566406,38.43671946100992,35.75682199595203,38.224315622579745,123420000
20160204,35.13697052001953,36.07939943347287,34.83175690553419,35.8714596431997,103374000
20160205,33.924068450927734,34.93746779959066,33.754339990883004,34.9315119500435,102114000
20160208,33.882877349853516,33.946896106563216,32.906201321153084,33.14392036664999,84948000
20160209,33.65309143066406,34.73448114940966,33.189568917976814,33.3657491978132,72178000
20160210,33.95136260986328,34.80446135285707,33.852600770226466,34.08733998859648,52760000
20160211,33.90123748779297,34.21091516402445,33.194441327215344,33.49875760289732,60480000
20160212,33.86600112915039,34.429277577427904,33.677416899722104,34.25607708370277,42828000
20160216,34.29279708862305,34.6401938393045,33.99751117574858,34.39105912907694,50400000
20160217,35.15632247924805,35.22332105183503,34.3116596045945,34.64466087390519,49852000
20160218,34.60793685913086,35.35235364889698,34.54242630362685,35.23572804892965,37664000
20160219,34.78461456298828,34.89235372213086,34.444165635437244,34.492800655616,31786000
20160222,35.0600471496582,35.39652044532099,34.864015276842444,35.10917817259746,38996000
20160223,34.53349685668945,35.156324251620525,34.42084307705248,34.81141126617266,40186000
20160224,34.71760940551758,34.739444991985735,33.78560054200175,34.18956835741018,39272000
20160225,35.02480697631836,35.03622266910347,34.27220423837553,34.73994473861081,32844000
20160226,34.99106216430664,35.405949695231406,34.78212659692427,35.16525464941036,44870000
20160229,34.62877655029297,35.27989127245896,34.62430871727856,34.755326027276524,49622000
20160301,35.67294692993164,35.67294692993164,34.72803422534234,34.91910226005806,43028000
20160302,35.674930572509766,35.732001459121,35.334977706166676,35.68237443657649,32580000
20160303,35.3558235168457,35.70470828485406,35.038206008932555,35.66649316543762,39160000
20160304,35.2798957824707,35.557813962990494,35.03820870329005,35.48337152559591,39442000
20160307,34.499244689941406,35.14098070134637,34.08932104135797,35.08187657578051,59702000
20160308,34.44020080566406,34.92754306343996,34.01190968416351,34.173202281893296,41526000
20160309,34.99949645996094,35.02133204697714,34.44167994233268,34.66351542138458,28430000
20160310,35.375675201416016,35.555327533930644,34.90619679731429,35.14242401501762,56670000
20160311,36.07046890258789,36.07543274160992,35.58932864333129,35.732007778241396,39416000
20160314,36.252601623535156,36.501236548091136,35.9875871676525,36.069969470612726,34366000
20160315,36.14540481567383,36.34192890610035,35.96872850734533,36.075430214194704,34420000
20160316,36.530513763427734,36.5990003432902,35.95582169881668,36.04813167322219,32488000
20160317,36.614383697509766,36.87691432216236,36.52604555187656,36.54837714430486,37216000
20160318,36.60544967651367,36.82380932242684,36.31909567431556,36.81686146388007,59614000
20160321,36.82828140258789,36.84862897541433,36.40277329283578,36.550863033882976,36730000
20160322,36.76177978515625,36.972699383406884,36.598506979430404,36.598506979430404,25394000
20160323,36.6282844543457,37.00843272830975,36.53349444190868,36.84168409049363,28642000
20160324,36.49130630493164,36.612744277954945,36.27790669786131,36.32802972616807,31898000
20160328,36.40346908569336,36.67443940815412,36.352354040096,36.56525767075817,26026000
20160329,36.96128463745117,37.08436209116153,36.16674481860839,36.456074899986504,38076000
20160330,37.247135162353516,37.61189961635426,37.15830101985767,37.22579558230464,35648000
20160331,36.97021484375,37.263016918582366,36.77120696792642,37.18361444210032,34376000
20160401,37.21636962890625,37.237709212233156,36.57567476498157,36.65508103565792,31534000
20160404,36.98708724975586,37.35979159916591,36.84515025634564,37.22381045420006,22684000
20160405,36.615379333496094,36.86351825962312,36.494785693402925,36.625307010868916,22646000
20160406,37.00693893432617,37.03423436444252,36.504209286784565,36.514632968170375,21074000
20160407,36.73845291137695,37.0719501389796,36.53994103415194,36.99105964430995,29064000
20160408,36.68238067626953,36.99503438375298,36.50372033305047,36.92158773988057,25816000
20160411,36.53101348876953,36.9727004801927,36.52853346254341,36.87443843344407,24402000
20160412,36.877906799316406,36.91463390160469,36.2784031146963,36.62530384785634,27060000
20160413,37.30619430541992,37.43820741446152,36.936022974651806,37.179148820971406,34142000
20160414,37.379642486572266,37.58361420031784,37.35507697862214,37.419841623117655,22706000
20160415,37.66748809814453,37.76674214974042,37.35453531029808,37.41835717242139,36186000
20160418,38.04515838623047,38.11662100436653,37.5831238219671,37.739944777671205,31176000
20160419,37.41587448120117,38.208430260964214,37.18758712665051,38.1890746980222,40610000
20160420,37.35334014892578,37.62440887520315,37.22133083026363,37.61785857773333,30584000
20160421,37.674434661865234,37.73944541975394,37.19850442045027,37.487834476598536,61210000
20160422,35.67095947265625,36.5320017727363,35.41488069915766,36.04465584436814,119038000
20160425,35.88833236694336,35.927039705192314,35.513144178111574,35.53845558926234,39184000
20160426,35.1434211730957,36.018158591566674,34.88962173018415,36.00098772325792,54892000
20160427,35.02927780151367,35.185110540513975,34.360545325154966,35.10123642834995,61972000
20160428,34.293792724609375,35.44267722719702,34.220842087526414,35.1493753041683,57346000
20160429,34.39255142211914,34.62133477666476,34.19354352600306,34.27790984908636,49754000
20160502,34.65061569213867,34.77121311920647,34.29279902546608,34.621832242935525,32906000
20160503,34.36029815673828,34.632256730799206,34.34243060677805,34.58411771189809,30876000
20160504,34.52604675292969,34.72703865820813,34.194037537381675,34.267487955030994,33870000
20160505,34.810420989990234,34.85459196631948,34.527046721994914,34.625308780772265,33670000
20160506,35.29130554199219,35.32802885611096,34.645499237284994,34.659046615150444,36586000
20160509,35.3796501159668,35.66798819705597,35.235729078052586,35.33498313840046,30206000
20160510,35.88982391357422,35.90570365460793,35.519599526765326,35.5707183593109,31392000
20160511,35.498260498046875,35.954339238200255,35.37468703208543,35.901240170067666,33842000
20160512,35.39999771118164,35.69478764713215,35.1861020683786,35.58610191416711,27214000
20160513,35.27691650390625,35.56634500871806,35.19900203690533,35.33150736721752,26290000
20160516,35.55780792236328,35.6565659593251,35.01984298705642,35.19254744359667,26342000
20160517,35.04863357543945,35.80744212749767,34.9434236635291,35.53299976074351,40024000
20160518,35.068477630615234,35.31512850415148,34.77071172103921,34.921576803335874,35336000
20160519,34.75532913208008,35.0372153437786,34.58064063191037,34.856570994490674,33404000
20160520,35.22282791137695,35.46302699541422,34.76526113214437,34.819852005166474,36568000
20160523,34.94987106323242,35.309073491011915,34.946891245687574,35.06351683655987,26614000
20160524,35.736473083496094,35.78014426216064,35.07989467001935,35.07989467001935,38590000
20160525,35.9935417175293,36.10470746473087,35.71736147460093,35.76971842120526,32584000
20160526,35.93647766113281,36.145409482068466,35.74590560895302,35.87444292174408,31526000
20160527,36.360286712646484,36.423612562156144,35.930511494342035,35.93100749950112,39500000
20160531,36.51215362548828,36.711161529848496,36.290814126380795,36.31463752315086,42590000
20160601,36.43423843383789,36.586099333199655,36.261037950632435,36.45309799152516,25072000
20160602,36.248130798339844,36.37815609627384,35.93894918514588,36.35234868150088,26836000
20160603,35.8481330871582,36.20296991560521,35.75979493738125,36.19205401462339,24526000
20160606,35.560787200927734,35.97567473864922,35.46450918102208,35.97567473864922,31306000
20160607,35.56575012207031,35.830264774231345,35.56078628374874,35.724062866465,26724000
20160608,36.14292526245117,36.157316987125306,35.76078919182196,35.928533621771486,31674000
20160609,36.15781021118164,36.205453215034694,35.84793190542453,35.87443600039166,19778000
20160610,35.702728271484375,36.024313857221046,35.55483540197541,35.70570430311351,24328000
20160613,35.65061950683594,36.001984360855616,35.5588093043524,35.5588093043524,25178000
20160614,35.646148681640625,35.85458445719985,35.39056212110339,35.55731452785006,26122000
20160615,35.678401947021484,35.879889850868395,35.59850346450758,35.68237377472298,24290000
20160616,35.25359344482422,35.565751109157844,34.90123285389928,35.4793969796826,39650000
20160617,34.328529357910156,35.17716779782022,34.166347007463074,35.16872813635627,68048000
20160620,34.42729568481445,34.862530862861455,34.41240795345229,34.67841066940282,41650000
20160621,34.5379638671875,34.876920994880514,34.34292399361762,34.66004553055746,29312000
20160622,34.61339569091797,34.782128340906795,34.39612268160644,34.69279817729522,23686000
20160623,34.832252502441406,34.83622433072377,34.0942875648373,34.612900807605904,43428000
20160624,33.509674072265625,34.21339568977937,33.421831924808835,33.50719025982029,88980000
20160627,33.16426086425781,33.364760563003216,32.91731463069898,33.30024202112495,52580000
20160628,33.74887466430664,33.76326638741618,33.39949769555904,33.69577560487802,43476000
20160629,33.950862884521484,34.11557447312443,33.816865755178966,33.89577601719161,38652000
20160630,34.347389221191406,34.358308908889335,33.92803383607649,34.01835601015208,31954000
20160701,34.70024490356445,34.771711312126754,34.348880069224165,34.352355892432655,26894000
20160705,34.48882293701172,34.58758096545923,34.187581227802184,34.54390979649425,29252000
20160706,34.62877655029297,34.82282059618742,34.198005508019804,34.24217647407582,28238000
20160707,34.509178161621094,34.65011937491906,34.15458742536042,34.644163525775554,26084000
20160708,35.01885986328125,35.02282790564602,34.56253120503281,34.71463823358231,31504000
20160711,35.48833084106445,35.55880144114523,35.098750947258786,35.13895008550602,22236000
20160712,35.76376724243164,35.87790902369683,35.529028039449564,35.688332799781,26738000
20160713,35.58212661743164,35.9305153780141,35.57567476336719,35.91165582103344,18718000
20160714,35.779151916503906,35.84168265249215,35.63423887632962,35.810415391348286,19004000
20160715,35.72455978393555,36.01686588008294,35.685106544704766,36.01636987486804,25586000
20160718,36.41587829589844,36.532503903276904,35.79106688417232,35.86650133569499,25910000
20160719,36.57368850708008,36.575176522646885,36.17865255763587,36.222819737246034,24550000
20160720,36.78361511230469,36.830262316635796,36.58063540638047,36.59205109802481,25794000
20160721,36.65657043457031,36.80843133598498,36.5176624638363,36.742428562636505,20526000
20160722,36.86054229736328,36.88535391824283,36.55384067579976,36.816867332180074,25196000
20160725,36.71314239501953,36.854087383661565,36.60048863418497,36.75780936697413,20648000
20160726,36.646148681640625,36.80842947113085,36.44019292932329,36.67691615003534,23734000
20160727,36.812408447265625,36.94590581513473,36.57568139428723,36.639207936862185,30250000
20160728,37.01786422729492,37.15384160699113,36.6898230110362,37.07394311156192,70604000
20160729,38.15334701538086,38.637716994992864,38.05310094082109,38.347890887451996,76830000
20160801,38.35631561279297,38.73100394971732,37.77120372344215,37.77120372344215,54010000
20160802,38.26649475097656,38.50321796716653,38.10669399060329,38.14838114548327,35690000
20160803,38.371212005615234,38.372700021355776,38.05557849883873,38.073446046624035,25748000
20160804,38.29329299926758,38.41537464263276,38.153589919676804,38.32356446094003,22806000
20160805,38.81984329223633,38.86053843653714,38.32952132612069,38.40098393809813,36024000
20160808,38.79701614379883,38.84019131460653,38.61492922462727,38.80892405506693,22158000
20160809,38.921085357666016,39.153340740994736,38.737957207324854,38.76426062833176,26378000
20160810,38.94192886352539,39.0477332100441,38.84753642297603,38.895773875547185,15728000
20160811,38.95036697387695,39.19354205780149,38.85706498215927,38.95781083864917,19502000
20160812,38.869468688964844,38.87815445907251,38.72951950207745,38.78411036232696,14810000
20160815,38.83076858520508,39.081387554808146,38.71513498952473,38.895779352652085,18764000
20160816,38.56773376464844,38.75830578428831,38.38431027820971,38.72455849804794,20560000
20160817,38.705204010009766,38.749870984858624,38.38857850312148,38.57667050189802,18484000
20160818,38.58559799194336,38.85160443094863,38.56078258803986,38.710163444036944,14388000
20160819,38.48237609863281,38.56575041209523,38.36873032122253,38.461532520267205,17230000
20160822,38.320091247558594,38.43870464898247,38.215873356468094,38.375677909106265,19028000
20160823,38.316619873046875,38.5329955288163,38.30197825299927,38.48535252259468,18564000
20160824,38.19552230834961,38.43671334472902,38.06798082453553,38.242173299059814,21440000
20160825,38.18411636352539,38.307193819960894,37.875180816151314,38.064510943869294,18538000
20160826,38.19056701660156,38.515132398721164,38.00743885347238,38.16376758851927,23334000
20160829,38.320091247558594,38.46103624286628,38.04540279840932,38.150862595704275,16952000
20160830,38.168235778808594,38.43503740424039,38.05657400721122,38.18014747842697,22600000
20160831,38.066993713378906,38.16823179065698,37.98411540260249,38.065005906116916,24972000
20160901,38.15284729003906,38.26401304249782,37.93051578512155,38.17617468107784,18502000
20160902,38.285850524902344,38.40793217269903,38.13448563844736,38.36277298114517,21454000
20160906,38.713645935058594,38.808928166794864,38.26302326357595,38.38461270556867,28856000
20160907,38.7270393371582,38.845152936781616,38.52108359901055,38.70966779700522,17874000
20160908,38.477413177490234,38.727043904903404,38.391062830616505,38.639697761255675,25406000
20160909,37.70024871826172,38.37444106534868,37.70024871826172,38.21836221073358,37710000
20160912,38.16476058959961,38.227787333232975,37.41935178153158,37.47543066534474,26220000
20160913,37.70173263549805,38.02580200899393,37.508680583313975,37.93944787648638,27900000
20160914,37.84069061279297,38.09825742736602,37.67294996922705,37.69776159031159,21748000
20160915,38.30073928833008,38.401977361306116,37.71513129383389,37.86054033544403,26102000
20160916,38.15781021118164,38.20098538300755,37.94838241989562,38.20098538300755,40986000
20160919,37.99999237060547,38.411903868233416,37.93751086004515,38.333489610343214,23456000
20160920,38.283363342285156,38.37864934166425,38.140434343216526,38.163761731048304,19572000
20160921,38.52207565307617,38.568726644023805,38.12907295391212,38.34539936546978,23356000
20160922,39.06748962402344,39.19850694834971,38.63225448743687,38.70967295492521,29724000
20160923,39.05210494995117,39.152847020423096,38.91562778491338,39.03671742883275,28238000
20160926,38.422325134277344,38.84565233930486,38.36575024856095,38.84565233930486,30664000
20160927,38.85905075073242,39.00693981425454,38.4271892413167,38.48634638124525,23064000
20160928,38.787086486816406,38.799494188957375,38.46004111601136,38.60297012062514,22196000
20160929,38.46202850341797,38.997513472685974,38.42341960814602,38.781134032948664,26294000
20160930,38.57517623901367,38.75632036670652,38.41636749047011,38.52753702211991,31706000
20161003,38.34043884277344,38.51438522378574,38.188577946196496,38.42431294721575,25576000
20161004,38.53249740600586,38.64565095942607,38.356816906586616,38.51264583897952,24028000
20161005,38.53448486328125,38.81239922652841,38.4937897191916,38.675426065699675,29224000
20161006,38.55384063720703,38.73349298155275,38.48833386749018,38.66004634153382,21414000
20161007,38.46550750732422,38.69280286711069,38.250616065491144,38.69280286711069,18664000
20161010,39.00446701049805,39.17518749028151,38.50471327618106,38.59603125909081,23498000
20161011,38.862022399902344,39.319093038375804,38.73844896428136,39.04018669236628,27450000
20161012,39.01438903808594,39.113150882035484,38.811909083750336,38.89627541586519,18748000
20161013,38.619842529296875,38.77021540050483,38.3622757425213,38.77021540050483,27306000
20161014,38.636714935302734,38.905697418624435,38.51115746666588,38.791555642154286,17050000
20161017,38.70769500732422,39.00000116697341,38.58560954454875,38.699755135861615,21860000
20161018,39.46699523925781,39.782132753778534,38.98585498478284,39.09925466230559,41138000
20161019,39.77667236328125,39.93051729262438,39.60446388040115,39.61488377717099,35336000
20161020,39.55185317993164,39.89924992971703,39.50520218589227,39.865998649004936,35150000
20161021,39.670955657958984,39.67740751150586,39.40445700074227,39.454084022126644,25324000
20161024,40.352840423583984,40.45557028584396,39.94142875568463,39.94539679695134,33950000
20161025,40.08287048339844,40.530017291044345,39.95731301076307,40.530017291044345,31528000
20161026,39.656070709228516,40.04862664755627,39.51959733743232,40.01686716906813,32954000
20161027,39.471458435058594,39.875426280555786,39.28039041320761,39.751852830123774,54984000
20161028,39.472450256347656,40.470961745499025,39.38411210767544,40.11661714039689,85398000
20161031,38.93498229980469,39.54639392463621,38.908182872751446,39.47741133612491,48546000
20161101,38.888824462890625,39.18063453519418,38.48832867467331,38.853093158202306,48128000
20161102,38.14887619018555,38.79155503822043,37.888329585595976,38.62033858988159,37448000
20161103,37.822818756103516,38.21091063155155,37.66897384948779,38.07691350502245,38864000
20161104,37.81736755371094,38.23126311092357,37.24868049522704,37.25359511214035,42696000
20161107,38.83473205566406,38.96723738762346,38.33994224325345,38.43671626827202,31702000
20161108,39.231258392333984,39.48550081160877,38.71909705725263,38.878401810165116,27338000
20161109,38.97319412231445,39.26684436117085,38.2962719370132,38.706695436694936,52142000
20161110,37.84416198730469,39.2640129424451,37.329028367172356,39.2640129424451,94904000
20161111,37.42033767700195,37.75582270085439,37.239693351196415,37.545399133328864,48636000
20161114,36.53002166748047,37.61041954096461,36.10619843528943,37.498753993117816,73088000
20161115,37.642181396484375,37.93627466398133,37.07046905209568,37.07046905209568,47680000
20161116,37.9394416809082,38.032743657746664,37.24614385309552,37.478895217441504,29452000
20161117,38.27444076538086,38.34739140498322,37.92704396597484,38.060545113104105,26080000
20161118,37.74391555786133,38.46153289595779,37.71711613022958,38.28138455358829,30942000
20161121,38.17369079589844,38.19850620258191,37.74689154777913,37.846645393443254,26612000
20161122,38.127540588378906,38.5588038948387,38.06451005956321,38.34391624947282,31862000
20161123,37.7662467956543,38.12818294464654,37.48138455789728,38.10073984636432,29568000
20161125,37.80049133300781,37.9652559445132,37.74292443454913,37.928532625113654,11748000
20161128,38.126041412353516,38.68634169953249,37.70718589057108,37.71710977980481,43764000
20161129,38.25508117675781,38.63522943005835,38.12604787704736,38.28932446918368,32332000
20161130,37.61984634399414,38.36178308844412,37.46054157914753,38.21687004796842,47858000
20161201,37.117610931396484,37.70967076935769,36.57691602997501,37.59006914651993,60358000
20161202,37.24565887451172,37.41935538675202,36.878410492860816,36.95235693175025,29050000
20161205,37.8421745300293,37.910661109240465,37.36475628261027,37.603467299469365,27884000
20161206,37.67294692993164,38.155329028877595,37.58510478698611,37.95185330638222,33814000
20161207,38.27244567871094,38.28088155238309,37.50867348968653,37.76673625533861,35220000
20161208,38.532005310058594,38.61935145657632,38.07592658628243,38.33647322377535,29762000
20161209,39.17071533203125,39.177663191726936,38.661086983627996,38.7096727796035,36438000
20161212,39.16972351074219,39.26798555744158,38.92580251920134,38.959795916830316,42082000
20161213,39.5086784362793,39.9195979343639,39.3717052702511,39.39949670763077,42904000
20161214,39.55681610107422,39.90073702009994,39.40495521108618,39.57319184529478,34084000
20161215,39.59553146362305,39.851114262402255,39.35086456672645,39.57022005048211,32530000
20161216,39.24565505981445,39.74471207620549,39.220343646414655,39.72208136298325,48876000
20161219,39.41438293457031,39.586095390778695,39.02083499299683,39.216866849135236,24642000
20161220,39.524559020996094,39.635228767663705,39.36823407554242,39.541434557651385,19020000
20161221,39.4322509765625,39.53726398692252,39.06202663356619,39.49577371947975,24226000
20161222,39.26847839355469,39.370712260262756,39.13547705894284,39.323069256492985,19444000
20161223,39.201480865478516,39.34192985448051,39.070959553436765,39.250611886163526,12468000
20161227,39.28287124633789,39.596024709427724,39.08967153400856,39.23969607447078,15782000
20161228,38.960289001464844,39.415871677972994,38.86847881613216,39.38957204306204,23076000
20161229,38.8481330871582,39.003965814683895,38.65607304624801,38.87493251484795,14886000
20161230,38.30371856689453,38.847639451265266,38.2337439620144,38.84615143548052,35400000
20170103,39.01438903808594,39.187589536078114,38.501239398966405,38.650616498625105,33146000
20170104,39.05210494995117,39.27245243494324,38.86649676275968,39.124559576949736,21460000
20170105,39.40544509887695,39.428272693461636,38.95879437816341,39.01140121166143,26704000
20170106,40.0074348449707,40.09428497678741,39.31532584919204,39.46698985128682,32804000
20170109,40.032249450683594,40.19681337098029,39.84266945185113,40.019841748343396,25492000
20170110,39.939945220947266,40.155332665814186,39.87642247084123,40.092305920969146,23536000
20170111,40.09477996826172,40.10669166534896,39.77021461987785,39.95036294655108,21318000
20170112,40.01785659790039,40.06897163508812,39.661031989040474,40.05656393309818,27062000
20170113,40.09329605102539,40.259249559195055,40.034237351038385,40.07344448261714,21984000
20170117,39.931007385253906,40.05656485095926,39.720587596975214,40.05358881983703,27242000
20170118,40.00346755981445,40.01016552328507,39.75135682058843,39.99056385178288,25888000
20170119,39.8101692199707,40.172699838599954,39.791559557204245,39.95632417265596,18386000
20170120,39.95135498046875,40.045152969062585,39.78609438190762,40.045152969062585,33400000
20170123,40.66054153442383,40.73796000274862,39.88783729432724,40.06202979463292,39272000
20170124,40.886844635009766,40.98758670839739,40.586644085131496,40.80893016189478,29480000
20170125,41.47245407104492,41.47741790998571,40.94590094074895,41.1722042890725,29890000
20170126,41.29775619506836,41.58808204623666,41.04266943068927,41.57865037489338,59478000
20170127,40.85905075073242,41.78411184040554,40.716617741001976,41.424807175314875,59316000
20170130,39.81736373901367,40.48833005867123,39.69230227182922,40.429771153086165,64932000
20170131,39.54292297363281,39.76426246920867,39.23175730896048,39.54639501026497,43212000
20170201,39.48857879638672,39.761283208694444,39.265005402268834,39.68634477527788,40594000
20170202,39.629276275634766,39.836224062285474,39.305206878129695,39.39453704865589,30642000
20170203,39.77617263793945,39.999992151074885,39.72058976356617,39.85061506934635,29268000
20170206,39.76873016357422,39.785105908810436,39.46649638045499,39.6873398700256,23690000
20170207,40.048126220703125,40.2233144834505,39.790559453285354,39.90023717286009,24824000
20170208,40.11810302734375,40.28981547721143,39.860536245691776,40.04961644946881,23106000
20170209,40.17667007446289,40.2312609406138,39.927539140144845,40.174186261992716,19794000
20170210,40.380638122558594,40.459052385328896,40.18758606964361,40.28287208301287,22700000
20170213,40.657066345214844,40.74237545533249,40.47096216073557,40.4962697854316,24266000
20170214,40.71711349487305,40.84366676426118,40.49627001283614,40.64515487577535,21094000
20170215,40.644161224365234,40.84366511522525,40.61884981424967,40.66301699435409,26272000
20170216,40.9012336730957,40.913145370846635,40.64416287881749,40.69130609200783,25752000
20170217,41.09527587890625,41.09527587890625,40.77691248509977,40.84465694999738,32220000
20170221,41.27344512939453,41.36227929135334,41.109176519873486,41.12456025527706,25246000
20170222,41.22877883911133,41.35235230224846,41.12356892949367,41.12456094001369,19658000
20170223,41.25706481933594,41.313143696977114,40.837709463720124,41.19701411382051,29456000
20170224,41.123565673828125,41.14143322067306,40.90321819423765,41.07840648094415,27844000
20170227,41.155330657958984,41.215877374112395,40.89329601108806,40.92059144456626,22030000
20170228,40.85408401489258,41.11859865647613,40.704703156410794,40.973189625752624,45216000
20170301,41.451107025146484,41.5014799476348,41.05507529028573,41.1339855486726,29930000
20170302,41.22233200073242,41.414884277453694,41.17319718812772,41.38213278411697,18850000
20170303,41.14540100097656,41.258554557676604,40.98019340052506,41.2188514224731,17928000
20170306,41.08088302612305,41.13547388617425,40.81388457431068,41.03969187849528,22180000
20170307,41.285858154296875,41.36030060094991,41.018363623441694,41.06203480902209,20752000
20170308,41.45755386352539,41.595519011419775,41.27988558865311,41.36524390398686,19796000
20170309,41.621829986572266,41.78659460077291,41.399994478221274,41.4888286398716,25230000
20170310,41.84862518310547,41.93100748203498,41.66252100271283,41.85011698500722,34080000
20170313,41.962276458740234,42.11835529252423,41.84862689601013,41.88585000539178,24472000
20170314,41.966243743896484,42.046642023863924,41.72704049744161,41.86798170369139,15598000
20170315,42.04465866088867,42.115625270336174,41.7255531346855,42.0640142233651,27630000
20170316,42.123069763183594,42.22579963973736,41.991556438245574,42.13547746646631,19552000
20170317,42.28882598876953,42.35234873397759,42.04019106538763,42.2635183635105,34246000
20170320,42.10420608520508,42.19453203593601,41.942917317212284,42.1841083545828,24630000
20170321,41.21388244628906,42.35730685077531,41.14241984087076,42.25308897358241,49270000
20170322,41.17070770263672,41.46648958935855,41.05110609178956,41.285845267036215,28030000
20170323,40.57468032836914,40.822323213115624,40.31051024857766,40.74440496641892,69742000
20170324,40.418357849121094,40.79056624138942,40.143419492633335,40.698756049579096,39620000
20170327,40.670467376708984,40.775681075589425,39.869475653729374,40.04714398560881,37886000
20170328,40.740440368652344,40.9920513159965,40.398355799548625,40.715128957835745,32410000
20170329,41.26103591918945,41.328280598193444,40.81289708374157,40.94292239464675,35726000
20170330,41.265506744384766,41.37369268765522,41.141437273587634,41.36476080650256,21106000
20170331,41.169227600097656,41.2724534878794,41.06153387871057,41.139948144784,28038000
20170403,41.615379333496094,41.729521114707175,41.15234899560436,41.15234899560436,33430000
20170404,41.4178581237793,41.448129586377426,41.14321890682425,41.2585533686381,20908000
20170405,41.26103591918945,41.80892860109225,41.22679262657053,41.46451165396842,31106000
20170406,41.085853576660156,41.508185016988755,41.015382966778716,41.310169115657374,25088000
20170407,40.92654800415039,41.11587813028926,40.720243896820406,41.089820816312624,21146000
20170410,40.929527282714844,41.158806674321184,40.88188427083172,40.962282563315725,19578000
20170411,40.86103439331055,41.06336665721373,40.54689271002302,40.928528965269415,21594000
20170412,40.9091796875,41.025309292266165,40.74540707087337,40.790570056287955,18010000
20170413,40.8714599609375,41.01140916344144,40.766246270142105,40.80098556815015,22448000
20170417,41.5468864440918,41.57566988763531,40.91661157180294,40.94341099477071,17900000
20170418,41.52952194213867,41.63423583973453,41.3255539907542,41.40048864317392,16734000
20170419,41.59850311279297,41.79751100510896,41.50321710407866,41.676913585433226,19084000
20170420,41.76922607421875,41.94540259222108,41.65359248600058,41.7588023915611,19180000
20170421,41.84565353393555,41.87989682787529,41.717116233773396,41.83026979850021,26472000
20170424,42.81686782836914,42.85111112082653,42.17666895413511,42.24317151812467,27450000
20170425,43.29031753540039,43.424310885876494,42.81934732208493,42.92803304718076,33440000
20170426,43.262027740478516,43.47642316642792,43.064413194152735,43.386097204266136,24744000
20170427,43.3870849609375,43.44415584354005,43.1950249516484,43.35482569471486,40536000
20170428,44.96078872680664,45.5012337641926,44.951360840953,45.19403992364505,65526000
20170501,45.28882598876953,45.44316690346249,44.73696152002966,44.76128091985482,42320000
20170502,45.48088073730469,45.695772141910005,45.13413146704207,45.14241967574052,31744000
20170503,46.00693893432617,46.059541988850334,45.28748529541386,45.40247141524718,29990000
20170504,46.23622131347656,46.44813291994641,45.885352517944334,45.95880294057706,28442000
20170505,46.01140594482422,46.39701403717178,45.91562392826819,46.32951946362046,38226000
20170508,46.36723709106445,46.497508504904445,45.91860227287905,45.961281438629335,26596000
20170509,46.261531829833984,46.52604648915845,46.13051451321091,46.49875105709951,31636000
20170510,46.09329605102539,46.25309683146434,45.91364370106052,46.252104820933006,23478000
20170511,46.18361282348633,46.27939483674108,45.80793242117971,45.92157819450625,16700000
20170512,46.264007568359375,46.32455427575338,46.04713593393289,46.229764280155294,21012000
20170515,46.50520324707031,46.563266148117194,46.121083174608216,46.300239502540094,22162000
20170516,46.79900360107422,46.804459658771954,46.53002109246596,46.650118728908936,19390000
20170517,45.638702392578125,46.61701402845444,45.565255754992194,46.43523000344474,47242000
20170518,46.16575241088867,46.31116145954097,45.5955281231808,45.707189883773566,31938000
20170519,46.352848052978516,46.53870235136343,46.20346717789845,46.226794569259525,27860000
20170522,46.74242401123047,46.74356747368186,46.401978890976345,46.401978890976345,22408000
20170523,47.087833404541016,47.21919527031774,46.777905880382555,47.04316643242572,25416000
20170524,47.392547607421875,47.398999461380285,47.12157731376715,47.29428178243206,20496000
20170525,48.11612319946289,48.26942289214357,47.417857638692354,47.51016761961398,33210000
20170526,48.21189880371094,48.38609127365997,47.89229352220704,48.124056667841316,25040000
20170530,48.430763244628906,48.44664677164796,48.11364171769658,48.15433686630226,29334000
20170531,47.88386154174805,48.598998815949265,47.651602372064126,48.38807922893853,48962000
20170601,47.987586975097656,48.21339430753962,47.643170023015905,48.0868410314482,28210000
20170602,48.41686248779297,48.4307582060517,47.940436239079666,48.112148696505194,35020000
20170605,48.8178596496582,48.97816021871293,48.39205617526641,48.46401480046152,25042000
20170606,48.46500778198242,49.04465998240771,48.39404116587857,48.79205699497941,36292000
20170607,48.681884765625,48.83275366994126,48.43374581784428,48.63523376502066,29078000
20170608,48.80445861816406,48.862025512300626,48.49626900259317,48.751851776074254,29638000
20170609,47.13795852661133,48.858551420704245,46.43324490847689,48.858551420704245,66188000
20170612,46.794036865234375,47.11438429413952,45.42098462870696,46.628280252393715,75270000
20170613,47.315128326416016,47.641681513848184,46.853093769961546,47.241185683309524,40266000
20170614,47.18410873413086,47.69974212162027,46.76177733464676,47.63869940387733,29794000
20170615,46.7647590637207,46.81582488482544,45.877909281405984,46.35086352221826,42662000
20170616,46.639198303222656,46.7513598539676,46.232996517886285,46.65011799104457,61894000
20170619,47.51215362548828,47.64217894079862,47.09925007913776,47.14441306102593,30666000
20170620,47.17765808105469,47.72306689655997,47.14688682811392,47.519591181900594,22520000
20170621,47.61537551879883,47.64763478887066,47.18410845545118,47.327037467885646,24044000
20170622,47.49825668334961,47.67840502841589,47.372203199586885,47.578158962210736,18828000
20170623,47.92008972167969,47.94043729431351,47.354829307448945,47.48535061817338,30558000
20170626,47.2590446472168,48.303215074551744,47.18559801680138,48.13398264888684,31968000
20170627,46.02133560180664,47.06153432870879,45.99751220479918,46.77220424569464,51598000
20170628,46.674434661865234,46.7865924197481,45.45904773156456,46.104210414593794,54428000
20170629,45.54787826538086,46.216364498967245,45.192045671691595,46.14986194333717,65984000
20170630,45.0982551574707,45.957809467703996,45.07741157977461,45.957809467703996,41804000
20170703,44.60049057006836,45.356815237159346,44.406442725037685,45.269472882248756,34196000
20170705,45.24614715576172,45.38510434941178,44.59056453309868,44.75235311306236,36278000
20170706,44.99701690673828,45.406645302913574,44.65011992254255,44.86947540429192,28490000
20170707,45.58758544921875,45.733986499354074,45.104211330756115,45.104211330756115,32756000
20170710,46.09428024291992,46.17269449719142,45.6372095749869,45.745399285346814,23856000
20170711,46.15830612182617,46.2248048976662,45.7568145092016,46.1310106896659,22264000
20170712,46.84019088745117,46.9627685400013,46.37567254787437,46.58460432786351,30642000
20170713,47.00545120239258,47.36723588166416,46.799495454896714,46.962272245789165,25894000
20170714,47.44366455078125,47.48932353552628,47.04738666684396,47.24564866354386,21076000
20170717,47.31612014770508,47.679392837251136,47.10872560953818,47.493784664627135,23310000
20170718,47.910667419433594,48.04168475063875,47.17617448447148,47.29528390287601,23080000
20170719,48.1831169128418,48.28981861565639,47.84267180413118,48.03175202254625,24490000
20170720,48.04713439941406,48.43174664921126,47.71760522709324,48.38708346651183,32490000
20170721,48.28386306762695,48.29924680210186,47.65011605983089,47.75433395090197,34220000
20170724,48.652095794677734,48.942917642689814,48.17716136635039,48.2491199808548,64966000
20170725,47.18113327026367,47.62778407569378,46.91810662548244,47.3354741915687,93220000
20170726,47.03721237182617,47.39453301713498,46.763216817024194,47.37865327752551,41766000
20170727,46.356815338134766,47.23473323529776,45.65756155364598,47.23473323529776,64260000
20170728,46.72604751586914,46.84019308530211,46.02976976533654,46.124063766768145,36928000
20170731,46.17865753173828,46.82828432757248,45.95731423845978,46.743917997993954,39402000
20170801,46.195030212402344,46.52341596228066,46.117115742657205,46.27195267169588,25554000
20170802,46.173194885253906,46.282872621569325,45.492796873175315,46.08485673266734,36488000
20170803,45.838706970214844,46.26501025994339,45.7687323621425,46.170716247745254,24050000
20170804,46.05259704589844,46.16907497498451,45.80793394991677,45.9925501233819,21646000
20170807,46.12207794189453,46.23820753722908,45.980144714718676,46.107190211828495,20644000
20170808,45.994529724121094,46.44236939029109,45.93596703660555,46.00941745201345,21232000
20170809,45.80147933959961,45.954332238024634,45.521081166556165,45.68782978301983,23842000
20170810,45.02431106567383,45.62083876642821,44.96922419417179,45.53597264931729,36480000
20170811,45.379154205322266,45.54739086054097,44.941931245779145,45.06054087063862,24136000
20170814,45.79006576538086,45.889221373235564,45.567734266479526,45.7831179060402,21290000
20170815,45.767730712890625,45.9826183309943,45.64862510266602,45.867480762207705,17668000
20170816,46.00297546386719,46.28783773451448,45.828533056300735,45.920097146033754,20134000
20170817,45.209922790527344,45.99801080380412,45.209922790527344,45.944415730114365,25544000
20170818,45.19453048706055,45.423063927155134,45.020038893787756,45.17666294168452,26854000
20170821,44.99552917480469,45.310170674586345,44.83374059134295,45.16128580028533,18868000
20170822,45.89031219482422,45.94837509130992,45.234479757518656,45.2962683723051,23334000
20170823,46.00495147705078,46.1503605119105,45.625795260463505,45.75334053565059,21804000
20170824,45.7210807800293,46.19552299748788,45.43423454123241,46.087333285013024,25406000
20170825,45.45358657836914,45.933238746250844,45.43423480320125,45.830758772333,21068000
20170828,45.350364685058594,45.6200930905454,45.25408666076372,45.45905041289345,21730000
20170829,45.721580505371094,45.82282236710713,44.91314498607598,44.91810882469133,23712000
20170830,46.13249969482422,46.19448520314443,45.64018989494472,45.660041462968834,26024000
20170831,46.616859436035156,46.748372743120726,46.24117906975608,46.24117906975608,31652000
20170901,46.51811218261719,46.77319898705111,46.409426446599085,46.70620041193038,18948000
20170905,46.07691192626953,46.50122731554403,45.7548266113299,46.306687270383826,26528000
20170906,46.04515075683594,46.19924556255545,45.62133135346935,46.16128034026075,30554000
20170907,46.449127197265625,46.471954797640095,45.837215744003174,46.23969560670115,24254000
20170908,45.98014450073242,46.5007379768701,45.899746215190454,46.47592635564204,20230000
20170911,46.108177185058594,46.56971569818122,46.000983268514176,46.364755750091,25340000
20170912,46.256568908691406,46.326543508481265,45.8491744487818,46.28237632561515,22688000
20170913,46.40644454956055,46.51363846990547,46.14688994415752,46.18659307893682,22052000
20170914,45.91115951538086,46.29130776092807,45.85607264548448,46.21587331808351,27952000
20170915,45.67195129394531,45.97964490629129,45.47691523087322,45.88882673136075,50108000
20170918,45.409420013427734,45.760784796861834,45.19105656349604,45.65805492580574,26138000
20170919,45.74738311767578,45.77765457882107,45.28782863942854,45.52951568230857,18734000
20170920,46.23225402832031,46.34639960843758,45.75681972113934,45.80545474209022,33396000
20170921,46.27543258666992,46.47791253938701,45.847641293632016,46.30272802170064,25812000
20170922,46.08088684082031,46.388580478966745,45.979152756486876,46.04217949986454,21054000
20170925,45.70570373535156,45.97518225929418,45.1463991127506,45.928035255133366,37136000
20170926,45.89875411987305,46.194536057173885,45.71413793839541,45.842179231470105,33338000
20170927,46.87294387817383,47.14143036797624,46.0416807784182,46.0416807784182,44788000
20170928,47.121585845947266,47.180644552675666,46.6774187842982,46.71761793094107,20406000
20170929,47.598506927490234,47.63205354155148,47.22133469727457,47.24565031301964,31620000
20171002,47.308685302734375,47.76873210100015,47.0392029790636,47.64168659373687,25668000
20171003,47.532989501953125,47.54341318312258,47.10371027930535,47.344901312423936,17766000
20171004,47.22976303100586,47.662022064430296,47.180632015819675,47.493781656848384,19048000
20171005,48.136966705322266,48.18411370617134,47.403465842851425,47.4188533638481,24276000
20171006,48.58013916015625,48.60842660192808,47.80941901427693,47.97517562328337,23478000
20171009,48.48634338378906,48.90446064387962,48.44217620090272,48.63522825009484,17828000
20171010,48.26799011230469,48.713149181999725,47.944416706132515,48.63523470193079,19368000
20171011,49.09428405761719,49.1667386795707,48.25060950559236,48.32356391904346,33866000
20171012,49.02381134033203,49.33597279050275,48.88336613842552,49.00495556955333,25248000
20171013,49.11562728881836,49.489323691106904,49.08188000132636,49.23076108417982,23396000
20171016,49.23076248168945,49.32540482681407,48.83374246317721,49.235726320481994,18210000
20171017,49.23969650268555,49.451108320805176,49.06153218035553,49.14589850551029,25804000
20171018,49.270957946777344,49.46500200115532,48.981381773996844,49.219346900606176,21152000
20171019,48.85607147216797,49.07592294755481,48.55532570983306,48.93299393103233,26272000
20171020,49.042171478271484,49.18112865485912,48.86251915906902,49.10371019737445,23664000
20171023,48.06202697753906,49.10768548447024,47.94639339519753,49.10768548447024,29568000
20171024,48.16574478149414,48.24961509143012,47.69229459119459,48.13894535692067,24244000
20171025,48.30420684814453,48.44118000459799,47.66847586937394,48.058051970674605,24226000
20171026,48.2659912109375,49.01239570452565,48.24812745194865,48.63522352316188,40842000
20171027,50.5841064453125,52.029264832111295,50.034725820001455,50.08385683576357,103354000
20171030,50.47690963745117,50.86698552570914,49.999987407609545,50.32256872878942,41702000
20171031,50.453590393066406,50.81885090882115,50.144904762781685,50.38311978883886,26614000
20171101,50.89329147338867,51.10023923149699,50.46897227533672,50.481875983180785,27468000
20171102,50.89725875854492,51.02182421571997,50.27343946228091,50.70768254421325,20980000
20171103,51.23969268798828,51.24812856276158,50.63572115995284,50.725051318627195,21528000
20171106,50.91313934326172,51.358302119464994,50.86847615723023,51.066492035754706,22504000
20171107,51.28187942504883,51.313642691839355,50.87493173743657,50.98113365306507,22246000
20171108,51.6054573059082,51.787691918401094,51.03970080750984,51.14243069544163,21774000
20171109,51.17914962768555,51.31463478412583,50.603764618087496,51.31463478412583,24904000
20171110,51.020835876464844,51.15433322304356,50.88237469128597,50.94093738512943,14400000
20171113,50.905696868896484,51.19502693449379,50.7478839115701,50.790067072740285,17716000
20171114,50.9181022644043,50.95830140288808,50.33001427445403,50.74887362217646,19184000
20171115,50.665504455566406,50.823317421755874,50.39304612461565,50.58113434218829,17080000
20171116,51.24068069458008,51.41040911868899,50.74539492578701,50.74539492578701,22594000
20171117,50.575172424316406,51.335968651364176,50.50867365290071,51.31562107990214,27942000
20171120,50.53994369506836,50.749871290677724,50.49627251535985,50.633245690072435,19070000
20171121,51.33944320678711,51.37021446123188,50.75210109983056,50.784606479356626,21940000
20171122,51.41240310668945,51.5983066360566,51.18758777522234,51.36476009746265,14926000
20171124,51.643165588378906,51.77061242442869,51.364755211029625,51.407930382493554,10740000
20171127,52.3181037902832,52.380138518861486,51.53547571428644,51.61289417713069,26158000
20171128,51.98063659667969,52.72331924139561,51.61289604513552,52.36178064841399,28488000
20171129,50.702720642089844,51.815373924549085,50.404458698012355,51.745895331690754,49188000
20171130,50.69031524658203,51.04168005487371,50.37220172059315,50.737958253324926,34480000
20171201,50.13249969482422,50.74391513859295,49.728035813936025,50.411905886620595,38192000
20171204,49.56227111816406,50.42678925572848,49.40793020140598,50.25606880836923,38128000
20171205,49.88336944580078,50.65061384604518,49.04615044190099,49.42629871210307,41346000
20171206,50.53994369506836,50.866992896532004,49.684361144663306,49.702228692525665,25440000
20171207,51.16277313232422,51.32704173546013,50.52460749940628,50.641679879467645,29164000
20171208,51.466495513916016,51.71463443974025,51.24177863696796,51.48833110329023,25816000
20171211,51.667484283447266,51.80147762923954,51.218353460935184,51.38956991510815,23856000
20171212,51.6367073059082,52.12454919835436,51.29973806479468,51.59452415012491,25590000
20171213,51.643165588378906,51.9436614498244,51.53249584473959,51.916615913582454,25654000
20171214,52.06698989868164,52.53100846622461,51.76723614553814,51.86103414127662,31174000
20171215,52.81338882446289,52.983613268189714,52.08435582661199,52.33795458082559,65518000
20171218,53.4560661315918,53.52306469566698,52.704701562460826,52.90718527026602,31092000
20171219,53.135475158691406,53.44118096955348,52.78163033768194,53.3597906783683,26774000
20171220,52.851112365722656,53.26947196882836,52.68088790773504,53.1900694796505,25372000
20171221,52.78559875488281,53.06847696887556,52.69448145997663,52.851109306990296,19914000
20171222,52.611412048339844,52.81389200326739,52.577664758135285,52.66054307467154,15102000
20171226,52.44366455078125,52.611405183065564,52.11909540084048,52.5096673204526,15212000
20171227,52.077903747558594,52.524554542021356,52.01239698373034,52.47591952778091,25438000
20171228,52.01686096191406,52.344898334548645,51.84961256255103,52.18857340779637,16742000
20171229,51.930511474609375,52.09428406610581,51.85606904335651,51.946391214026214,17750000
20180102,52.85358810424805,52.9498661229892,51.87244815150404,52.02678907009557,24752000
20180103,53.72108459472656,53.910164817581695,52.76475622018498,52.819347085920995,28604000
20180104,53.91562271118164,54.271455336055325,53.79661553689371,53.99502898076155,20092000
20180105,54.70122528076172,54.80147511841195,54.193531811675086,54.29278963899694,25582000
20180108,54.934974670410156,55.14986229046725,54.670956033017525,54.70122749445384,20952000
20180109,54.90122985839844,55.115125477717996,54.651652154598466,55.0570625781523,18050000
20180110,54.720096588134766,54.81885464520374,54.397515206081096,54.446646231980225,20856000
20180111,54.864505767822266,54.91437890132685,54.5702118735938,54.90321310488705,19566000
20180112,55.69527053833008,55.79601638419544,54.64762808756246,54.710158816834344,34410000
20180116,55.67046356201172,56.57120525625367,55.4755259377319,56.20396071916962,31506000
20180117,56.17765808105469,56.20842933665583,55.43472933517314,55.89180383174745,24052000
20180118,56.0689697265625,56.203958868097494,55.45904613623243,56.14936800523843,23964000
20180119,56.45209884643555,56.469470387810375,55.995028148932235,56.17021264682469,35564000
20180122,57.360286712646484,57.56227063210888,56.33299178810452,56.451105393016405,32360000
20180123,58.063018798828125,58.14524964937371,57.50619424897152,57.56078511383782,26662000
20180124,57.77865219116211,58.5538364091276,57.62033944134248,58.428278935273944,28332000
20180125,58.08287048339844,58.35929684484292,57.70520226187664,58.19006440615728,29610000
20180126,58.354331970214844,58.354331970214844,57.47443007831587,58.31661664240436,40376000
20180129,58.341426849365234,58.90271921009497,58.162766532632624,58.38609382169802,27578000
20180130,57.75136184692383,58.38808493883361,57.742922184854635,57.95681782846756,31126000
20180131,58.061527252197266,58.213388139622914,57.5250503079853,58.092790724508866,30774000
20180201,57.95036315917969,58.26302062942556,57.44515342617763,57.69776018582842,48242000
20180202,55.181129455566406,55.73547014937958,54.95174788287801,55.682367304360355,97158000
20180205,52.397010803222656,55.08683555872994,52.20991461866918,54.12405541933101,75966000
20180206,53.627784729003906,53.6828716021539,50.77602336861869,50.97667074430348,68960000
20180207,52.0387077331543,53.686350173190576,52.02282420544155,53.67443847398096,47384000
20180208,49.70322036743164,52.53696648915333,49.66054119850927,52.377661720413116,57182000
20180209,51.50271987915039,51.80991748741445,49.258549987379055,50.483860811368885,70118000
20180212,52.205448150634766,52.67989037385945,51.658945080736665,52.00991608653701,41154000
20180213,52.21338653564453,52.52455216894356,51.81571911292265,51.86102975434887,25302000
20180214,53.08684158325195,53.18708764800204,51.94788483988162,52.057062785079864,31116000
20180215,54.070465087890625,54.167685898819904,52.820834818034385,53.551851866182716,36868000
20180216,54.332496643066406,54.8223226022631,54.010558978167694,54.01537515079228,33590000
20180220,54.712642669677734,55.28286309753559,54.02082903314114,54.122566889440506,28462000
20180221,55.15334701538086,56.27642409539306,54.90471207116625,54.91165993116646,30258000
20180222,54.91959762573242,55.72306932760097,54.71910170419879,55.39403989430591,26344000
20180223,55.92008972167969,55.94440533604928,54.82450507578839,55.21785614175357,25220000
20180226,56.76177978515625,56.77220346784738,55.91537902241603,55.97021599895641,31182000
20180227,55.498252868652344,56.776166725770295,55.48386114523406,56.637209543594274,35482000
20180228,54.82529830932617,55.956811110673875,54.75135188573955,55.733487610623385,37652000
20180301,53.07790756225586,55.09279431620366,52.95289531771841,54.98113256305667,50318000
20180302,53.544410705566406,53.697214400110916,52.01562785909235,52.26202888072114,45432000
20180305,54.140438079833984,54.44663989340734,53.05210041249542,53.35681421042986,24044000
20180306,54.345394134521484,54.68236717860751,54.083113412068364,54.55184587727789,30656000
20180307,55.068973541259766,55.19701483134314,53.8700683096937,54.054086251537804,25850000
20180308,55.880882263183594,55.96028853250133,55.22579568650959,55.35085715301563,27102000
20180309,57.57020950317383,57.607928615586886,56.20152671734672,56.37715799102591,42560000
20180312,57.79155349731445,58.414384615607105,57.44018869241683,57.75929801209454,43446000
20180313,56.4848518371582,58.39998847027691,56.24465280300403,58.06450343077077,38144000
20180314,57.04663848876953,57.498253127139144,56.64713468801923,56.83423466919762,25828000
20180315,57.05110549926758,57.621825747294984,56.30470475136143,57.06996505593682,27908000
20180316,56.36376190185547,57.36376144209525,56.176665702236335,57.27741109748615,61840000
20180319,54.58163070678711,55.681876319189044,54.04515372380921,55.58361427582476,56118000
20180320,54.47692108154297,54.84862970044317,53.7697235871358,54.54093983768897,36638000
20180321,54.13795852661133,54.90321890444212,53.85359227893501,54.23026851167669,37578000
20180322,52.06351089477539,53.741924320620846,51.90619394943885,53.69130528665603,53340000
20180323,50.69825744628906,52.77220309856432,50.68088968963551,51.961783514058624,43134000
20180326,52.26847839355469,52.38857981273346,50.04465598081995,51.91066173476996,53302000
20180327,49.880889892578125,52.845604188471974,49.474934200176804,52.75433922107276,61906000
20180328,49.854087829589844,50.830263987979,48.666992072572086,49.52853044171632,67386000
20180329,51.20545196533203,51.76178051755427,49.77170530780108,50.20495640978419,54536000
20180402,49.948875427246094,51.35483058506541,49.149867832500824,50.76028693847742,53608000
20180403,50.29329299926758,50.66946941150189,49.333488833846395,50.31810461885623,45502000
20180404,50.87542724609375,51.052997119904965,49.28039178848185,49.30073936197883,49694000
20180405,51.007930755615234,51.7513554900192,50.62683972489518,51.678900865440376,27260000
20180406,49.9771614074707,51.18708467027028,49.77815352241644,50.620336263374114,34928000
20180409,50.394527435302734,51.593038756277316,50.32653686292227,50.46152599732715,35032000
20180410,51.19800567626953,51.428277039610286,50.19056230891741,50.939939089910794,39490000
20180411,50.61885070800781,51.18430801436536,50.41537498002823,51.01686649746099,29678000
20180412,51.241180419921875,51.64713606649352,50.691553648349895,50.8704600741607,27140000
20180413,51.08039093017578,51.93150562040225,50.768229468550956,51.6565672690841,24460000
20180416,51.51264572143555,51.77368835099451,50.95483294066934,51.46401070494847,24224000
20180417,53.30818176269531,53.49279794089307,52.022820161226015,52.17716487477743,46406000
20180418,53.204952239990234,53.47045890293108,52.91438027595463,53.47045890293108,26882000
20180419,53.98014450073242,54.300987975299435,53.01141211791809,53.071958838418944,34954000
20180420,53.24863052368164,54.21091482251756,53.08039386624771,53.69726539647189,37794000
20180423,52.97517776489258,53.73299421530266,52.64018871867365,53.49180316218884,46826000
20180424,50.619346618652344,52.45656508444345,50.1533402523376,52.20842616959499,95206000
20180425,50.678897857666016,51.2401902372451,50.38758376936211,50.894285284423,47822000
20180426,51.6148796081543,52.00892357875088,50.53051373459591,51.0922983436544,41590000
20180427,51.11909866333008,52.08435893177367,50.89775916591828,51.910662441237456,32396000
20180430,50.48783493041992,51.464011090370974,50.46401153407672,51.1171141180938,33426000
20180501,51.479393005371094,51.53695989643234,50.035222814067424,50.30569330183835,28558000
20180502,50.837711334228516,51.63220190748213,50.76277289544227,51.022323722988624,32062000
20180503,50.80495834350586,51.10049038805684,49.939944117709636,50.57071513096834,36302000
20180504,52.02033615112305,52.03522387968763,50.466491956131875,50.466491956131875,38774000
20180507,52.346885681152344,52.68882257913594,51.96524943564682,52.07095533780392,29322000
20180508,52.3032112121582,52.63274038678459,51.96748007976872,52.53298655331292,24354000
20180509,53.734981536865234,53.867982881320565,52.42505441144925,52.51115864962099,40656000
20180510,54.469966888427734,54.612396109503536,53.877907051906945,53.89725882767105,28860000
20180511,54.50420379638672,54.65656447328912,54.139443097312494,54.27294043196023,25074000
20180514,54.60048294067383,55.12405618120061,54.54639187021465,54.59055905045449,30362000
20180515,53.55978775024414,54.09676069801482,53.273933522082785,54.09428067206087,29898000
20180516,53.685848236083984,54.05805661170998,53.41239790755122,53.46450874611059,21946000
20180517,53.52802658081055,53.9389422574471,53.27541985361377,53.592541330266535,20876000
20180518,52.921085357666016,53.09875367528303,52.63919914638247,52.69775805440959,31304000
20180521,53.57716751098633,53.995034909993386,53.28287357683065,53.30322115167244,20464000
20180522,53.08832931518555,53.925052271542945,52.93746042733686,53.77468317522154,21800000
20180523,53.582618713378906,53.63671356914358,52.690309168453524,52.86003759985011,21214000
20180524,53.5602912902832,53.62133022341577,52.91066075165117,53.54837959227222,15336000
20180525,53.38262176513672,53.72505089164157,53.28907366720822,53.54937038831117,17988000
20180529,52.62133026123047,53.26897298749954,52.3682312914605,52.84812959535997,37302000
20180530,52.99254608154297,53.0625206800554,52.44812924145268,52.755822859120165,22770000
20180531,53.845645904541016,54.451105433204866,52.98063178105116,52.98063178105116,61766000
20180601,55.55830001831055,55.58311542364438,54.51611736137707,54.55830052140517,48432000
20180604,56.540435791015625,56.66946908349434,55.68261940328731,55.69874903813456,37792000
20180605,56.55880355834961,56.86043911137499,56.237710211977124,56.624806331968365,33560000
20180606,56.420833587646484,56.724555365945136,55.86812855888481,56.68336421672166,33964000
20180607,55.774681091308594,56.36822895300192,55.41041258790898,56.14490544361574,30400000
20180608,55.62629318237305,55.91413523792205,55.19353808859791,55.49279583693953,25816000
20180611,56.07889938354492,56.439692067320166,55.51363895942996,55.51363895942996,21586000
20180612,56.54192352294922,56.56524712627329,56.115870200864585,56.13249584083147,18240000
20180613,56.317108154296875,56.89825207891892,56.247133558106086,56.6312536156547,30128000
20180614,57.177154541015625,57.343407142817966,56.60743013387363,56.766734877052286,26868000
20180615,57.18410873413086,57.24167941646082,56.74862750899572,57.01537608780714,42450000
20180618,58.2362174987793,58.27840065919572,56.75383589022043,56.75681192146424,28274000
20180619,57.96822738647461,58.127532143906194,57.27095764959267,57.49378515065285,32420000
20180620,58.05656814575195,58.872746649351754,58.02282085842918,58.32803067373286,32970000
20180621,57.45210266113281,58.42654473229993,57.18272258810182,58.30520518825776,24762000
20180622,57.343910217285156,57.69215132237108,56.93597052886166,57.52555036052441,26220000
20180625,55.82182693481445,56.76971560332809,55.22480326266648,56.75433186931022,43146000
20180626,55.50669860839844,56.23870775722294,55.41731921261012,55.980148908642384,31264000
20180627,54.78807830810547,56.170509140994426,54.77021076235153,55.64961660613399,25878000
20180628,55.2962646484375,55.69775624370907,54.39254318120302,54.694280937576984,21448000
20180629,55.36723709106445,55.99140475209004,55.33497782062946,55.58311673462332,26302000
20180702,55.95334243774414,55.98014186516903,54.28286877482241,54.540935371943874,24346000
20180703,54.73398971557617,56.36823234767104,54.59155669733294,56.36823234767104,13580000
20180705,55.7950325012207,55.95532928233327,55.01140857101004,55.11314644205346,21334000
20180706,56.584110260009766,56.621829375432405,55.61969434678643,55.76078701061992,19922000
20180709,57.2729377746582,57.30370902710821,56.74539651310947,56.996511439280155,18180000
20180710,57.212890625,57.54787966872457,57.051601847680345,57.41835036988177,15968000
20180711,57.2655029296875,57.781136361905865,56.625304025118844,56.803468355385505,22400000
20180712,58.733489990234375,58.77964498069898,57.36649200439671,57.56276998230441,25038000
20180713,58.99850082397461,59.325894545902976,58.560781915045865,58.80892082146555,24438000
20180716,58.75234603881836,59.10668685298151,58.52505070927808,59.02678836646689,21114000
20180717,59.4937858581543,59.70420944860593,58.094282506404355,58.17468078835937,32208000
20180718,59.34886932373047,59.776660552572395,59.07393099360295,59.38261660850237,27872000
20180719,58.90619659423828,59.55334334936696,58.72555224029552,59.10669251698679,25534000
20180720,58.8044548034668,59.397506656663374,58.77021151216233,58.906192666950986,24948000
20180723,59.8262939453125,59.87542496585613,58.61041098953917,58.610906994755815,52384000
20180724,61.9394416809082,62.82877144618691,61.318102393602004,62.659542799088456,66364000
20180725,62.71463394165039,62.821827868365226,61.49527888760951,61.49527888760951,42556000
20180726,62.94440460205078,63.01591643639878,61.9860922563379,62.084354295041734,48112000
20180727,61.464012145996094,63.220340217855586,61.09180375134578,63.076915189480815,42612000
20180730,60.53299331665039,61.286145076237545,60.1225735990212,60.943416820579046,36998000
20180731,60.409912109375,60.922467223403395,59.8312519969657,60.54638926537705,32894000
20180801,60.54639434814453,61.2143846745319,60.06004417030798,60.942922141638405,31344000
20180802,60.851104736328125,61.03621691114453,59.79105450962844,59.846141378751035,30626000
20180803,60.73001480102539,61.042172462431914,60.300731756353265,61.02331290550278,21792000
20180806,60.782615661621094,60.84802776636651,60.33730522800142,60.794031353668295,21634000
20180807,61.64862823486328,62.09279525250614,61.348378464325116,61.38956961747566,29880000
20180808,61.816864013671875,62.35731283577001,61.439593342353234,61.56177722813773,27406000
20180809,61.99006652832031,62.30976650624542,61.836713829164474,62.02976587775118,16972000
20180810,61.41984176635742,61.821083485372874,61.14142759957144,61.687336245701054,22174000
20180813,61.29080581665039,61.99864688447845,61.22286446332697,61.388571848982316,19946000
20180814,61.64267349243164,61.8297697033267,60.79949863711877,61.29974454684991,26962000
20180815,60.26698684692383,61.30222163847336,60.025296007876435,61.005447718159836,36576000
20180816,59.875423431396484,60.843659666172826,59.67988757836699,60.780632928579564,26864000
20180817,59.60097885131836,60.00097863594556,58.96971191621382,59.65408169652866,27792000
20180820,59.93894958496094,60.09924635983691,59.286642123877996,59.802472420127124,17416000
20180821,59.63373565673828,60.40991185184236,59.57090580746533,59.95036114279354,24112000
20180822,59.9171142578125,60.14093378007894,59.50371471964633,59.55334174717575,17748000
20180823,59.82033920288086,60.6094191500728,59.76376431674172,59.907681558218684,19852000
20180824,60.57815170288086,60.627778726304484,59.8689210709593,59.99105572378419,18932000
20180827,61.62877655029297,61.69180329301333,60.82957200866562,60.92307089036313,23126000
20180828,61.099246978759766,61.664757320349956,60.9771653224337,61.602472692785405,26080000
20180829,61.9999885559082,62.0674831273615,61.357756467391035,61.41190054748652,25978000
20180830,61.494781494140625,62.215128754606184,61.170712122503964,61.74837647374232,26628000
20180831,60.45606994628906,61.471949224682774,60.11339091768337,61.289320858672426,36328000
20180904,59.40445327758789,60.198004809922395,59.181129774092156,59.765249734949606,36620000
20180905,58.88236999511719,59.504205263614864,57.667479117970046,59.24564268087913,41226000
20180906,58.13596725463867,58.87343612166781,57.17120305634378,58.87343612166781,37770000
20180907,57.80793380737305,58.32555124285028,57.43001567917386,57.50222419741703,28026000
20180910,57.798500061035156,58.28981784237908,57.57368853480023,58.173192248592336,22308000
20180911,58.429771423339844,58.49527819398653,57.381632802595476,57.649127301910376,24186000
20180912,57.70817947387695,58.49180337588776,57.48683997810357,58.19949726871336,25910000
20180913,58.32902145385742,58.491802037945554,57.70966995582557,58.10123010895812,28624000
20180914,58.190067291259766,58.58188114682514,57.98163149808923,58.51612448161183,18880000
20180917,57.37220001220703,58.4238105798596,57.27195016432812,58.07145377608804,26130000
20180918,57.62877655029297,58.36624545589058,57.423812801381594,57.423812801381594,24072000
20180919,58.11860275268555,58.22381265629148,57.29924754556268,57.81537695895896,23828000
20180920,58.9017219543457,59.05159882041535,58.23125167115349,58.56028485472054,24508000
20180921,57.870460510253906,59.16673792531167,57.86797669793857,59.15631424344564,88112000
20180924,58.23175048828125,58.461529636684205,56.91860129434319,57.4277828303761,25420000
20180925,58.79155731201172,58.902230853660306,57.965257972698076,58.369721870731844,19554000
20180926,58.58510208129883,59.266984291373426,58.30098196956823,58.816365455069715,29246000
20180927,59.287330627441406,59.65755496339631,58.74092978962537,58.89477469879411,25216000
20180928,59.22927474975586,59.32555277727203,58.78411192723223,59.14986847348289,27612000
20181001,59.32058334350586,60.044652502602204,59.0719484277985,59.54787867639495,27152000
20181002,59.558799743652344,60.04763371156834,58.889817437475735,59.10470507255934,33758000
20181003,59.69974136352539,59.87145382794875,59.24713849126733,59.80147922860126,25124000
20181004,57.97468185424805,59.42976810597928,57.34867781487357,59.32157838443933,44190000
20181005,57.43671417236328,58.23820179668711,56.82976660660757,57.940435860019676,23686000
20181008,57.020835876464844,57.96525253412296,55.94857481979366,57.07741076199877,38648000
20181009,56.51711654663086,57.287832965627906,56.455180258560105,56.88088527608418,26174000
20181010,53.65855407714844,56.187090308048134,53.65408624375751,56.132995447322564,53514000
20181011,53.564266204833984,54.908186856327,53.01588124263347,53.247640660562226,58980000
20181012,55.0908088684082,55.33497594611589,53.91571954702849,54.98758299281243,42026000
20181015,54.20594787597656,55.25785761623235,54.04465908785686,55.03274696294184,27448000
20181016,55.646644592285156,55.79254965102286,54.714635563520076,54.818357457358424,38570000
20181017,55.36922073364258,56.02927114906864,54.699246427696266,55.90371367728621,29344000
20181018,53.99353790283203,55.67443143689045,53.45358889312594,55.67443143689045,41890000
20181019,54.41487121582031,55.10469697516828,53.982612211537955,54.261518546051875,25352000
20181022,54.648128509521484,55.197509191232946,54.143910806861655,54.74242250937911,30284000
20181023,54.77368927001953,54.982125049203944,53.101727630713235,53.642172640948395,36974000
20181024,52.1444091796875,54.89428490857795,52.04664314061707,54.80148270813582,39648000
20181025,54.37071228027344,55.13547663254539,53.07939861084746,53.190564365135984,50916000
20181026,53.174686431884766,54.91463500580213,51.31959648525648,51.465505329018,83752000
20181029,50.62430953979492,54.44366322386968,49.420834310067285,53.72058607561878,77614000
20181030,51.4248046875,51.488327430138625,49.66500094612399,50.04763299016234,64254000
20181031,53.43770980834961,54.19056244154555,52.45656603740237,52.59602301795857,50596000
20181101,53.10172653198242,53.795274328359646,52.72753414762246,53.38956857516668,29640000
20181102,52.49577331542969,53.74564969183618,52.33795656850068,53.2868410709809,36780000
20181105,51.61736297607422,52.529520369958234,50.681878191447936,52.35731189962229,48828000
20181106,52.39751052856445,52.82108384082481,51.517112622839925,51.58708722178409,24666000
20181107,54.262516021728516,54.365245888284164,52.8982480972212,53.05209678761467,41168000
20181108,53.71711730957031,54.25657415825943,53.21116164141125,54.16277615359496,29764000
20181109,52.91065979003906,53.37765816711325,52.2635130755954,53.29974369883126,26864000
20181112,51.54490661621094,52.710662819230706,51.16624636848579,52.67443550491351,29436000
20181113,51.416866302490234,52.436963505228604,51.17368743937391,51.776170967178786,30274000
20181114,51.79452896118164,52.33567063443929,51.16624182468418,52.10917042778004,31318000
20181115,52.839195251464844,53.19353606440142,51.20495278013197,51.8466396275246,36722000
20181116,52.67939376831055,52.95284029455292,52.05855050668651,52.576167893969014,33162000
20181119,50.620338439941406,52.64465688103662,50.43473025971473,52.466492565323634,37172000
20181120,50.90619659423828,51.20297433236472,49.43026670544251,49.62778659859198,48982000
20181121,51.494285583496094,52.0377104224124,51.28882583140617,51.45210242158334,30686000
20181123,50.81289291381836,51.493290885280274,50.739393273183865,51.116614692776565,13830000
20181126,52.04068374633789,52.07492703657137,51.31065875075566,51.53100622072772,38856000
20181127,51.83175277709961,52.48535133292609,51.53795488378731,51.662520344088634,36064000
20181128,53.90719223022461,53.9374636964088,51.402475459538934,52.047638212383085,49508000
20181129,54.00992202758789,54.30495807314537,53.39949857556238,53.403470403952184,29378000
20181130,54.31412887573242,54.3707037544829,53.492789764631546,54.04812244375444,51604000
20181203,54.90966796875,55.81388549718283,54.77244869070427,55.738950844943574,39824000
20181204,52.149864196777344,54.80991351042002,52.10817704327678,54.745394973122146,46904000
20181206,53.03870391845703,53.161285366889075,51.15483435595777,51.328034843280555,55384000
20181207,51.44316864013672,53.362773297922544,51.042176798358796,52.605948809283746,42024000
20181210,51.59056091308594,52.032247863357824,50.783613462481625,51.3672336256557,36154000
20181211,52.19602584838867,52.63522903178919,51.604957973502,52.43126107122275,27894000
20181212,52.78807830810547,53.679891900379005,52.74391112607517,53.00247372304621,30476000
20181213,52.699745178222656,53.58609516127768,52.3042094063539,53.005947000907746,26596000
20181214,51.71710968017578,52.73448069643032,51.65209892330714,52.108177590669534,33732000
20181217,50.4481315612793,52.2655022962488,50.01984429730477,51.48932226483842,47708000
20181218,51.0526008605957,52.08336791675684,50.69180437232231,50.922575546252155,43850000
20181219,50.76972198486328,52.70470658121763,50.0272892248118,51.314634856532194,49586000
20181220,50.09477996826172,51.32604283692482,49.44713726687282,50.527535041692396,53470000
20181221,48.61240005493164,50.81984288772774,48.322077976863575,50.3870877993337,91920000
20181224,48.44763946533203,49.803467952436755,48.14441365382821,48.332501877743596,31806000
20181226,51.586090087890625,51.61288951227979,48.78410765929945,49.082369577473045,47466000
20181227,51.80545425415039,51.80595025940411,49.4789018553998,50.47890145510754,42196000
20181228,51.467979431152344,52.3851006159341,51.27045955943804,52.09031071710802,28296000
20181231,51.3950309753418,52.2431696728436,50.798507035760835,52.156819322689465,29866000
20190102,51.90321350097656,52.22430681417616,50.407432235083256,50.45011139911309,30652000
20190103,50.4248046875,52.45557112865643,50.326042858659804,51.66251939824446,36822000
20190104,53.136966705322266,53.14341855987174,50.9884802088492,51.245157246269045,41878000
20190107,53.02182388305664,53.30023803908472,52.34539773677241,53.17616858544918,39638000
20190108,53.413394927978516,53.824314467151375,52.631758780369,53.40495905213747,35298000
20190109,53.33299255371094,53.72852451232473,52.92306508557568,53.67988949922554,23986000
20190110,53.118106842041016,53.15880199010424,52.491807453184116,52.985601501361764,29128000
20190111,52.465999603271484,52.79279890505535,52.03374049969427,52.76326955474528,30416000
20190114,51.84565353393555,52.18510665706048,51.67518296449053,51.95632328660215,22886000
20190115,53.456565856933594,53.6004868852631,51.977164004994755,52.117609210430714,29272000
20190116,53.646141052246094,54.21214733334014,53.565246771798336,53.59800204538381,26636000
20190117,54.089317321777344,54.183611317066536,53.2754220182368,53.571699930675734,24854000
20190118,54.50420379638672,55.00504787241297,54.138943305827624,54.59055792059431,39112000
20190122,53.12753677368164,54.16922348454228,52.77765998463036,53.99503099101271,32270000
20190123,53.37815475463867,53.84266932439849,52.59304285545852,53.46649290602938,19340000
20190124,53.29528045654297,53.57195673369403,52.640193815905654,53.423321753115125,27226000
20190125,54.14341354370117,54.29279440982509,53.688326872420596,53.846143613375936,22382000
20190128,53.1057014465332,53.74689233385762,52.79403599022081,53.60346730913384,25686000
20190129,52.63621520996094,53.357308320221286,52.40023789854855,53.234726883584095,20436000
20190130,54.04763412475586,54.14391214787525,52.945400697498215,53.02381495968173,25596000
20190131,55.4029655456543,55.450608547882624,54.36276693855093,54.73944312337831,30766000
20190201,55.124061584472656,55.831259046920145,54.83324348654,55.20594788543075,29244000
20190204,56.218353271484375,56.218353271484375,55.038205382402374,55.21884972913294,51530000
20190205,56.87294387817383,56.91562304557691,55.446542645184145,55.82331730347729,71044000
20190206,55.34639358520508,56.92306542976768,55.22430814890697,56.55433288109731,42112000
20190207,54.52654266357422,54.83076045905902,53.895771692620734,54.79701317277384,40896000
20190208,54.345394134521484,54.5364621441814,53.923062764339655,53.94539435621834,21516000
20190211,54.342918395996094,54.88559732473736,54.23622047995844,54.43919641618791,21304000
20190212,55.6511116027832,55.84590157399884,54.88088738506814,54.928034388169976,32182000
20190213,55.5910530090332,56.31413012113142,55.508670713172904,55.83075603257966,20996000
20190214,55.665992736816406,55.99155010007894,55.10892210957509,55.48634041284445,18952000
20190215,55.26797866821289,56.162272274065785,55.119097593173336,56.08336579651373,28996000
20190219,55.511653900146484,55.676914507080824,55.08683868771907,55.08683868771907,20928000
20190220,55.27542495727539,55.75235102516929,54.85259753624892,55.582622578701894,21756000
20190221,54.440189361572266,55.18311810376094,54.219345874858,55.12852723861364,28302000
20190222,55.10519790649414,55.14837307437955,54.3721931312939,54.635219752592135,20990000
20190225,55.05706024169922,55.51065509072986,54.95135055639227,55.38460162021735,28262000
20190226,55.3414306640625,55.558798327150576,54.58659022648473,54.87592029624514,29426000
20190227,55.387088775634766,55.48286700411467,54.640188219702644,54.9354741337875,19368000
20190228,55.57914352416992,55.96276757814939,55.13696056594894,55.15135228940827,30850000
20190301,56.62480545043945,56.7230674946276,55.8188499561449,55.82629382092888,29006000
20190304,56.9627685546875,57.48286977875043,56.113637917014984,56.922569414476996,28920000
20190305,57.668975830078125,58.04515225537699,56.883118015438725,57.07492816047068,28864000
20190306,57.46202850341797,57.94371395356665,57.34441089566263,57.69180387504559,21986000
20190307,56.73944854736328,57.40718898322487,56.323069182032164,57.35582404305863,23332000
20190308,56.69081115722656,56.927038378433075,55.74689049655078,55.9171111598587,24248000
20190311,58.35035705566406,58.37170042396261,56.79651289342056,56.79651289342056,34384000
20190312,59.21587371826172,59.55334281231683,58.47443296456696,58.47443296456696,40262000
20190313,59.221824645996094,59.599492851162665,59.153338065130164,59.58534723715807,28718000
20190314,58.836219787597656,59.448131215724246,58.78311693768877,59.28088279603259,23456000
20190315,58.78212356567383,59.38311529224077,58.69031337852478,59.22480254293871,49236000
20190318,58.77219772338867,59.05705994710976,58.43279385903887,58.72455471998491,25852000
20190319,59.49626922607422,59.55334011685571,58.85209853739669,58.99800358458469,30414000
20190320,60.742916107177734,60.900233051538954,59.363260628025714,59.42182331734279,44548000
20190321,61.11859893798828,61.131006640875405,60.20594556245717,60.34738277373228,24080000
20190322,59.8262939453125,61.042173114786465,59.693538717021745,60.85954475127679,34284000
20190325,59.20594787597656,59.870859920922854,58.91016594989514,59.40098394651485,29936000
20190326,58.790061950683594,59.69378343433899,58.398002019611845,59.48038382087714,38024000
20190327,58.21438217163086,58.93591829951689,57.53696021699804,58.8337374400555,28004000
20190328,57.989566802978516,58.142173596481655,57.5399891960569,58.140931690309486,19234000
20190329,58.2287712097168,58.51065739399753,57.71115382760756,58.307677683684354,25398000
20190401,59.276920318603516,59.38759007587187,58.660044993979604,58.76426668266443,25050000
20190402,59.57766342163086,59.62034259120829,58.84416252326423,59.32108482631371,16558000
20190403,59.847137451171875,60.3622710515838,59.578154958398066,59.92455591416854,20286000
20190404,60.297752380371094,60.33100365918349,59.758299414213624,59.8481255743759,19000000
20190405,59.90817642211914,60.358303049126576,59.80296652175782,60.29726033081854,18144000
20190408,59.74391174316406,59.98460679411624,59.54639186392823,59.94490365892221,17204000
20190409,59.41686248779297,59.66698542386209,59.209914723385914,59.354827758992535,17528000
20190410,59.66053771972656,59.741182110398846,59.3764175999248,59.587087297892126,14492000
20190411,59.78261947631836,59.94837609123345,59.559791970622165,59.74986798655146,14204000
20190412,60.440189361572266,60.46400897086258,59.955819443008906,60.04961743711937,18668000
20190415,60.60049057006836,60.754335497039165,60.00545465015063,60.446645643097554,23748000
20190416,60.89973831176758,61.082866461399966,60.551849350175274,60.79403240924438,17126000
20190417,61.356815338134766,61.566243131087916,60.933984137848206,61.19105872257389,24438000
20190418,61.358306884765625,61.63770929318938,61.27096073865519,61.497760086351896,26636000
20190422,61.9771614074707,61.98956532409174,60.95830233315041,61.33944258309672,16146000
20190423,62.75680923461914,62.97765270109473,61.85507181817575,62.068967425838395,26398000
20190424,62.33249282836914,62.92852448355696,62.282865804111765,62.735472443745365,20376000
20190425,62.70222091674805,62.89864654841681,62.13547250218492,62.76772767979792,22146000
20190426,63.135475158691406,63.17964234147232,62.546887340632416,62.97765841239984,24828000
20190429,63.89974594116211,63.98362005419792,62.84342130684421,63.22580350933609,49988000
20190430,58.98162841796875,59.19651605594184,58.31264610279667,58.808923941969404,124140000
20190501,57.969215393066406,58.96028295694094,57.92455220941682,58.96028295694094,52784000
20190502,57.69776153564453,58.27244987852371,57.32019173736996,57.9533443327076,38896000
20190503,58.828773498535156,58.89825209073991,58.01487817302292,58.24564554292457,39614000
20190506,59.026790618896484,59.09924524387455,57.87889823519034,57.87889823519034,31278000
20190507,58.267982482910156,59.07889801258723,57.61983996461566,58.58410819275789,31028000
20190508,57.879390716552734,58.58182114887599,57.85308729634591,58.164252933230486,26186000
20190509,57.686344146728516,58.0476366323101,57.114135846920284,57.5200915215265,23714000
20190510,57.78014373779297,58.193543288636164,56.699745860506205,57.74639644932622,26290000
20190513,56.180137634277344,56.9697135294784,55.68782787237828,56.67293961506713,37212000
20190514,55.60495376586914,56.596517437146126,55.56078658284226,56.43721267429374,36732000
20190515,57.77716064453125,58.13051324975123,55.417660019936044,55.47741161076987,45786000
20190516,58.510169982910156,58.965752706913115,57.70917449700917,57.792052810942394,30628000
20190517,57.682373046875,58.56822699226342,57.56872348679593,57.988574858347356,24172000
20190520,56.51859664916992,56.91298891418042,56.15100380863591,56.798991023231274,27066000
20190521,57.053585052490234,57.20633950901674,56.473436924085505,56.99701016925062,23196000
20190522,57.14242172241211,57.49477853147948,56.867979382531495,56.91066233574085,18290000
20190523,56.61388397216797,56.87209442628911,56.040880610022434,56.60048425961687,23978000
20190524,56.25160598754883,57.06029141716899,56.16177981712104,56.940935896582445,22240000
20190528,56.28535079956055,57.15070952271948,56.23423197163944,56.27790693498067,27300000
20190529,55.407432556152344,56.03472765883103,54.99849710862128,55.95631340455926,30764000
20190530,55.48137664794922,55.73845121810021,55.1920465949551,55.36177502897417,19038000
20190531,54.77070999145508,55.06698791846135,54.599493533190234,54.65458040296678,30156000
20190603,51.42580032348633,52.878406563336355,50.86847975132516,52.878406563336355,102612000
20190604,52.260536193847656,52.40942105495793,51.29974381474591,51.75681450745354,56670000
20190605,51.72307205200195,52.28535648219276,51.14093983902228,52.185602631495435,43368000
20190606,51.82828140258789,51.984610141039866,51.30024405845613,51.86054067529693,34064000
20190607,52.90520095825195,53.147387815308555,52.029766879599684,52.140440412083024,36048000
20190610,53.61686706542969,54.22629468680496,53.21696568545992,53.24961873229719,29284000
20190611,53.53448486328125,54.689321356390856,53.47904965228199,54.291805344343175,28734000
20190612,53.45061111450195,53.64415915999703,52.9796409223379,53.49875012327429,21220000
20190613,54.033241271972656,54.30123175710908,53.60545002071658,53.77865050040802,21154000
20190614,53.86351776123047,54.22778248892692,53.60654161557679,53.916616825126845,22230000
20190617,54.21834945678711,54.54986266252101,53.90966384844653,53.90966384844653,18832000
20190618,54.76922607421875,55.4039651371961,54.540442702959076,55.07145987277663,27734000
20190619,54.70619583129883,54.93795521927746,54.26698888396777,54.868476624776434,26776000
20190620,55.157310485839844,55.589073566895024,54.825797254364154,55.58262171269389,25240000
20190621,55.67641830444336,55.787088047219626,54.99155248373891,55.04912316487453,38952000
20190624,55.360782623291016,55.68236815683203,55.136959334269626,55.56375854909301,27912000
20190625,53.91314697265625,55.30272272411924,53.78659369373631,55.21885240095757,30938000
20190626,53.58808517456055,54.24167999853569,53.212896960481615,53.92059043320143,36218000
20190627,53.399993896484375,53.95036662814667,53.36426258663292,53.79652170053364,20086000
20190628,53.64316940307617,53.64763345008945,53.26897321794013,53.41885009408402,33864000
20190701,54.48882293701172,54.96674099702669,54.27805479864713,54.49130674937056,28726000
20190702,55.14887619018555,55.1746836077292,54.49974542749203,54.70172936180596,19832000
20190703,55.66152572631836,55.91860029992848,55.278401464507844,55.45457796842676,15340000
20190705,56.158302307128906,56.222324844227884,55.39155395431283,55.47393625735853,25286000
20190708,55.4019775390625,55.8798918251512,55.14689076046542,55.83969268415039,24728000
20190709,55.822818756103516,55.98137761096042,54.9463927033707,55.17616806134396,26608000
20190710,56.599491119384766,56.677409372431164,56.12753269944306,56.13994040220962,24190000
20190711,56.784603118896484,57.224306053867195,56.55482776100763,56.73696011510128,23910000
20190712,56.818851470947266,56.93994490519269,56.51512966113453,56.773692275454636,17280000
20190715,57.08882141113281,57.112644806390485,56.54589638049259,56.91611694071192,18076000
20190716,57.24961471557617,57.497753613040786,56.823807519395906,56.87343454162901,24776000
20190717,56.890811920166016,57.48683982590885,56.862028471494924,57.12009128536963,23400000
20190718,56.88981628417969,56.9530891308107,56.214878153921035,56.662024949189835,25814000
20190719,56.0843620300293,57.12852879996483,56.060538632997535,56.98212773994733,32944000
20190722,56.479896545410156,56.538459243804475,55.79354641524048,56.25061716341832,26030000
20190723,56.88386154174805,56.91810483275756,56.16872425853041,56.774183809475566,21874000
20190724,56.46698760986328,56.77418522619384,55.93001462753775,56.17368949866682,31796000
20190725,56.184608459472656,56.660042743377936,55.62877967581696,56.467486690097324,44196000
20190726,62.055084228515625,62.80644892856819,60.744414888025425,60.74639890914397,96116000
20190729,61.50917053222656,61.904206497577476,60.95433001842405,61.590560822079084,44474000
20190730,60.80098342895508,61.283861556588356,60.7096692451428,60.8143831427052,29066000
20190731,60.38113021850586,61.240684534568935,59.93864813305677,60.69477968279282,34510000
20190801,60.000484466552734,61.2461428396799,59.837207884444524,60.24961538391832,33970000
20190802,59.25507354736328,59.89576836323222,59.00445083735113,59.59005878761747,32902000
20190805,57.18708419799805,58.32455281732078,56.58261669049881,58.06648624267355,51950000
20190806,58.0620231628418,58.55879697306576,57.56822538376678,57.73249397333079,34188000
20190807,58.26251983642578,58.4836094205948,57.053289453906565,57.36971426618547,28886000
20190808,59.79154968261719,59.80196957760071,58.21437817255088,58.70122429060199,29360000
20190809,58.95830154418945,59.74589343170104,58.739589755917585,59.45358734544703,21314000
20190812,58.298255920410156,58.806941476274794,57.948973574855245,58.52157943942413,20060000
20190813,59.4178581237793,59.79056252454037,58.13696811555186,58.13696811555186,25888000
20190814,57.781131744384766,58.67492935581998,57.59502755861387,58.37765563476223,31574000
20190815,57.928524017333984,58.35433123671482,57.67294124192365,57.74192382888701,24374000
20190816,58.441680908203125,58.69577568334873,58.154334850586785,58.538454937885376,26266000
20190819,59.47642135620117,59.900240805335685,59.0615337878949,59.0615337878949,24632000
20190820,58.694278717041016,59.35780493346073,58.66549527054799,59.31760579488977,18310000
20190821,59.11909484863281,59.50371091340738,58.92951484485984,59.2133888453167,14814000
20190822,59.03374099731445,59.45468284909438,58.49031614159272,59.25904853796673,18950000
20190823,57.13597106933594,59.25954364020348,56.96029055948105,58.65954390584143,33740000
20190826,58.00941848754883,58.0382019349265,57.21884676358638,57.43224637916817,24522000
20190827,57.957305908203125,58.679887033684366,57.640184418771184,58.587084840311114,21544000
20190828,58.1151237487793,58.383114224891315,57.43423355085018,57.65308922132062,16040000
20190829,59.19850158691406,59.35780634309758,58.61636564420114,58.61636564420114,21768000
20190830,58.962764739990234,59.47889411101704,58.74951658457373,59.47889411101704,22596000
20190903,57.9846076965332,58.902724772222435,57.727040878966534,58.413394768960984,29598000
20190904,58.630760192871094,58.73349007006451,58.11413477552133,58.397509000381646,21378000
20190905,60.118099212646484,60.20048150759092,59.13298749585021,59.13298749585021,28162000
20190906,59.798004150390625,60.14961884923402,59.678500967007274,59.95681669471074,21442000
20190909,59.77219772338867,60.54589390402892,59.18708575085717,59.751850151072006,29438000
20190910,59.85110092163086,60.04961279557025,59.28435253164168,59.31263997199341,25202000
20190911,60.554325103759766,60.674922512733126,59.66251538601309,59.72256608791625,26140000
20190912,61.25309371948242,61.63075815575841,60.69577316172808,60.75929590720306,34518000
20190913,61.5166130065918,61.58211976938112,60.893781930249766,61.109169347626434,26028000
20190916,61.106689453125,61.516616950660115,60.82430723926128,61.018355086680366,21066000
20190917,60.99999237060547,61.290314458421,60.72902584590422,61.062027101838694,19102000
20190918,61.16177749633789,61.3205862577097,60.37368953864647,60.918602408740334,22702000
20190919,61.47443389892578,61.75880013421897,61.14242465741862,61.14440867834019,19920000
20190920,61.038700103759766,61.70321839050031,60.69875098602754,61.19701286004842,45400000
20190923,61.2421760559082,61.49329101475808,60.75284606078018,60.843664241820754,21248000
20190924,60.484352111816406,61.87293943832305,60.0833603208991,61.53844641823913,31664000
20190925,61.862030029296875,61.95036818792988,60.054090847244254,60.33845710098279,29060000
20190926,61.6074333190918,61.786589645462605,61.154728223540516,61.635720761539886,30760000
20190927,60.798500061035156,61.7379528423924,60.27045898259754,61.687829813041134,27078000
20190930,60.496273040771484,60.84366603485259,60.16376777696534,60.59403908437005,28082000
20191001,59.80644226074219,61.10321571358501,59.73100781866637,60.49626814046876,25470000
20191002,58.39353561401367,59.40345896525037,58.12852117953433,59.40345896525037,32302000
20191003,58.94936752319336,59.010410240957455,57.68882139205727,58.56078340947227,32424000
20191004,59.9999885559082,60.12107819207989,59.01586880120381,59.15085794190588,23248000
20191007,59.934478759765625,60.456760884261065,59.7394426968768,59.77170196685433,16858000
20191008,59.013893127441406,59.85508399090553,59.00793727788576,59.433744551266486,20786000
20191009,59.66797637939453,59.96772631692372,59.435717222575214,59.52107554854005,17354000
20191010,59.983612060546875,60.297757538546065,59.42133144893541,59.482870173687076,16932000
20191011,60.32008743286133,60.962270303398405,60.23522510596829,60.65557248503451,25454000
20191014,60.403961181640625,60.860043679703296,60.13696648288434,60.165749932029854,17350000
20191015,61.68783187866211,61.90222350775951,60.56574691584611,60.56574691584611,27634000
20191016,61.71909713745117,62.26996584838922,61.461530329215066,61.596515691876775,21892000
20191017,62.18708801269531,62.69601967449946,62.03175507546024,62.08088609785055,19048000
20191018,61.810909271240234,62.4759197463978,61.59204980908252,62.20644124803805,27056000
20191021,61.843658447265625,62.264452597681135,61.568224110309316,62.14688422051665,20544000
20191022,61.677406311035156,62.06450240135809,61.60693570935776,61.9280290311206,20476000
20191023,62.487831115722656,62.52554644349272,61.65557222941775,61.65557222941775,18230000
20191024,62.58013916015625,62.72952003261534,62.219096575477366,62.575671326797526,20562000
20191025,62.78559875488281,63.00743425318063,62.03522614418525,62.085845181491635,24262000
20191028,64.01984405517578,64.48187862250542,63.1533418196026,63.297758858864796,52264000
20191029,62.66102981567383,63.60246661687388,62.39264178055414,63.33646395027355,37728000
20191030,62.59502410888672,62.995519916111114,62.133981589742454,62.182120598894436,28178000
20191031,62.53646469116211,62.91164908456663,62.07656185187581,62.5945275902726,29114000
20191101,63.212886810302734,63.25655798315248,62.55581626537712,62.77913975393475,33402000
20191104,64.08782196044922,64.22479511570099,63.34266315775771,63.347377100103145,30020000
20191105,64.12059020996094,64.46302314716876,64.08083406400027,64.16326937922462,25654000
20191106,64.10917663574219,64.20496245223339,63.64764181532116,63.99305081584397,23060000
20191107,64.95582580566406,65.69428297186461,64.23051467185299,64.2322487970933,40600000
20191108,65.08037567138672,65.4094126239267,64.7327328457393,64.77814571550945,25028000
20191111,64.47592163085938,64.83497639427907,64.38757969539478,64.67392993949373,20238000
20191112,64.4565658569336,65.01239459358614,64.30618919409372,64.51611677226106,21718000
20191113,64.41686248779297,64.72951236472149,64.19403120243683,64.2218226391682,16534000
20191114,65.08485412597656,65.35979248379357,64.3002419814828,64.392052173737,23870000
20191115,66.24664306640625,66.24714285795687,65.22480409594581,65.45607127710072,35652000
20191118,65.54341125488281,66.2793390562151,65.38459872749078,66.11511969377833,29748000
20191119,65.28336334228516,65.89080689654897,65.15135023415858,65.89080689654897,25384000
20191120,64.66748046875,65.26053612388678,64.07691619865,65.09874754847438,26172000
20191121,64.58311462402344,65.14093498063947,64.16872686416106,64.58956647833071,19910000
20191122,64.28485870361328,64.94937704184521,64.08982639929134,64.79503231551286,27714000
20191125,64.84812927246094,65.07740483821895,64.42331406740566,64.47542111790541,20724000
20191126,65.18856811523438,65.25060284005981,64.76872055072062,65.00543997186847,21394000
20191127,65.16078186035156,65.4272843315867,64.9940332337327,65.26053570496784,19912000
20191129,64.76228332519531,65.02257630347442,64.71315229668238,64.86948105016896,11740000
20191202,64.01587677001953,64.8054489796977,63.57319776100069,64.56575349452078,30218000
20191203,64.28187561035156,64.43974157818509,63.473936109556284,63.50222355249014,22876000
20191204,65.53548431396484,65.79652698230949,64.75781615355487,64.86402186902056,30750000
20191205,65.91213989257812,65.97308415851272,65.33198804096517,65.9056880393753,24254000
20191206,66.531982421875,66.69972302024907,66.17565386530907,66.17565386530907,26296000
20191209,66.67790985107422,67.46649761564638,66.39403582425842,66.4039635018308,27086000
20191210,66.73249053955078,66.99625927521282,66.30469932988669,66.5756620337067,21882000
20191211,66.75035858154297,67.05705639529288,66.63373299132144,67.03919263532063,17008000
20191212,67.01090240478516,67.28410661922929,66.5260440578028,66.79601477261926,25620000
20191213,66.88982391357422,67.15101044268953,66.6932922389307,66.89577597677577,30992000
20191216,67.55184936523438,67.72604184801332,67.1300101944443,67.32008241623066,27946000
20191217,67.25159454345703,67.7419202854571,67.06315800656236,67.63720639572155,37080000
20191218,67.12752532958984,67.517105224757,67.04713462541275,67.32504898518096,30452000
20191219,67.29725646972656,67.39948654593063,66.94712981762498,67.08782869287472,29398000
20191220,66.97715759277344,67.67442731849732,66.94787435433022,67.66003938132583,66300000
20191223,66.93994903564453,67.48386615638282,66.82431543778198,67.2888338503612,17662000
20191224,66.67790985107422,67.01041511005613,66.63919872388126,66.92307275069706,6950000
20191226,67.51362609863281,67.55963720400958,66.72306201385287,66.80742832804023,13350000
20191227,67.09129333496094,67.71859219401192,66.96325585084938,67.64216196411259,20768000
20191230,66.30966186523438,67.14638854673004,66.20444818383356,66.99750369067553,21018000
20191231,66.35333251953125,66.4019713183176,65.95953469090176,66.01040740618228,19236000
20200102,67.85955047607422,67.89776181434897,66.57816058411578,66.57816058411578,28132000
20200103,67.52652740478516,68.11412312479415,66.77635558434606,66.89129247252568,23728000
20200106,69.1915512084961,69.30519319306404,66.99750440375196,66.99750440375196,34646000
20200107,69.14837646484375,69.62728276362967,69.00147561904272,69.37666760347787,30054000
20200108,69.69329071044922,70.05358738047906,69.02430463002621,69.08583956646167,30560000
20200109,70.4630126953125,70.83522105043521,69.98856668958533,70.499739797411,30018000
20200110,70.95433044433594,71.21234401600526,70.38956605788671,70.84663295031501,36414000
20200113,71.42579650878906,71.48981525869341,70.77021391646954,71.2719515924114,33046000
20200114,71.01139831542969,71.55333132366744,70.88683664348807,71.41487393356586,31178000
20200115,71.42430114746094,71.53323297517342,70.97814636864022,70.97814636864022,25654000
20200116,72.04464721679688,72.0590427260816,71.50965829520423,71.83323541868478,23474000
20200117,73.46846771240234,73.51338079134683,72.36822222612999,72.60097359932806,47924000
20200121,73.66748046875,74.03720501969366,73.01239011455874,73.4054458415932,40734000
20200122,73.7444076538086,74.60117907976469,73.69378482934606,73.99503039104304,32216000
20200123,73.77913665771484,74.21933937263805,73.55333691999178,73.82827524843472,27024000
20200124,72.78956604003906,74.21809888383184,72.71710384500471,74.1235549915752,35692000
20200127,71.1612777709961,71.3682293216221,70.53100280630098,71.01736053217846,35104000
20200128,72.08732604980469,72.25805027670374,71.0903026227928,71.61288762604424,31548000
20200129,72.38858032226562,72.72604563015618,71.79850067980185,72.39701619770298,21554000
20200130,72.25010681152344,72.32156942112606,71.28534265039244,71.46201893995891,26788000
20200131,71.17765045166016,72.9592858732218,70.89476848081826,72.89824316075375,48344000
20200203,73.74391174316406,73.94540346854714,72.40644680609876,72.55582390226932,60736000
20200204,71.81487274169922,72.92802198108608,70.78410579974218,72.3111505470453,78660000
20200205,71.87245178222656,72.64714386938017,70.99552960009365,72.5766732572411,39724000
20200206,73.26202392578125,73.548374178957,71.93894702609819,71.97666614100454,33588000
20200207,73.41091918945312,73.7389566457978,72.77170845680672,72.8188554639676,23446000
20200210,74.87244415283203,74.91313929966732,73.16723874540432,73.16723874540432,28398000
20200211,74.8779067993164,75.91214968680356,74.72147961665152,75.02778368363181,26892000
20200212,75.34837341308594,75.46872472681238,74.84415949040542,75.16028520253177,23352000
20200213,75.16922760009766,75.79056696502592,74.66997368496737,75.07145776742543,18590000
20200214,75.470947265625,75.470947265625,74.80592930634975,75.21585673878974,23956000
20200218,75.41786193847656,76.01140988809834,75.06650087757531,75.18610251976317,22414000
20200219,75.76624298095703,76.03502479937897,75.5037085564664,75.68584470051003,18986000
20200220,75.34242248535156,75.91264676090906,74.7801418661208,75.53348673013704,21932000
20200221,73.70270538330078,75.0478637347588,73.47094603775304,74.84017010396849,34634000
20200224,70.55035400390625,71.31363404543069,70.04415610067947,70.77466950953685,57342000
20200225,68.90569305419922,71.37169458131049,68.60544709982997,71.11661160386016,49566000
20200226,69.14043426513672,70.2580590131553,68.43671263578089,69.28733511403237,44048000
20200227,65.41389465332031,68.07463352890882,65.3682318779085,67.59602251823664,59566000
20200228,66.46797943115234,66.55780559923728,63.076912851764526,63.39949420576608,75782000
20200302,68.93844604492188,69.02579596948837,65.84688724094975,67.07740421904745,48630000
20200303,66.57022857666016,69.98263154230152,66.10421833288184,69.45012629615694,48046000
20200304,68.8099136352539,68.8878356801187,66.65557734121802,67.45557700182988,38266000
20200305,65.4610366821289,67.43969621876708,64.76921918313089,67.00743712292649,51226000
20200306,64.43722534179688,64.82481374603758,62.5831309380827,63.377670885685355,53212000
20200309,60.32555389404297,62.270962276025045,59.5533456334903,59.81637230423026,67308000
20200310,63.54291915893555,63.580638273986885,60.48485383299144,62.531007914992486,52228000
20200311,60.3181037902832,62.57864945260726,59.358303408094095,62.01984088982192,52170000
20200312,55.330509185791016,59.24912070652456,55.250610698131744,55.880881864573276,84534000
20200313,60.53249740600586,60.533985421700905,55.441333110841626,58.51115871161663,74002000
20200316,53.81289291381836,57.184456166498244,53.32207493078379,54.39204904668074,85048000
20200317,55.57319641113281,56.12207733117726,52.40743724735232,54.24862765301197,77230000
20200318,54.43174743652344,54.913137492244836,51.47790034307881,52.43224458033451,84668000
20200319,55.349369049072266,57.46748167922218,52.61081069570766,54.24564765415218,73022000
20200320,53.21686553955078,56.77368866646518,52.87790844707976,56.36326517332851,72036000
20200323,52.43770980834961,53.167238830694636,50.299544890365645,52.67096099631564,80882000
20200324,56.30073547363281,56.32753490108742,54.12505208793588,54.77765865985945,66890000
20200325,54.714134216308594,57.0173590272589,53.89626705799337,55.9042097434777,81630000
20200326,57.65507888793945,58.063018570868294,54.269468414273796,55.17616974367751,71434000
20200327,55.122074127197266,57.105201415370466,54.883862890441534,55.86450684722796,64170000
20200330,56.91413116455078,57.15284218347833,54.415870376162985,55.83323740240344,51482000
20200331,57.70768737792969,58.328034728919434,56.48337220866736,56.93796292921503,49728000
20200401,54.86946487426758,56.064008185180604,54.464009027827835,55.682368160509604,46884000
20200402,55.62480163574219,55.92355957359399,54.41189855214233,54.50420474017717,39298000
20200403,54.4853515625,55.75879763078969,53.588577914784345,55.53423221494732,46268000
20200406,58.904205322265625,59.28832536945817,56.12604240903636,56.476415172043325,53294000
20200407,58.88386917114258,60.794042309763796,58.67146153480153,60.595530393941324,47746000
20200408,60.063507080078125,60.49973415811923,58.96574163061507,59.87591489713236,39502000
20200409,60.12157440185547,60.822319950809394,59.39130329128434,60.74837352629233,43508000
20200413,60.42479705810547,60.57120188397183,58.9378530490083,60.00891754163123,34796000
20200414,62.989070892333984,63.62629373229565,61.38609558099836,61.79105923957873,49408000
20200415,62.65359115600586,63.54639680397047,61.55830556692104,61.8168643906998,33434000
20200416,62.703216552734375,63.47393673790401,61.66847770670217,63.2307616555306,50362000
20200417,63.68485641479492,64.2396931977291,63.088332472351915,63.7642626917449,38980000
20200420,62.859046936035156,63.602967665943744,62.5989963266937,63.07691059844318,33910000
20200421,60.364253997802734,62.246635290421096,60.03522082368871,61.88583885354092,43060000
20200422,62.690311431884766,63.80212037823691,61.637705062447075,61.81338935311163,41848000
20200423,63.34043502807617,64.1841058371172,62.812397711164635,63.10420780735259,31324000
20200424,63.48931884765625,63.54340992025842,62.007433219341216,62.589069381237785,32792000
20200427,63.319095611572266,64.32505478894481,62.97765848800471,64.3176109242683,32012000
20200428,61.224308013916016,63.923064937095035,61.15135738104774,63.917112874248254,59026000
20200429,66.5746841430664,67.4932934908828,65.77369241327933,66.57369213251002,75872000
20200430,66.93099975585938,67.13745150028522,65.63223858566572,65.75085576369771,53378000
20200501,65.5389404296875,67.1002283446511,65.06201822300774,65.9305043144604,41450000
20200504,65.84613037109375,65.88881710460659,64.46647878714792,64.92454522500336,30080000
20200505,67.0525894165039,68.18559405293584,66.37517503225688,66.39800641716683,33030000
20200506,66.86351776123047,68.04565356900488,66.86302554225563,67.5776669129263,24308000
20200507,68.11711120605469,68.36723415296298,67.25904486151722,67.78857399589373,27952000
20200508,68.9017333984375,69.41736683214643,68.26203049727442,68.64168276478011,27738000
20200511,69.64069366455078,70.29925236930893,68.34500671216102,68.40099094167918,28242000
20200512,68.27493286132812,70.2233171954459,68.2267938483236,69.83225302845207,27812000
20200513,66.96424865722656,68.75839399205269,65.92553811831527,68.33993223098598,36252000
20200514,67.30174255371094,67.36576131657014,65.7027349940871,66.25409602126693,32062000
20200515,68.14838409423828,68.21240285196609,66.45160682826297,66.99751553947635,34154000
20200518,68.68187713623047,69.09800660874522,67.2084310697719,67.58063946679195,36448000
20200519,68.16301727294922,69.08187645582457,68.16301727294922,68.83359364694923,25612000
20200520,69.81239318847656,69.99602113426154,68.8461447400345,68.9617707495273,33108000
20200521,69.61785125732422,70.24762641097432,69.15383271208206,69.87591784135887,27700000
20200522,69.99602508544922,70.11215089301113,69.0734401890109,69.31562705418499,26188000
20200526,70.32355499267578,71.51363424986954,70.08087593520875,71.32852208461908,41212000
20200527,70.36425018310547,70.55779822298318,69.0466332245921,70.33497451808856,33716000
20200528,70.30916595458984,71.5056894741877,69.28038305713285,69.32306222043862,33844000
20200529,70.91413116455078,71.09527529947499,70.14143075973779,70.31959129075078,36418000
20200601,71.05805969238281,71.3627735097976,70.37220181427762,70.39155737771887,24342000
20200602,71.42529296875,71.44464853016092,70.41338179495615,70.99501792987367,25562000
20200603,71.28435516357422,71.78916731216457,70.95666609908642,71.37964117329044,25124000
20200604,70.08336639404297,71.41239538334152,69.71364181996523,70.98758015146403,29686000
20200605,71.38410186767578,71.71462305103132,69.77665892515819,70.13248773091102,34698000
20200608,71.79205322265625,71.86053981343585,70.58758582072802,70.58758582072802,28084000
20200609,72.2659912109375,72.8535870093647,71.62331232935081,71.73001024545158,28184000
20200610,72.74688720703125,73.16420553960302,72.27144918071639,72.43372996728506,30504000
20200611,69.6694564819336,72.18235479186507,69.57813852930127,71.58707290643284,39826000
20200612,70.13298034667969,71.31511590381038,68.7850957643645,70.89278454034343,38928000
20200615,70.46400451660156,70.70965960709182,68.87939287616906,69.02231809743643,30078000
20200616,71.5989990234375,72.20941865411798,70.76425629335561,71.72306848502453,34184000
20200617,72.01586151123047,72.45655642551151,71.03620965078113,71.81933744745595,30992000
20200618,71.26349639892578,72.03025218723975,70.81933326455314,71.91858666435199,31638000
20200619,71.0531005859375,71.85111632580816,70.53845911303557,71.66252829383174,63158000
20200622,72.05260467529297,72.09676807678245,70.63076578176296,70.91810807763375,30848000
20200623,72.6754150390625,73.24767629460953,71.72405436608534,72.24017995023671,28596000
20200624,71.06551361083984,73.22184181579237,70.95533985014164,72.53151600652656,35120000
20200625,71.5300064086914,71.60792087273813,70.47144803565568,70.96276578682838,24610000
20200626,67.48883056640625,71.1389521960982,67.09627458775486,71.03672210462665,85354000
20200629,69.2292709350586,69.26053819765389,66.84912724256009,67.40346423063545,36204000
20200630,70.15433502197266,70.40446556056989,68.68287289618227,69.00446605755029,40848000
20200701,71.36674499511719,71.61289991513983,69.96624572194462,70.02977225932447,35504000
20200702,72.6898193359375,73.59552492309368,71.78262194673063,71.8084293649478,37182000
20200706,74.22827911376953,74.76872034277596,73.09477466690498,73.45209531245898,31280000
20200707,73.7061996459961,75.27542397657523,73.62530156699184,73.9454029147021,29164000
20200708,74.24317169189453,74.73348992166684,73.72853027328489,74.1597973739932,24994000
20200709,74.98707580566406,75.56921170142904,73.85035312552148,74.76176829848744,28466000
20200710,76.51313781738281,76.61685970435279,74.26996742955905,74.7468897075301,37126000
20200713,75.00446319580078,78.26957123966294,74.70188483507263,76.92307216621413,36928000
20200714,75.46302032470703,75.580637938563,73.62282566269967,73.96079077385033,31700000
20200715,75.11859893798828,76.1950287339222,74.34242269053046,75.58956915725493,32214000
20200716,75.33497619628906,75.36921948776053,73.7622686009857,74.44167458672857,30386000
20200717,75.21337890625,75.60494282034573,74.36325630069322,75.514624440145,29134000
20200720,77.70321655273438,77.93001588763573,74.62033584382972,75.1989959832784,31146000
20200721,77.34092712402344,78.75879778961406,77.13546737568947,78.75879778961406,24324000
20200722,77.84068298339844,77.91562142240645,76.7295176794534,77.44415898564415,18640000
20200723,75.21983337402344,78.00842008565238,74.80852010920707,77.76524879984738,32552000
20200724,75.03076934814453,75.31692276526454,73.86600499047861,74.38859013167296,30880000
20200727,75.9404296875,76.47491880857832,75.1965052199925,75.21586078080796,24920000
20200728,74.45854949951172,75.75581901619748,74.32555194231135,75.6913080448492,34044000
20200729,75.53447723388672,75.99264218064526,74.5076782686986,74.75532496809936,22130000
20200730,76.00247955322266,76.32108911034089,74.05557933180364,74.29279858802568,33428000
20200731,73.59601593017578,74.88584145993447,72.16028157563557,74.69030939824232,68798000
20200803,73.1736831665039,73.96871510582815,72.73645649190581,73.77864289112706,46604000
20200804,72.70320892333984,73.72504780335576,72.38956703528302,73.27889301271779,38070000
20200805,73.13200378417969,73.56873075892366,72.6282820191465,72.91810813068028,39590000
20200806,74.44664001464844,74.56028958464269,72.75433824535169,73.03969650401996,39908000
20200807,74.16822814941406,75.27765172835954,73.53050931881228,74.441674690049,31556000
20200810,74.24812316894531,74.64390502378875,73.10569068546498,73.80544421227378,25786000
20200811,73.46500396728516,74.93795782578333,73.34987016783626,74.06649552807355,29088000
20200812,74.77021789550781,75.0563712798316,73.70966778362227,73.72604731602124,28740000
20200813,75.35731506347656,76.29031989824922,74.83895548496008,74.95483140195972,29104000
20200814,74.82528686523438,75.52851617139882,74.5845918402364,75.2188347793179,27096000
20200817,75.333984375,75.71264460300503,74.83720675165813,75.16971199026851,27566000
20200818,77.34986114501953,77.54191738954236,75.61834862268822,75.74092627547944,40542000
20200819,76.80048370361328,78.09824534388996,76.62281539764179,77.08732616213746,33212000
20200820,78.49874877929688,78.70321652137234,76.33746090855072,76.59800374525486,34138000
20200821,78.43274688720703,79.29130543886384,77.81661751847746,78.26450645623639,28930000
20200824,78.81884765625,80.10768122598317,78.44018743414891,79.10569011991224,28198000
20200825,79.8124008178711,79.98113347227084,78.51463149226906,78.51463149226906,44942000
20200826,82.00395965576172,82.34340896746689,79.58311342338612,79.80147688102969,79868000
20200827,81.1081771850586,82.13398416730115,80.68236994166742,82.06847361310274,37232000
20200828,81.60841369628906,81.74538685177795,80.930499563954,81.06648070908415,29980000
20200831,81.1007308959961,81.78484704441053,80.90867464516772,81.7811288983985,36468000
20200901,82.4173583984375,82.66648933389573,81.003463288517,81.22231897305689,36506000
20200902,85.77071380615234,86.01388511779149,82.69626874386255,83.06575101334117,50224000
20200903,81.48088073730469,84.84931647343939,80.15184424761775,84.84931647343939,62156000
20200904,78.95980072021484,81.64317416700418,76.80461610747956,80.60843141644293,52172000
20200908,76.04911804199219,77.61115585286062,75.83174659435686,76.10470091694928,52218000
20200909,77.26847839355469,77.86599434073611,76.23081268509105,77.29676962451178,35494000
20200910,76.03074645996094,78.61441844294171,75.72231454471562,77.45109322527088,32372000
20200911,75.469970703125,78.17369154691013,74.31065876290094,76.22828322154254,31942000
20200914,75.39849853515625,77.6178531535934,75.2228218092681,76.37740841728747,33932000
20200915,76.49823760986328,77.39799094518347,76.02156530540854,76.22826693094107,26622000
20200916,75.4788818359375,77.51858370906504,75.42528299034085,77.19799021836427,26234000
20200917,74.21983337402344,74.85348570171895,72.95283919517239,74.24316455011281,37596000
20200918,72.45606231689453,74.59070213973557,71.32157345578229,74.3429115679416,62078000
20200921,71.02529907226562,71.87889757556002,69.80396001684315,71.46698605352618,57776000
20200922,72.72752380371094,72.92900791116253,71.19253552871709,71.96474360829274,31664000
20200923,70.2337417602539,72.50421160632492,69.86104112150531,72.39602944720993,33148000
20200924,70.88285827636719,71.64806932025144,69.96772493414726,70.02628383570448,29004000
20200925,71.71016693115234,71.96028988277335,70.14093506164996,71.09825548008703,26460000
20200928,72.68087768554688,73.2903052771851,71.92559427191328,73.16177556082938,40158000
20200929,72.91959381103516,73.28351778090314,72.39725863958432,72.97220065731825,19564000
20200930,72.93299865722656,73.93299825620367,72.45061650998154,72.79403388769244,34032000
20201001,73.94985961914062,74.39403036798248,73.40991064795878,73.66102557767228,35590000
20201002,72.3781509399414,73.60793343449701,72.00594255705482,72.55731105816068,25682000
20201005,73.74787902832031,73.85656096292942,72.66847325622463,72.76475127438378,22266000
20201006,72.1310043334961,73.78460247967747,71.89030927530766,73.22976572591286,24908000
20201007,72.47096252441406,72.90123003409803,71.265503187501,72.66947063787708,34924000
20201008,73.74341583251953,73.9453997667534,72.70917297322893,72.70917297322893,23756000
20201009,75.197021484375,75.26153246196037,73.91811539674949,74.17865826502064,28706000
20201012,77.87344360351562,79.09975041795636,76.05806424927407,76.57568173719726,49652000
20201013,77.99899291992188,78.90817425978348,77.57815332220179,78.59700860840125,32020000
20201014,77.82034301757812,78.79324790537379,76.9493728939396,78.34192853764466,38586000
20201015,77.37617492675781,78.16898070470643,76.67642882945194,76.78163496039583,30800000
20201016,78.06498718261719,78.46797054879052,77.5682171923072,77.7096581745942,28694000
20201019,76.15928649902344,78.81635977044212,75.83124911574544,78.43472353680188,32142000
20201020,77.21736145019531,78.28783163248045,75.71562417619946,75.78411076251808,44834000
20201021,79.07244110107422,80.33398306141476,77.99651111116405,78.0808774349601,51366000
20201022,80.1652603149414,80.49578157780175,78.66004708287475,79.05954715718593,28672000
20201023,81.43919372558594,81.50668072441772,80.4223148935475,80.69824524177824,27516000
20201026,78.93049621582031,81.30221110756261,78.23818661340472,80.64563659384241,37066000
20201027,79.6158676147461,79.74415501457528,78.54986527950285,79.18956815347553,24580000
20201028,75.26648712158203,77.48633378593614,75.16723307327203,77.4064352993474,36680000
20201029,77.77864837646484,79.09229740527616,75.54539807737217,75.55135014014034,40062000
20201030,80.44713592529297,83.72207302133485,79.62579667717772,82.983116079283,86582000
20201102,80.6962661743164,82.42033495137787,80.19998832120534,80.80197208483241,50708000
20201103,81.89625549316406,82.46647970547528,80.2292616022844,80.98161437238764,33234000
20201104,86.8054428100586,87.90892191546988,84.66648653697001,84.87740613292816,71418000
20201105,87.51214599609375,89.01437540466563,86.87392737924584,88.38708404771462,41316000
20201106,87.4317398071289,87.96176108607659,86.36970565596054,87.04464374276087,33218000
20201109,87.49378967285156,90.2262939793129,87.34589680838995,88.87840159310154,45366000
20201110,86.37169647216797,87.49378141372907,85.22578813543656,85.9101541605865,52722000
20201111,86.98310089111328,87.55431710087656,86.717840356966,86.84861155123902,25280000
20201112,86.84068298339844,87.75532424241983,86.63026316716248,86.731009028004,24950000
20201113,88.18955993652344,88.38906762036554,86.57814880833777,87.22727953659363,29998000
20201116,88.40593719482422,89.2838512516731,87.7265312339121,87.92553912134699,24936000
20201117,87.84861755371094,88.58559041553403,87.69228882959717,88.1855906158277,22942000
20201118,86.6888198852539,88.01338862768735,86.65706040467028,87.604453131627,23470000
20201119,87.53943634033203,87.82082653054185,86.20370567882044,86.2719423645219,24998000
20201120,86.46102142333984,88.03968102584562,86.44464946545325,87.60345391853068,46270000
20201123,86.09724426269531,87.04216062074688,85.24662946823767,86.82876480752297,43232000
20201124,87.78559112548828,87.92058026741198,85.74142115251018,85.88087812758405,31560000
20201125,87.91214752197266,88.26500033701676,87.17319061042556,87.98460214757017,20916000
20201127,88.99203491210938,89.5285080394309,87.96226003823054,87.9945193053864,17698000
20201130,87.38162994384766,88.73770827948194,87.09676390951667,88.39621434880539,36476000
20201201,89.2357177734375,90.56227050804702,87.80991098470858,88.05804990630652,34738000
20201202,90.71710968017578,91.09924574920805,88.80758037007955,89.23571997872246,24440000
20201203,90.65853881835938,91.67243397990323,90.45407109667107,90.52156566366519,24546000
20201204,90.7190933227539,90.97566812482567,90.17319222758387,90.54688484704663,27564000
20201207,90.2967529296875,90.93645574613187,89.61685476131255,90.27292953534432,26418000
20201208,90.25060272216797,90.41685912728639,89.14167136413829,89.83124734969482,21926000
20201209,88.54240417480469,91.03074470282574,87.73248453794152,89.92603140192526,30152000
20201210,88.1056900024414,88.40246013178486,86.36821789177995,87.83124389303427,27256000
20201211,88.42530059814453,88.55830572922827,87.34490273535823,87.49676363827062,24414000
20201214,87.3478775024414,89.20048356188695,87.20668639374409,88.08931824492798,32004000
20201215,87.73049926757812,87.91164339523793,86.84613335692426,87.56425044108076,29646000
20201216,87.49378967285156,87.99006754102135,87.15036472168934,87.9841079053669,30270000
20201217,86.74440002441406,87.92971620476524,86.28584130099148,87.76723095121923,32494000
20201218,85.90618133544922,87.10221263566275,85.37070020103279,87.05605764981478,80328000
20201221,86.32108306884766,86.39453728320409,84.31760801337705,85.0377092098508,36568000
20201222,85.53347778320312,86.22354591256064,84.99129491834705,86.07590297119219,18734000
20201223,85.97418975830078,86.74887425044554,85.60991743632805,85.76227813643804,20676000
20201224,86.29527282714844,86.65011725167767,85.81189867689874,86.1042085774782,6936000
20201228,88.14340209960938,88.86985660913243,86.66673026679015,86.9297568995485,27860000
20201229,87.2813720703125,88.95482552720192,87.15085075792022,88.72405815229808,25988000
20201230,86.32852172851562,87.59775746786453,85.63770381564792,87.44465466205962,26122000
20201231,86.94192504882812,87.29180183899791,86.12505365283228,86.12505365283228,20238000
20210104,85.76872253417969,87.37715765401825,84.75681130832594,87.22281294628222,38038000
20210105,86.39800262451172,86.73299169369423,85.26127976412366,85.6079306360175,22906000
20210106,86.11859893798828,86.74936612076766,84.31760021238799,84.49775233587917,52042000
20210107,88.69725036621094,88.75431746516027,86.20593375919945,86.35531082845031,45300000
20210108,89.68782806396484,89.81834938402105,88.01661599818148,88.7334912479935,41012000
20210111,87.67839813232422,89.0478799376341,87.37070829111397,88.6386945524747,24194000
20210112,86.67741394042969,88.24019403993252,85.6233232197899,87.04317050163677,27140000
20210113,87.06698608398438,87.59477351168651,86.25358294239726,86.28187417200391,21882000
20210114,86.36128997802734,88.08982674605957,86.0248090799771,87.02828456551137,23590000
20210115,86.16326904296875,87.14639689560761,85.43671600067835,86.2625231023288,26844000
20210119,88.87640380859375,89.79030281440636,86.4247903078785,86.9602790123325,34692000
20210120,93.64266204833984,94.47690493351953,90.59700079890858,90.89129469400088,49806000
20210121,93.8585433959961,96.02280722888308,93.65308365003949,94.19353244147311,41278000
20210122,94.34490203857422,94.83621985435681,93.38758160649981,94.07839955108425,25442000
20210125,94.26300811767578,95.76076963604262,92.68137249950749,95.31859047067545,38546000
20210126,95.14836883544922,95.5334809106757,93.51090040107225,93.7389416358011,26262000
20210127,90.8580551147461,93.79651903837762,89.77666519340737,93.4258024315897,54966000
20210128,92.46202087402344,94.23472079571793,91.44614161229457,91.5106525806787,35462000
20210129,91.10370635986328,92.1726846562811,89.8362123934404,91.62132375858636,32252000
20210201,94.35978698730469,95.40405597386508,91.85755792611496,91.98857146290209,32044000
20210202,95.65805053710938,97.06003387787534,95.01189583982314,95.41238786442676,45474000
20210203,102.73299407958984,105.03720730426068,100.16773064017131,102.87840313083534,82364000
20210204,102.35086059570312,103.15383632518852,101.36922452703662,102.6744377708487,37046000
20210205,104.11909484863281,104.34291815901767,102.19998621432573,102.72951534871969,30702000
20210208,103.8664779663086,105.38692697497392,102.82875938280571,104.51164062545433,24838000
20210209,103.39997100830078,104.47292484394322,103.15332391938979,103.15332391938979,17798000
20210210,103.98905944824219,104.63372991225886,102.38658399549954,103.93100033477586,22710000
20210211,104.01437377929688,104.3190875718258,103.09278096474972,104.19402610698783,18914000
20210212,104.42230987548828,104.65606084760412,103.38112301012299,103.73446803117707,17114000
20210216,105.3051986694336,106.83274335243696,104.43472840713319,104.43472840713319,22676000
20210217,105.62330627441406,105.88881673739306,104.16474799837782,104.21834685346211,21418000
20210218,105.07195281982422,105.84291916966751,104.4024744477886,104.73398770644138,22432000
20210219,104.27491760253906,105.7334758207032,104.08980542953131,105.17467105151684,29148000
20210222,102.47541809082031,103.79253530976204,102.3394369378379,102.58062420310993,27350000
20210223,102.77218627929688,103.32553876597618,99.35580848769983,100.49675675125818,33348000
20210224,103.9786376953125,104.25705185046773,101.14787165501271,101.33149202258612,24966000
20210225,100.81190490722656,103.96426450631263,100.31215120065129,102.60296857758759,36568000
20210226,101.0848617553711,102.77964743707088,100.05260282370779,101.76277602805101,41670000
20210301,103.30072021484375,103.5493513322446,101.54340035380785,102.06051794114586,28090000
20210302,103.01933288574219,104.43521190472185,102.79204134384504,103.03670442654219,22692000
20210303,100.58113098144531,103.64852581463876,99.75184808714971,102.59105022064446,29684000
20210304,101.69180297851562,103.68435837482073,100.26152824244853,100.41538074708215,42360000
20210305,104.64216613769531,105.11710437828245,101.55903561555868,102.88434639138246,43904000
20210308,100.455078125,105.64812426106462,100.32802505738692,104.27443206746486,32948000
20210309,101.87095642089844,103.12852279691981,101.62926935019789,102.72951498133257,33946000
20210310,101.98658752441406,102.97765139857192,100.91164954542201,102.81685483464553,25372000
20210311,104.95136260986328,105.49379549871283,102.84764140601824,102.93101572867509,24782000
20210312,102.32850646972656,103.73495748612314,101.6153570721142,103.4739148948357,34516000
20210315,102.5553207397461,102.58360439664851,101.41487219976804,102.34737717387182,25962000
20210316,103.84712982177734,105.3875781726272,102.72951267357026,103.17566748070718,29832000
20210317,103.77566528320312,104.70370240170875,101.93546321311196,103.02876472611351,25980000
20210318,101.05308532714844,103.0024692034399,100.92057998943062,102.28286783600868,27228000
20210319,101.39949798583984,101.89080823044657,100.13299589289926,101.34242330468076,46298000
20210322,101.17070007324219,102.13348028588815,100.54936076831994,101.33199642788556,39096000
20210323,101.88385772705078,102.84375278509316,101.20196791810987,101.82132320572043,27340000
20210324,101.4917984008789,103.13696071838505,101.31785579766643,102.49974164241104,23080000
20210325,101.45706176757812,102.17715536104559,99.78807607148335,101.47939336231939,28378000
20210326,101.01983642578125,101.78609259385784,99.95135025094393,101.18410882027551,29870000
20210329,102.0322494506836,102.15532690786644,100.03075843514034,100.63919407485422,24596000
20210330,102.01189422607422,102.768222674311,101.4406779549868,102.11561611154833,20732000
20210331,102.6615219116211,103.88717728039907,102.07169220908598,102.18955970581162,29198000
20210401,106.09178924560547,106.34936361659216,104.0639987751281,104.1166056180529,33980000
20210405,110.44911193847656,111.03273971123632,106.78013474476542,106.84564529817908,43298000
20210406,110.40940856933594,111.05010340239878,109.91560700008995,110.29774303328874,27060000
20210407,111.6466293334961,111.91064798169064,110.43819405803684,110.47789719219672,25798000
20210408,112.42876434326172,113.35009968336031,112.0436522746149,113.05010362170559,27166000
20210409,113.44316101074219,113.59998953817454,111.84683440193864,111.99502259379396,20888000
20210412,111.90023803710938,112.91909339865406,111.09006079216573,112.46897052864345,31318000
20210413,112.51958465576172,113.01287887576844,111.96474035408396,112.23174260920688,23310000
20210414,111.90270233154297,113.05158667158682,111.62231173029588,112.91114526151502,20220000
20210415,113.97814178466797,114.47129212057,112.45655683858433,113.00146588563129,27472000
20210416,114.03272247314453,114.46348970368952,113.37217990505138,114.29277305702684,22596000
20210419,114.26301574707031,115.05953958182683,113.54068066554962,113.74589052815423,24688000
20210420,113.82777404785156,114.6203297949644,112.7399323890532,114.53546368191472,21774000
20210421,113.8108901977539,113.9116360461608,112.0878135973065,113.41188241825846,23930000
20210422,112.5518569946289,114.33061518394537,111.98262468945757,113.80793164796238,21096000
20210423,114.90321350097656,115.42529878435529,113.06251908106013,113.3235617227495,28670000
20210426,115.47093963623047,116.19154051966318,114.83074460174834,115.13297457325584,20834000
20210427,114.49726104736328,116.00246659500257,114.35582003906823,115.93051175718163,31972000
20210428,118.10966491699219,121.7060892192107,117.85854995111147,119.46127545090711,59728000
20210429,120.59005737304688,120.91908679997171,119.21983344543095,119.61934105132906,39554000
20210430,119.60890197753906,120.45357230680484,119.21386981598272,119.3295033916252,39142000
20210503,118.86698150634766,120.0843525320312,118.33745237153194,119.24167370808205,33788000
20210504,116.83621215820312,118.07739897884774,114.72454752284926,117.60494453426084,35120000
20210505,116.95977783203125,118.22330377623746,116.69526696192773,117.53942996667035,21806000
20210506,118.18112182617188,118.24861640060404,116.24504302548796,116.65705298910346,20618000
20210507,119.04167175292969,119.92107766726444,118.61040467097602,119.10668251478764,23272000
20210510,116.21138763427734,118.01486249439213,115.86747051099375,117.86051779633932,26006000
20210511,114.57865142822266,115.23571829072367,113.30023765378381,113.73994062801565,32110000
20210512,111.1205825805664,113.41785164494686,110.67244374509713,112.2436595911745,34934000
20210513,112.25656127929688,112.98265992012453,111.30122492605189,112.21288252912433,26670000
20210514,114.94587707519531,115.19302396371116,113.31610248358523,113.73843385961295,26624000
20210517,115.20643615722656,115.30221438690029,113.89576318362138,114.60643643618464,19842000
20210518,114.31411743164062,116.28533289649488,114.30071393282655,115.97545460555104,17302000
20210519,114.57615661621094,114.97565662278348,112.33347856164839,112.37714973720954,19350000
20210520,116.92752838134766,117.1384479886681,115.19055585240159,115.53547260371138,23832000
20210521,116.38211059570312,117.56821430047131,116.24662923261403,117.41883721879363,22832000
20210524,119.43769836425781,120.02380235127843,117.12702591557014,117.46895903309165,21244000
20210525,119.55679321289062,120.73892879466808,119.2550554663994,120.09922599206325,18838000
20210526,120.77070617675781,121.23790526242564,119.72777751242761,119.74365725313439,21856000
20210527,119.23125457763672,121.09179674425488,119.20593937879994,120.93993584163064,38962000
20210528,119.68038177490234,120.50320522425173,119.4883179494514,120.19650739692102,24108000
20210601,120.58609008789062,120.99110297580962,119.34887128149819,120.19849417780077,19166000
20210602,120.16275787353516,121.19104102421886,119.31511148753522,120.85903558806432,17158000
20210603,119.33545684814453,119.5902975008336,118.2545668756939,118.85952661366748,18346000
20210604,121.67540740966797,121.77957607490026,119.98855808129123,120.22429307319887,25948000
20210607,122.3865737915039,122.48136758049505,121.1450386821504,121.65357653961168,23850000
20210608,123.21834564208984,123.79625609948549,122.49328444293478,123.07194458762119,25060000
20210609,123.64265441894531,124.3175925496638,123.44067049945049,124.04463823713085,20126000
20210610,125.14141845703125,125.22380075791295,123.7716868104201,123.77218660193203,31234000
20210611,124.76077270507812,125.40891141702494,123.9845889238439,125.30618154477034,25240000
20210614,125.41139221191406,125.47045091033763,124.11610675138665,124.7339778092754,22550000
20210615,125.09476470947266,125.91759571465805,124.7131284513778,125.5801304249436,22182000
20210616,124.76077270507812,125.58161210010309,123.22573124814696,125.30766577409084,26316000
20210617,125.43025207519531,126.2496072479246,124.58062165310768,124.5885653090799,25756000
20210618,124.63272857666016,125.44811570686733,123.67540823030943,124.7697017407003,53306000
20210621,125.51361846923828,126.0910366516317,124.20269571115179,124.8039372873605,26256000
20210622,126.0540771484375,126.32256365350482,125.08832085311246,125.50866826278053,20984000
20210623,125.52008056640625,126.84464168187691,125.31213700392834,125.60792271224543,19694000
20210624,126.33447265625,126.58608740490347,126.01487111332045,126.10767331468526,18934000
20210625,126.04960632324219,126.55580424775395,125.50270568137634,126.01188720972765,33484000
20210628,125.87542724609375,126.38906908971903,125.03601974956315,126.05457980232319,28110000
20210629,125.08037567138672,126.05456777137601,124.50319977401574,125.82876045189262,20950000
20210630,124.38311004638672,124.86350814875675,123.82876551564229,124.71814454004452,24006000
20210701,125.42778015136719,125.52108214804063,123.92033308783375,123.92033308783375,17120000
20210702,127.76074981689453,127.88880244491926,125.82526955688022,125.89524793272744,21160000
20210706,128.80494689941406,128.91761203217695,127.45308646784872,128.4858375638429,21350000
20210707,129.10914611816406,129.66735260804575,128.7940048792825,129.3706885083143,16680000
20210708,128.21536254882812,129.06449317652755,127.0868181774975,127.29526152692544,19780000
20210709,128.60992431640625,128.88288626837476,127.9836248324272,127.9846244156725,15106000
20210712,129.592041015625,129.7965163396776,128.63522795938133,128.86697978581287,16944000
20210713,130.0193634033203,131.05906625660924,129.66451136101003,129.9071980501257,16618000
20210714,131.09922790527344,132.00592537663516,130.91609219071105,130.91957558587723,17912000
20210715,130.289306640625,131.60792330009033,129.62579551846136,131.51362929765733,16586000
20210716,130.86399841308594,131.19897988108596,129.84761938532512,130.66102248243504,14856000
20210719,128.29177856445312,130.26993810726304,127.58012092886482,130.1791275094,25710000
20210720,130.12554931640625,131.0186919827376,128.2266897207231,129.0362157442271,19084000
20210721,131.6133575439453,131.629986969016,129.62924601315362,129.8133661594052,14742000
20210722,132.33596801757812,132.51065273060368,131.41436757780724,131.66250650083572,13608000
20210723,136.79005432128906,137.77517375543397,133.69775313433536,134.2530821264453,26378000
20210726,138.6049346923828,138.67292148132793,136.62627529640977,137.22081514644972,23052000
20210727,135.7781219482422,138.96869983262025,134.09426389918332,138.96869983262025,42164000
20210728,135.36624145507812,138.63621102287615,135.33498176489556,137.5305054990594,54688000
20210729,135.52403259277344,136.13049168789192,135.12453260498444,135.36532608083013,19284000
20210730,134.21435546875,134.76061242377017,133.8105845243994,134.50220507746448,23954000
20210802,134.9771728515625,135.00793275281947,133.6669918875362,134.47592731143425,20140000
20210803,135.26548767089844,135.3205707554601,133.18459806780936,134.9875732904457,19064000
20210804,135.01585388183594,135.52155199803,134.40691096006853,135.2352017649398,16528000
20210805,135.9205780029297,135.93049810751398,134.59055701913545,135.01586446484032,11866000
20210806,136.01585388183594,136.05957806717294,135.03371811088556,135.2803727982421,13560000
20210809,136.97467041015625,137.29179571182735,135.4131399118757,135.92951543890544,12374000
20210810,137.06845092773438,137.5200655428445,136.20493240279666,137.0515791788081,16034000
20210811,136.6644744873047,137.8141008472948,136.32750903110934,137.2535620141227,15204000
20210812,137.35928344726562,137.38757467734743,135.76078351204964,136.6878210887664,14646000
20210813,137.3756561279297,137.6416512145234,136.97764036321507,137.32750954817215,12580000
20210816,137.88186645507812,137.9558053111823,135.15209598719215,136.97268508047947,18040000
20210817,136.2783966064453,137.6858398225813,135.7692150619872,137.16225519517317,21272000
20210818,135.5533447265625,137.2645098535987,135.40545186150632,136.0947704339761,14934000
20210819,135.89427185058594,136.42876103166415,134.3483712047834,134.4590371662506,18296000
20210820,137.4064483642578,137.58263247691931,135.45111216127714,136.0625238889608,15564000
20210823,140.0491180419922,141.118596222067,137.71507638215348,137.96376053873252,21090000
20210824,141.3384246826172,141.94289975608652,140.3012059161673,140.48979390010297,15126000
20210825,141.8858184814453,142.24612270313696,141.3791207916212,141.81931592417553,12838000
20210826,141.0649871826172,142.06925006619173,141.03372749552045,141.5567971724876,14922000
20210827,143.47442626953125,143.93149319224364,140.96276182088488,141.05457200960822,24562000
20210830,144.38658142089844,145.39899249183404,143.52356258601995,143.62727690399632,16916000
20210831,144.37911987304688,145.02427491748853,143.9205536390546,144.79847519549264,26756000
20210901,144.7563018798828,145.7275179837796,144.5305021248187,144.56572985506747,15824000
20210902,143.1453857421875,145.23571084857772,143.03373534126945,144.86300266678276,21844000
20210903,143.69723510742188,144.29475856360895,142.43670036333523,143.07291979778907,19104000
20210907,144.43569946289062,144.73843680455298,143.46498321012623,143.671927181134,15170000
20210908,143.804931640625,144.4674582777872,143.12651769194417,144.31112955567522,15486000
20210909,143.83470153808594,144.58507028810155,143.35877888997834,143.80492608218663,14798000
20210910,140.864501953125,144.9319871932157,140.6863338441148,144.36077090628712,32896000
20210913,142.39700317382812,143.11759656902206,141.22331087777422,142.1349760961205,20176000
20210914,142.3384246826172,143.65007434077057,141.8416471243112,143.08779381183342,18916000
20210915,144.125,144.4977080841973,141.19696445910247,142.688781233515,20648000
20210916,143.2987518310547,144.1190915232704,142.3487238016389,144.04068482915795,20292000
20210917,140.41041564941406,143.17567157140752,140.0114002289158,142.72802491598856,60040000
20210920,137.9821014404297,138.3250341287408,136.03271774080557,137.96542657889054,34918000
20210921,138.60691833496094,139.76334498733954,137.87143728445002,139.07392048051722,18130000
20210922,139.8893280029297,140.529515568139,138.43349574114248,139.00793799713549,22068000
20210923,140.7707061767578,141.1934843736055,140.0461296231635,140.55531117351342,17272000
20210924,141.57119750976562,141.8396915898963,139.80196570399485,139.8967595018027,14950000
20210927,140.4476318359375,141.4391879578278,139.45407654789338,140.5314907980103,18844000
20210928,135.17019653320312,138.56721865508587,134.68979090269482,138.05306952694917,42190000
20210929,133.51956176757812,136.37564279669823,133.25058308968454,136.08898967527412,26338000
20210930,132.27345275878906,134.58064225838746,132.00992627627642,133.32505973081584,35294000
20211001,135.44662475585938,136.0506001030267,132.38459893425915,132.56028322993208,28388000
20211004,132.7692108154297,134.68980364581515,130.1900593467162,134.68930385428592,31530000
20211005,135.1632843017578,136.33946059887023,133.00248820773746,133.00248820773746,24126000
20211006,136.3314971923828,136.82579101308863,133.48533589520042,133.62330864718834,19764000
20211007,138.1493682861328,139.11110354855242,137.53150476011479,137.82927451168456,18250000
20211008,139.0133819580078,139.27244057282317,138.39139895928017,138.8645046599292,18924000
20211011,137.81387329101562,139.7157617186635,137.77317814616356,138.75928193526627,16584000
20211012,135.6952667236328,138.65507767555934,135.2357159726475,138.59799542329478,22536000
20211013,136.87344360351562,137.51861398345685,135.95682580181128,136.72456628632924,16380000
20211014,140.35928344726562,140.59700246627008,138.30171750397628,138.9101455206981,21426000
20211015,140.6203155517578,141.1414011758704,140.01435624754504,141.1414011758704,21250000
20211018,141.896240234375,141.9342092421769,140.162251533837,140.162251533837,16564000
20211019,142.7513427734375,143.03420961917612,142.03073429668837,142.22478970678895,15316000
20211020,141.35479736328125,143.17391718679707,140.85555111093032,143.14885188684437,17940000
20211021,141.7175750732422,141.78606164613012,140.5825789965514,141.13345518311783,14850000
20211022,137.59303283691406,140.50469714101166,136.14936227881165,139.30618190197518,30182000
20211025,137.73989868164062,138.1694769904823,135.73047965462786,137.77712557076532,21082000
20211026,138.63221740722656,139.79102178403178,137.97067524865412,139.5592699957883,28258000
20211027,145.3374481201172,148.00790989234184,138.8610134066124,138.8610134066124,51850000
20211028,145.04115295410156,146.32701041121462,143.68582448151446,146.20244117156471,32418000
20211029,147.1667022705078,147.5066664845486,144.08582106977636,144.43668982491883,28954000
20211101,142.70370483398438,147.29477472394305,142.5106489949172,147.06200817568674,32272000
20211102,144.77716064453125,145.82678346555483,143.56425744094022,143.73139984906697,21150000
20211103,145.6972198486328,145.81683660263266,143.9736511659985,145.18605435556503,17886000
20211104,147.57615661621094,148.83372298167316,145.54339843956512,146.10419482875912,24700000
20211105,148.1300048828125,149.44986347878043,147.54538508335918,148.24167042985454,20408000
20211108,148.2396697998047,149.91013954917986,148.00988687699157,148.8833406552989,18388000
20211109,148.137451171875,149.25902879276143,146.40891460514234,148.63124519998087,16876000
20211110,145.53445434570312,147.59300446101062,144.24312954319677,146.90789639812078,22708000
20211111,145.65554809570312,147.39673073423694,145.60244903745374,146.01186912919812,12464000
20211112,148.53147888183594,148.7438902735577,145.36373971108793,146.7309875398989,17048000
20211115,148.2759246826172,149.35682241975042,147.54589578035853,148.88336834080127,16248000
20211116,147.9662322998047,148.71710090262894,147.24563894683004,148.06002650806823,17254000
20211117,147.95233154296875,148.51214348862283,147.45705328506816,148.118095732704,15290000
20211118,149.58706665039062,150.48136024573412,147.8893052064059,148.0356986810806,26658000
20211119,148.8362274169922,150.71960876735267,148.7717088648428,149.87593025419935,19766000
20211122,145.98361206054688,149.6223216729872,145.91114228678347,149.02405605058343,24608000
20211123,145.66452026367188,146.59454156629866,143.81091436846137,146.01787292723768,18126000
20211124,145.6252899169922,145.9056881142698,144.11810038473118,145.2605329664016,16464000
20211126,141.74290466308594,144.2153581696764,141.4247949329026,143.93595956453348,16992000
20211129,145.02626037597656,145.76869301946053,143.2242698340789,143.2242698340789,26276000
20211130,141.3915252685547,145.5369321292023,141.0083972344099,144.3674654962989,41590000
20211201,140.56373596191406,145.4085480522127,140.44661815649198,143.13891917791497,28476000
20211202,142.70619201660156,143.598001877439,139.9324852418643,140.76822757833486,21250000
20211203,141.4595184326172,144.13197933473333,140.09922226334348,143.41982187599402,26688000
20211206,142.72601318359375,143.27688941041777,139.59996893105446,142.50518107562021,22198000
20211207,146.9344482421875,147.19599062711455,144.61782395932084,144.86347903393525,23258000
20211208,147.6133575439453,148.04610120845575,146.1041691254686,147.22724593567776,18964000
20211209,147.00343322753906,148.49126695091977,146.43073280187977,147.07290423966418,18580000
20211210,147.56822204589844,148.28781584283692,146.26052506185502,147.99006124835097,21634000
20211213,145.6123809814453,147.45655110481894,145.27044785663702,147.3389335007413,24104000
20211214,143.89129638671875,144.35928299228624,141.18359252577474,143.69228849037063,24778000
20211215,146.2714385986328,146.41907398342383,141.64315712757917,143.29128780502376,27280000
20211216,143.76026916503906,147.44562566406887,143.019820486314,146.97465547461675,27400000
20211217,141.73992919921875,143.3846977519663,140.73248574286316,141.6520870481512,43404000
20211220,141.34140014648438,141.54884388782773,139.2059124504081,139.63231028159606,20264000
20211221,143.1468963623047,143.61492845815732,140.67989483839312,142.08435461073574,19548000
20211222,145.8550567626953,146.2064101742013,142.89127813210706,143.02726685066872,18438000
20211223,146.047119140625,147.46657244341813,145.8568954657204,145.9945047260853,13818000
20211227,146.9617462158203,147.32155064609307,146.15381057001778,146.365722157692,13256000
20211228,145.35781860351562,147.26997589213676,144.84913675445682,147.26997589213676,18624000
20211229,145.41387939453125,146.0880678931373,144.42132368421687,145.3394407452973,17022000
20211230,144.91563415527344,145.96774090576082,144.67344726278995,145.3597974343594,12978000
20211231,143.6024627685547,145.27541644485942,143.6004787476641,144.4605290859402,17298000
20220103,143.9945068359375,144.4664766151235,142.43421833382604,143.39996697611252,25214000
20220104,143.34141540527344,145.51858292940094,142.7455276238929,144.46697616614875,22928000
20220105,136.62876892089844,143.2238059713416,136.49973183392765,143.1076725930679,49642000
20220106,136.5270233154297,138.6461394172011,135.7453947927287,136.47392425130153,29050000
20220107,135.98460388183594,137.22554087698705,134.778152503971,136.87839777913192,19408000
20220110,137.54241943359375,137.6079224155674,132.14936582642554,134.0932822986299,34096000
20220111,138.9751739501953,139.28484782473163,135.7950305964755,137.15184349802993,23502000
20220112,140.593505859375,141.75108348126514,140.06150055892317,140.50071124338535,23642000
20220113,138.0952606201172,142.11958197417889,137.879880763518,140.7845933770484,26566000
20220114,138.7458953857422,140.14937069048963,136.47641759982045,136.47641759982045,23826000
20220118,135.27590942382812,136.36871118932217,134.60743067217714,135.5831146211295,27382000
20220119,134.6421661376953,137.36922579670656,134.49130481145914,135.91910329249404,20796000
20220120,132.5126495361328,136.88535636168234,132.15334482556878,135.49776833785978,21930000
20220121,129.12353515625,133.7572836455229,129.03322435158418,132.0217956182451,41920000
20220124,129.40145874023438,129.80494193976503,123.71407369385679,125.08930303836267,55148000
20220125,125.79203796386719,128.37566484254896,125.43720112277326,127.47938717730084,36008000
20220126,128.27789306640625,131.81882492229508,126.20692371706731,129.6203178710907,39630000
20220127,128.15977478027344,131.62275428424127,127.98509008213493,130.38308964820584,30248000
20220128,132.29725646972656,132.37764718012906,127.73646186739235,129.03223956330555,30518000
20220131,134.68832397460938,134.832248794696,131.28931739538163,133.1989906027417,34056000
20220201,136.85205078125,137.17116002365978,133.56645234516188,136.80888697769672,51204000
20220202,146.9344482421875,150.96770473418934,144.47389916437257,150.7329542004949,89750000
20220203,141.5885772705078,148.00764287616684,141.14639802758822,144.21339178586584,56930000
20220204,141.95132446289062,143.45925581073507,138.7766341064289,141.95230890057064,49224000
20220207,137.9036865234375,142.77563853453933,137.66646732208125,142.63916517544968,44610000
20220208,138.17666625976562,138.7961200600047,135.85408935255396,137.95657622223416,34256000
20220209,140.39999389648438,141.11711907339395,139.3319998922577,139.80122845046282,28628000
20220210,137.57069396972656,140.37814417291187,137.02231664149514,138.46151936934115,33018000
20220211,133.13148498535156,138.24636609850344,132.29624255735817,137.71708692515332,38808000
20220214,134.29278564453125,135.15283598369206,132.30965831855778,132.37267748599484,26792000
20220215,135.40989685058594,136.87340744199346,134.53049103791437,136.44810004456917,26578000
20220216,136.4639892578125,136.91907211715204,133.81997117282248,135.41485121760454,25610000
20220217,131.3235626220703,135.82082332712238,131.21784913590878,135.1364572384145,30968000
20220218,129.4962615966797,132.8277811560627,129.3370098366061,132.04713705513697,31858000
20220222,128.4391632080078,130.91882547825418,126.79003316584843,129.01733104431148,38906000
20220223,126.63522338867188,130.76821937820853,126.55433288244461,130.10272420237408,26432000
20220224,131.6858367919922,132.04664086080683,123.8357243895979,124.06946781385389,43166000
20220225,133.51806640625,134.38110017331934,130.78407102864236,132.53146299672804,26236000
20220228,133.8868408203125,134.63075782305722,131.83646870873483,132.292293746533,29676000
20220301,133.16920471191406,135.09773354018446,132.3855770645595,133.47887855867887,24640000
20220302,133.74835205078125,134.60591851870706,132.43917096499558,133.6061689449605,23966000
20220303,133.30816650390625,135.6960643904196,132.43769626582628,134.96623245822585,19780000
20220304,131.13844299316406,133.19999228219936,129.4376977705169,132.38957270479813,24446000
20220307,125.52306365966797,130.922076997255,125.4689725835447,130.922076997255,39178000
20220308,126.33099365234375,130.2694566477041,124.9237928357571,125.31064659792504,35250000
20220309,132.86947631835938,133.19950537309927,129.11960050686272,130.42183024453882,32258000
20220310,131.69427490234375,132.544389967668,130.42280530507844,130.4838404498871,24266000
20220311,129.50418090820312,133.20095673609262,129.32651261001283,133.0019488562682,26600000
20220314,125.79749298095703,130.05059757638782,125.47193939245228,129.60096695902467,30254000
20220315,128.69525146484375,129.54560874153086,125.62576717459112,126.79053113169546,30292000
20220316,132.6952667236328,132.77515763916549,128.2391862057771,130.02478981722507,32058000
20220317,133.59848022460938,133.7364529709757,131.73098654036724,132.32851000495455,23994000
20220318,135.78309631347656,135.89426205846607,131.94241069527084,132.8873195276815,45900000
20220321,135.46250915527344,136.55829449037427,133.60940336052556,135.8287654682813,26632000
20220322,139.2332000732422,140.44660280297688,135.48382531877277,135.48382531877277,29776000
20220323,137.47242736816406,138.9826004436537,137.1379456820029,138.10270990614384,25302000
20220324,140.26002502441406,140.34389912974618,137.01178901991855,138.23571788850012,20544000
20220325,140.46798706054688,140.90273002012466,138.65954419086196,140.69875446953787,19270000
20220328,140.89328002929688,140.919587238595,138.78723420122037,139.6371978702013,23774000
20220329,142.18360900878906,143.08932217486515,141.42330489437506,142.09478241905902,28678000
20220330,141.5825958251953,142.41237084004507,141.10964163515865,141.80641153610736,21046000
20220331,138.6099090576172,141.58260845238024,138.57963380751463,141.38806838856462,29516000
20220401,139.65257263183594,139.900711536706,137.76373940912654,138.96770683116304,23480000
20220404,142.5731964111328,142.9714545740898,139.77616584401008,139.77616584401008,19076000
20220405,140.01287841796875,142.52105934769244,139.89426123507653,142.33198670836325,19256000
20220406,136.15478515625,138.80739027691357,135.4025384821329,138.12550817723823,23574000
20220407,135.4490966796875,136.67640282921894,133.85332304271896,135.60095756573014,19448000
20220408,133.01287841796875,135.23570875849643,132.7568034193475,135.23570875849643,16434000
20220411,128.83023071289062,131.94953525041362,128.65256242035963,131.91062724227177,24188000
20220412,127.4188232421875,131.4376768015056,126.62626754817043,131.4376768015056,23004000
20220413,129.31613159179688,129.68313009968674,127.48248697522654,127.66898497894705,19542000
20220414,126.30567932128906,129.7371947398729,126.16523791028946,129.67690171095137,23484000
20220418,127.0084228515625,127.75383923532786,125.63616941632264,126.46152973079842,14918000
20220419,129.5592803955078,129.92924725515346,126.50269955944287,127.12353902620332,22720000
20220420,127.29080963134766,130.94142357309352,126.94197783255301,130.30668827785922,22610000
20220421,124.0074234008789,129.3374424756781,123.72206516169979,128.38708133094494,30158000
20220422,118.72354125976562,124.51808574881939,118.25357067684581,124.06944717473083,46410000
20220425,122.33248901367188,122.36028045188054,117.88509406779022,118.54042678238903,34522000
20220426,118.61634826660156,121.83620195877269,118.27476349821964,121.83620195877269,49394000
20220427,114.16424560546875,116.62528712088584,112.28211410279226,113.52156674047187,62238000
20220428,118.5225601196289,119.54191521421045,114.28672854739176,116.24315487819466,36790000
20220429,114.11066436767578,118.07443566587558,113.84019382407962,116.7027273830536,33694000
20220502,116.28483581542969,116.46597994119503,112.5553083971859,113.05853784970085,30280000
20220503,117.25010681152344,118.4118949240734,115.75878948827263,115.89576265591572,21216000
20220504,121.66251373291016,122.22628616656112,114.8769121003977,117.12505018898763,33232000
20220505,115.87740325927734,120.33075791991476,114.32505073378451,119.32554082473231,43090000
20220506,114.79898071289062,116.62378752267509,113.29326803880778,114.65902395613811,35310000
20220509,112.2421646118164,114.70260796952478,111.71362750786085,112.46002827851365,34520000
20220510,113.73149871826172,115.82231597225426,112.53923846850854,115.1766534784488,31158000
20220511,113.11263275146484,115.80245764892041,112.80395091338548,112.86400162054564,36502000
20220512,112.318603515625,114.00147741595012,109.29378928322973,111.1047082660839,41464000
20220513,115.64811706542969,117.20592929194403,113.1513404994264,113.99054342750014,29738000
20220516,113.93793487548828,115.73941802676455,113.48383647640703,114.52503080955708,23282000
20220517,115.83273315429688,116.3548183956085,114.47888882248881,116.3548183956085,21576000
20220518,111.56425476074219,114.83437565155293,111.30718016760673,114.37964107756378,27982000
20220519,109.92107391357422,112.741920008228,109.64564334675333,111.00842338816487,29192000
20220520,108.49925231933594,111.71215485979991,105.58113593446538,111.25111228091082,37586000
20220523,110.835205078125,111.17168590606096,108.34166208341611,109.28433696899042,31558000
20220524,105.137451171875,105.6029539511262,101.4471270014987,105.58558998260682,60386000
20220525,105.05159759521484,105.75154805646027,103.4354686838197,104.35928788625647,37900000
20220526,107.48980712890625,108.14415539524781,104.7027121233859,105.26102469115388,30288000
20220527,111.95928955078125,112.02776856109718,108.73447566378962,108.97119510009125,29924000
20220531,113.19005584716797,115.56673109114115,111.73447364482165,112.2372033266363,51302000
20220601,113.28732299804688,116.52504049374802,112.70518706116705,114.07591068775803,28630000
20220602,116.86946105957031,117.02032994413179,112.4644955216671,113.33794934994897,27472000
20220603,113.71115112304688,115.49824658292881,112.82181754435243,115.12901423678426,25052000
20220606,116.1394271850586,118.50965048515532,115.66081624820232,115.87342452096117,23786000
20220607,116.35680389404297,116.87208894831058,114.26847047487584,114.78707989999292,26414000
20220608,116.365234375,117.76275740878552,115.82801152706801,116.00642951785112,22544000
20220609,114.06251525878906,117.46896563522633,114.01189243425299,115.47541835897833,23142000
20220610,110.59798431396484,112.65208183431146,110.0357037611222,111.94165854517539,31324000
20220613,106.08087921142578,108.40543986916931,105.79457439548948,106.6461358498506,36756000
20220614,106.3960189819336,107.6501095703764,105.56028421140596,106.09428119239865,25480000
20220615,109.56873321533203,111.22878338554288,107.31389319839684,108.08882762038024,33192000
20220616,105.84217071533203,108.47690508360789,105.00495174306114,107.34440018613208,35314000
20220617,107.0625,108.43619194757277,104.84219919785103,105.7419071077702,43516000
20220621,111.18112182617188,111.83422060419495,108.4798849857038,108.88534463984828,39010000
20220622,111.19998168945312,112.92256622301568,109.90003147952321,110.33547106809041,23922000
20220623,111.84564208984375,112.3538316275646,110.20246386054443,112.10916095800074,24710000
20220624,117.65555572509766,117.75430997742473,112.75728877244866,112.75728877244866,39122000
20220627,115.75431823730469,118.36226061668158,115.13719688644596,118.04960316540595,32840000
20220628,111.73348236083984,116.97913509631024,111.60692909071406,115.48484175974666,28232000
20220629,111.42082977294922,112.81834535869702,110.72355999579256,111.31363206051596,18628000
20220630,108.55828094482422,110.50101581346748,106.51113509512146,109.67688997442586,38046000
20220701,108.26895904541016,108.98890868286857,106.30767123286135,107.5304944051267,31028000
20220705,113.0391845703125,113.20354782139363,105.45853636865279,106.71412621302082,36398000
20220706,114.3558120727539,115.48583311314871,111.41487220762426,113.24266278225355,28852000
20220707,118.41783905029297,118.96969972566629,114.67391614910093,115.14439411029898,32184000
20220708,119.27392578125,119.53843665062448,116.63918397499954,116.67491906783029,29082000
20220711,115.65506744384766,117.91015708204048,115.36920941099247,117.76673206039018,26718000
20220712,113.9945297241211,116.97219685840713,113.76177074507001,115.96872145905212,24970000
20220713,111.35184478759766,114.29973648077389,110.99055608145653,111.80048342510196,38958000
20220714,110.61040496826172,111.15382979691064,108.51164409050321,110.00096979665507,32366000
20220715,111.9275131225586,113.15183563747132,110.99004819610816,112.12205316763651,34330000
20220718,109.091796875,113.94539347549131,108.48633731298709,112.595517164046,33354000
20220719,113.76673126220703,113.95531168622901,109.67739926047726,110.89824604120244,30992300
20220720,113.84612274169922,115.4639931941455,112.41684784651615,113.2108877721516,26780100
20220721,114.18360900878906,114.35234166091513,111.07691238380127,114.23323225039135,27267800
20220722,107.55332946777344,112.33744733683955,106.79898506306883,110.97764338755076,44455300
20220725,107.4044418334961,109.7568013593638,106.21337812849376,108.06945227591243,28289900
20220726,104.65507507324219,106.93794863187382,103.98013689664695,106.63025878915802,36626600
20220727,112.75432586669922,113.5483734547615,107.61288704412348,108.78410307158587,41474600
20220728,113.73695373535156,113.84613546787841,111.01834525515086,111.9602857008125,23303800
20220729,115.77169799804688,116.02976460428857,112.38708694746556,112.55581960160089,31336200
20220801,114.62032318115234,116.24811374743231,113.83620335417874,114.66994641723024,22856200
20220802,115.03720092773438,116.20841689334405,113.40941027351059,113.57814291596826,17911000
20220803,117.895751953125,118.53098692591148,115.2853334734743,115.47391388650271,25302800
20220804,117.9850845336914,118.61039182302474,116.83371642591787,117.4193281559332,15757700
20220805,117.33992767333984,117.97516267009925,115.8411665532051,116.05953000320336,15615700
20220808,117.26052856445312,119.96028125180207,116.95283872390638,118.23323647221227,17061100
20220809,116.62528991699219,117.32007584916032,115.69228517442467,117.11164006950987,15424300
20220810,119.75183868408203,120.87342382368719,118.4714410082858,118.69972456331234,20497000
20220811,118.92802429199219,121.42926133710701,118.66003758353666,121.17120230603105,16671600
20220812,121.73695373535156,121.73695373535156,119.5037034907786,120.2580479159398,16121100
20220815,121.96524047851562,122.34241648723292,120.66499494766124,121.30022998354421,15525000
20220816,121.5979995727539,122.31064928688622,120.63025929055411,121.40941156862304,15626200
20220817,119.4242935180664,121.24067214476845,119.3051841159127,120.02975306030042,17589200
20220818,119.96027374267578,120.7840967309053,118.66002829391245,119.33496642350073,15652000
20220819,117.24068450927734,119.10668653891801,116.79402989119689,118.97765702130323,20187000
20220822,114.21337890625,115.6327337956586,113.81635512977093,115.23571001917952,19316000
20220823,113.91561126708984,115.06697948270646,113.44911646172672,113.46896424324477,14390700
20220824,113.84612274169922,114.85555764949869,112.93297341954928,113.59798384507599,16051200
20220825,116.82380676269531,116.90321303877113,114.19354012792769,114.29279418672282,14874700
20220826,110.47144317626953,115.73198340162622,110.3920369095038,114.94786355566094,31698700
20220829,109.51858520507812,111.12652806100044,108.99253192978833,109.95531210800485,20386100
20220830,109.091796875,110.54092723851655,107.99005948003216,110.20345437435583,20548200
20220831,108.33744812011719,110.93793901443901,108.23819407201151,110.79898183257136,25898000
20220901,109.72704315185547,110.39205369881228,107.38461093419906,108.3870868073371,22784400
20220902,107.87094116210938,110.84364786205148,107.3250325619203,110.51113507755568,20618100
20220906,106.67987823486328,108.06945000395339,105.71709810013785,107.33000093524434,20565100
20220907,109.65754699707031,110.16374490531014,106.81386972546036,106.95779452939786,22987200
20220908,108.60543823242188,109.75680643003494,107.25556193233697,108.36722699493593,21660700
20220909,110.94786834716797,111.1662317998191,109.18112051767947,109.2307513287724,21732900
20220912,111.03720092773438,111.80146543002034,110.1041962133658,111.15630275673566,19732900
20220913,104.52603149414062,108.555812521435,104.21834167053534,108.07938248471206,33015000
20220914,105.08187103271484,105.31015459512474,103.72206704484307,104.6550717936455,22115800
20220915,103.12653350830078,105.41933463565279,102.54092173728354,104.22827088516831,26494900
20220916,102.85855102539062,103.25557484523341,101.09677060359992,102.2034681593596,64540100
20220919,103.07689666748047,103.24562930061963,101.60791863264812,101.77665126578728,19738600
20220920,101.07195281982422,102.40197387655286,100.36723915314869,102.11413180324605,24001700
20220921,99.2655029296875,102.71959270779566,99.24564757398144,101.47889801714773,26596800
20220922,99.82131958007812,100.92305693710516,98.66995898502375,98.70965454640623,21272700
20220923,98.43174743652344,99.3647522223518,97.28038675660248,99.31512140806767,25657000
20220926,98.07443237304688,99.69230311079619,97.64763309268717,97.87592424978169,22437900
20220927,97.35977935791016,99.71213895725225,96.61536262588275,99.16623789732465,24225000
20220928,99.99005889892578,100.64514929447122,97.07195029609333,97.29030618867614,24617000
20220929,97.35977935791016,98.5607783494678,95.80146730177007,98.5607783494678,21921500
20220930,95.43424224853516,98.7533506201942,95.31513282569529,97.00248223922738,26277800
20221003,98.56078338623047,99.22579388340206,96.2977500442363,96.49626572648086,24840000
20221004,101.64762115478516,101.95531096308564,100.28781727639598,100.28781727639598,22580900
20221005,101.45905303955078,101.97517871318828,98.99751137329586,99.94044390782157,18475500
20221006,101.47889709472656,102.95781060480748,100.74440796486718,100.74440796486718,17156200
20221007,98.82876586914062,100.66499230900759,98.47144522896559,99.90072778966572,24249900
20221010,97.97518157958984,99.24565178510514,97.14143834694534,99.10669457966439,16529900
20221011,97.3200912475586,99.37468128236328,96.52604364355905,97.5185993622589,21617700
20221012,97.56822204589844,98.9061866191343,96.94290714876782,97.53843901583626,17343400
20221013,98.96773529052734,99.78163072208707,94.56078523190662,95.21587567742034,32812200
20221014,96.45655822753906,100.53596254882596,96.30767336573908,99.87591213383833,22624800
20221017,100.02975463867188,101.01238258672876,98.76921232733415,98.77913243130956,23311600
20221018,100.63522338867188,103.44415788095885,99.90073427953011,103.1662434922349,21610500
20221019,99.54339599609375,100.90220022885586,98.89327332913491,99.95033982966433,21573700
20221020,99.7816162109375,102.23322982714598,99.22578748171075,100.06945825217235,25125100
20221021,100.72455596923828,100.86351316170806,97.49874993779162,97.72703350859237,28988700
20221024,102.20345306396484,102.33248256800137,99.55333138478001,101.32999927479946,24680800
20221025,104.14886474609375,104.31759738931376,102.25307981813201,102.53100176135153,29910200
20221026,94.11412811279297,97.80643640842473,93.86598919585641,96.03968853145226,71504300
20221027,91.91065216064453,94.46151989170572,91.21586623101646,93.60792142239198,54036500
20221028,95.86102294921875,96.13893730932492,91.63570994742354,91.84116968634454,35696900
20221031,93.95532989501953,95.63274394467682,93.67740792709708,95.06698747631206,29868700
20221101,89.82628631591797,95.4491149813113,89.75680772332893,94.87839093905981,43220600
20221102,86.42182159423828,90.62033539620485,86.36227067746957,90.23323929201062,43553600
20221103,82.86846160888672,85.9056867727628,82.82875847776307,85.70221106547837,48510400
20221104,86.05457305908203,86.08435608999167,83.25556638887753,84.87343696802398,40173300
20221107,87.99005889892578,88.27790094290526,86.312637446031,86.68980586266004,26899900
20221108,88.24813079833984,89.73199672129972,86.99750849776242,88.49626972299257,30172000
20221109,86.7493667602539,88.82380446823927,86.70966362488497,87.88583966636955,26743900
20221110,93.4689712524414,93.84614727620713,90.96773414543361,91.65259244958854,42371200
20221111,96.00992584228516,96.63523326999514,93.45905773981774,94.00495888612333,30569100
20221114,95.31511688232422,96.45655738266119,94.4049435423323,94.78906360482421,24170100
20221115,97.98509216308594,99.67243369054474,96.2977430630287,97.93546135297309,31831000
20221116,98.25308990478516,99.10668844110727,97.17319181150478,97.29030963200795,24660200
20221117,97.76673126220703,98.73943912853584,96.37715184142243,96.45655811063267,21818700
20221118,97.07194519042969,98.42182147455547,96.01983105649133,98.27293661316246,24969900
20221121,95.11662292480469,97.98510854460801,94.95781036397143,96.83374019636601,18696900
20221122,96.6054458618164,96.82181772887805,93.70718510234065,95.4441575371263,18868900
20221123,98.08434295654297,98.3314898433163,96.6153573535617,96.6153573535617,17568900
20221125,96.8734359741211,98.2034645659175,96.80395737718689,97.73199454465066,8567800
20221128,95.53347778320312,97.10171746969127,95.17615715659574,96.47640258682915,19974500
20221129,94.72952270507812,95.67244763357981,93.6873361440189,95.28535149892338,20220000
20221130,100.69477081298828,100.69477081298828,93.96524450711816,94.4118991071478,39888100
20221201,100.52603149414062,101.82627692679915,99.92057196307098,100.64514089409802,21771500
20221202,100.07939910888672,100.39701664921658,98.43175291226342,98.63026860784426,18821500
20221205,99.12654113769531,100.99254313984373,98.61537555463818,99.07195027093198,19955500
20221206,96.58557891845703,99.46399155095932,96.03967790515702,98.92801064096803,20877600
20221207,94.44166564941406,96.58558178030592,94.31759620099723,96.04960085443341,26647900
20221208,93.25060272216797,95.15631537507932,93.1017254288614,94.9776550505126,25593200
20221209,92.37715911865234,93.78658640167565,92.32752830438571,93.20098217084448,21885300
20221212,92.8635025024414,93.17615994973863,91.21586409114799,92.39700014380698,27380900
20221213,95.13646697998047,99.05706673014706,94.66996456656575,97.33994195328432,34788500
20221214,94.60047912597656,96.49626410337974,93.2406826953187,94.82877026356813,26452900
20221215,90.52108001708984,93.33001456500213,89.75681543296425,92.84366437510401,28298800
20221216,90.18360137939453,91.06697524737594,89.339930643666,90.52106664464667,48485500
20221219,88.48634338378906,90.52107805315164,88.26301986274427,90.20346052769705,23020500
20221220,88.9627685546875,89.11165343071718,87.38460855753131,88.06947444370819,21976800
20221221,89.57815551757812,90.23820599326167,88.24813446108449,89.06202986482222,20336400
20221222,87.60296630859375,88.51611571543022,86.29279311582003,88.2679767957943,23656100
20221223,89.14143371582031,89.42927580569614,86.96774166950254,86.96774166950254,17815000
20221227,87.27542114257812,88.83373325543998,86.8833649813831,88.64514525323033,15470900
20221228,85.81636810302734,87.86103049779445,85.72704172155468,86.84862697810763,17879600
20221229,88.28782653808594,88.69973806254102,86.34241827364924,86.38212141038457,18280700
20221230,88.06947326660156,88.16872732509496,86.38212398181673,86.71462924269922,19190300
20230103,89.03223419189453,90.86846810792997,88.35729608174161,89.16127126621384,20738500
20230104,88.04961395263672,90.56077862535425,87.14639221657654,90.33249505834297,27046500
20230105,86.12405395507812,87.5533365730005,85.91561816873094,87.41437938210237,23136100
20230106,87.50371551513672,87.81140536371635,84.93299227418701,86.70966791368063,26612600
20230109,88.13894653320312,90.15383333187394,87.92058307416708,88.53100269094597,22996700
20230110,88.57565307617188,88.80890423073785,86.05456112981886,86.0744164810062,22855600
20230111,91.57318878173828,91.761769210798,89.07194423773636,89.38956175113037,25998800
20230112,91.2258071899414,91.93052089905248,89.89577848052348,91.71215741149135,22754200
20230113,92.10916137695312,92.28782168527326,90.25307970566047,90.84662752181106,18630700
20230117,91.47393035888672,92.2778979947532,90.16374965955099,92.08931000210364,22935800
20230118,91.09675598144531,92.89129525669863,90.71958756208764,92.24812416569286,19641600
20230119,93.2109146118164,93.69726481156859,90.69974219001155,90.70966986789205,28707700
20230120,98.54092407226562,98.67988125795394,95.19601636628437,95.2357119285393,53704800
20230123,100.45655059814453,100.64513858393207,98.01486474955105,98.39203314852789,31791800
20230124,98.47144317626953,100.33744503515337,97.96523768447395,98.80891602833275,27391400
20230125,96.00992584228516,96.99255396371507,94.55285162617388,96.47642070718638,31000900
20230126,98.42182159423828,98.47144483303055,96.09923744243925,97.54836777838968,24542100
20230127,99.96028137207031,100.82380753762881,98.2332366135522,98.31264288517572,29020400
20230130,97.2208251953125,98.66896355953914,96.79402595278148,98.00991271096092,24365100
20230131,99.12654113769531,99.16624427466857,97.06202345068063,97.13150204723405,22306800
20230201,100.6749267578125,101.42927122365668,97.6873319269526,98.99750517152452,26392600
20230202,107.99005126953125,108.00989904939696,105.74687351479648,105.9950124124079,46622600
20230203,104.43671417236328,107.21586564752732,102.5310090055195,102.73944479821186,36823400
20230206,102.69973754882812,103.92057679608975,101.44911527014645,101.9205777042125,25573000
20230207,107.2357177734375,107.86102513268486,102.77715324727075,102.85854354090914,33738800
20230208,99.25556182861328,102.80891275950125,97.72206521578482,101.92553886503447,73546000
20230209,94.7493667602539,99.86103015928214,93.16127914560606,99.79155156278502,97798600
20230210,94.15382385253906,96.29773998871737,93.8262786904874,95.02727004541197,49325300
20230213,94.29278564453125,94.64017860343876,93.34986081712536,94.30271332124248,43116600
20230214,94.24317169189453,94.46650280855486,91.96029785885469,93.95533716916769,42513100
20230215,96.37715148925781,96.61536272341945,93.6575511458331,94.03471956430559,36964500
20230216,95.06697845458984,97.15134379430933,94.26301080547198,94.82876722014726,35642100
20230217,93.8858413696289,95.03720963292763,92.75432846126934,94.36227144437989,31095100
20230221,91.36475372314453,92.7195901112085,91.3151229099148,92.54588983750335,28367200
20230222,91.11661529541016,91.67244405811714,90.19353820157238,91.24961285071565,29891100
20230223,90.39204406738281,91.44415064857093,89.3399374861947,91.44415064857093,32423700
20230224,88.68485260009766,89.45904485473137,88.19850241470454,88.96276699175087,31295600
20230227,89.42926025390625,89.77665320796535,88.94291011822351,89.41933257733358,22724300
20230228,89.62777709960938,90.76921002471055,88.85357734133927,88.87343269474542,30546900
20230301,89.83621215820312,90.52107039328135,89.18112180779958,89.48881920235208,26323900
20230302,91.62281036376953,91.79155058079907,89.10171808381965,89.19105203078807,23328600
20230303,93.320068359375,93.40940229555405,91.97019979436118,92.04959848223413,30242500
20230306,94.86846923828125,95.58311050579802,93.59799923940635,93.65755015416657,28288200
20230307,93.4689712524414,95.37467643612347,93.14540165881215,94.70966591461972,24101500
20230308,93.94539642333984,95.52355631627923,93.70221755613018,93.70221755613018,25395200
20230309,91.97020721435547,95.20593307731446,91.66747744791009,93.78657824042934,24438900
20230310,90.3324966430664,92.48634070097877,90.12406085416511,91.81140252008929,32850100
20230313,90.9776611328125,92.38708844092993,89.27046407899174,89.89081140537432,31508600
20230314,93.5483627319336,94.12404678155364,92.08930482837157,92.37714685318159,32303900
20230315,95.83126068115234,96.52604667703727,92.34738787870214,92.84366575364835,38367300
20230316,100.31759643554688,101.21089801007058,95.1563102290075,95.8510961355268,54499500
20230317,101.69725799560547,102.71958917391197,99.99998862590255,100.08931500570836,76140300
20230320,101.17120361328125,101.8163663379624,100.03969071203699,100.30767742123733,26033900
20230321,105.05208587646484,105.17119528005082,101.10171864834624,101.2208280519322,33122800
20230322,103.44415283203125,106.70966188535226,103.43422515503305,104.35730222829764,32336900
20230323,105.46897888183594,106.30371410940663,104.62530798672589,105.10173051856704,31385800
20230324,105.27044677734375,105.36970839755767,103.96027366006327,104.9528292814151,25236200
20230327,102.29278564453125,104.61536986637508,101.86598640053339,104.53596359479435,25393400
20230328,100.6054458618164,102.23323659598337,99.53348389367748,102.23323659598337,24913500
20230329,101.14141845703125,102.05456780336732,100.27789234777528,101.95531375660877,26148300
20230330,100.56575012207031,100.85359220353435,99.54341889253223,100.68485954037943,25009800
20230331,103.22578430175781,103.41437229246367,100.6848443421768,100.95283102717076,28108000
20230403,104.12902069091797,104.16871625448533,101.61784844344304,101.90569050119943,20719900
20230404,104.33745574951172,105.31015607471355,103.82132255554437,104.05953379828375,20377200
20230405,104.16871643066406,105.74688391239768,103.32702963127244,105.330012340845,21864200
20230406,108.08932495117188,108.81388642317687,104.03473553629591,104.98262054220383,34684200
20230410,106.15382385253906,107.16623485728229,104.81387523811881,106.59055076223996,19741500
20230411,105.33001708984375,106.42182688139324,104.49626633654826,106.12405713251643,18721300
20230412,104.43671417236328,106.7860903531236,104.18857524212011,106.59055826945023,22761600
20230413,107.38459777832031,107.45903642274081,105.64762539758821,105.67740085535641,21650700
20230414,108.6451416015625,108.76425100686151,106.78905979179629,106.88832141584483,20758700
20230417,105.62777709960938,105.9156191649266,104.53596733045379,104.64514906462927,29043400
20230418,104.33745574951172,106.25308851374669,103.99998288074862,106.20345770073483,17641400
20230419,104.23819732666016,104.93795091959637,103.0272857215084,103.43918967724909,16732000
20230420,105.11164855957031,106.09229254650998,103.86102627610038,103.8709539532784,22515300
20230421,105.12157440185547,105.84613579862736,104.69973521403983,105.30022715234816,22379000
20230424,105.98509216308594,106.52107312819729,104.57566494331094,105.26053077194189,21410900
20230425,103.83124542236328,106.64017968248697,103.78161461165072,105.81635668928911,31408100
20230426,103.67243194580078,106.22329959775887,102.50121600603411,104.77416929475918,37068200
20230427,107.56326293945312,108.3374551666708,103.64266341718557,104.44663867611075,38235200
20230428,107.41437530517578,107.48385389883946,105.2506036520227,106.99750374319369,23957900
20230501,106.9081802368164,107.87096053775701,106.69974443546836,106.91810791476617,20926300
20230502,105.19105529785156,106.92802775435598,103.72206954554999,106.85854915899976,20343100
20230503,105.33001708984375,107.3250486604808,104.83373922344859,105.42927114860292,17116300
20230504,104.42677307128906,105.50866260582943,103.92056759833538,105.36970542856344,19780600
20230505,105.4242935180664,105.64762459482817,103.95928345525331,104.53595955347107,20710600
20230508,107.43423461914062,107.61289496096833,105.00247600727415,105.0074360599973,17266000
20230509,107.13645935058594,109.77169339135227,106.92305594795248,107.97020246225496,24782400
20230510,111.44415283203125,112.66499967549679,107.6724457139781,107.74192431010384,47533500
20230511,116.02975463867188,117.5582912172827,114.07441883634114,114.99749587496332,57115100
20230512,117.04216003417969,117.37963289178805,115.68236364474816,116.12901065669601,31293800
20230515,116.08930969238281,117.91064842930201,115.61288721374498,115.62280731812581,22107900
20230516,119.19599914550781,120.29773647449159,115.96027332070344,115.96027332070344,32370100
20230517,120.57566833496094,121.36970834196474,118.57070160413352,119.28534291125621,26659600
20230518,122.6004638671875,122.97763984007257,120.58557721923202,120.65505580803743,27014500
20230519,122.33248901367188,125.53744764704801,121.80643570863663,123.27541389183706,30268900
20230522,124.9329833984375,126.10419937777996,122.53099295090551,122.59055143975256,29760200
20230523,122.37218475341797,124.48632552301795,122.1339735221134,123.9999753837632,24477900
20230524,120.73446655273438,121.83620391081111,119.85109264546183,120.9726777842487,23087900
20230525,123.42430114746094,125.04217180284299,121.98509839556073,124.27789966472285,33812700
20230526,124.49625396728516,125.06201037799596,122.37218550794296,123.14141764185113,25154700
20230530,123.7121353149414,125.43918002149202,121.97516293158685,125.34985364805256,27230700
20230531,122.45159912109375,123.97020812658324,122.18360484212559,122.77913674607848,41548800
20230601,123.44415283203125,124.10916332120034,122.38211855574964,122.58062666300646,25017700
20230602,124.2977523803711,125.8014736447889,123.42429852677995,123.56325571756055,19367500
20230605,125.68732452392578,127.03720087055406,123.45407421742149,123.68236535847436,22672500
20230606,126.95779418945312,127.92057436157211,125.03223384521516,125.65754116559211,19450100
20230607,122.0248031616211,128.58559710467284,121.71710573773842,126.62529349121426,34179300
20230608,121.75680541992188,122.80891960712718,121.10172259826479,121.67243909446749,24815000
20230609,121.95531463623047,123.35978178041707,121.50866005312103,121.64761723739545,20304500
20230612,123.42430114746094,123.82132494637797,121.43918972547492,122.47640862603883,22255700
20230613,123.50370025634766,124.92305514362373,122.92305610781635,124.71461936512009,19287700
20230614,123.45407104492188,123.86102250294128,121.25060382677839,122.87839451365849,24659600
20230615,124.85356903076172,125.22081732653821,122.22329519313664,122.95778421209141,24517100
20230616,123.13645935058594,125.75680582750313,122.86847263997812,125.75680582750313,56699200
20230620,122.92802429199219,124.24316516331616,121.91562079048697,122.61537438985336,22698000
20230621,120.3572998046875,122.49129595900084,119.96027603160152,122.31759569183865,22612000
20230622,122.94786834716797,123.01237931361086,118.70965157561908,119.76176569050065,20781900
20230623,122.10419464111328,122.52107377580943,120.95283400685402,121.13149432955272,29573100
20230626,118.20345306396484,121.80643505222586,118.10419900984007,120.56177240233151,23185000
20230627,118.1240463256836,119.00245259613973,116.0396810405121,116.96275049639515,27221700
20230628,120.17864227294922,120.36722270077522,116.7245452113623,117.0818658581678,19753100
20230629,119.11660766601562,120.00990928045304,118.32256010371597,119.19600636416656,18517500
20230630,120.06945037841797,121.12155687571901,119.9801164379802,120.19847987838567,23871800
20230703,119.66251373291016,120.11908844987697,118.81388284322804,119.42430248331857,13888300
20230705,121.71709442138672,122.45159104130967,119.16622675014786,119.16622675014786,17830300
20230706,120.02975463867188,120.24811809252589,118.3622608495851,119.7419125924642,17732500
20230707,119.24564361572266,120.84365893100839,119.19601280067435,119.99006040585206,20997700
20230710,115.99999237060547,118.18361197541388,115.77170121785035,118.18361197541388,32960100
20230711,116.83373260498047,117.34489819371464,114.96773058210808,115.89080770234051,18286600
20230712,118.72950744628906,120.05952835854934,118.11412022820832,118.41188994689867,22059600
20230713,123.90071868896484,124.40195654618383,120.1587797963374,120.63520982137,31535900
20230714,124.76424407958984,126.14389584833242,123.97020409103372,124.19848765336158,20499800
20230717,124.12901306152344,126.33248792079765,123.5731842943548,125.12156875866684,20675300
20230718,123.15631103515625,124.05953276945621,122.38211881358517,123.97516644506437,21045800
20230719,121.86598205566406,124.53595918967088,121.55829222598103,123.8610210416639,22313800
20230720,118.64018249511719,123.77169368500378,117.80147171073976,121.21090571506095,27541700
20230721,119.41437530517578,120.3970109124727,118.18360834244123,119.9702116533455,56514600
20230724,120.97268676757812,122.43174486757401,120.47640891438763,121.01834954001981,22276100
20230725,121.87590789794922,122.7692094881291,120.62528567169737,120.9726786310455,31820800
20230726,128.6947479248047,130.39200932422852,127.75182324232537,129.38953373583183,46216900
20230727,128.90321350097656,132.60545744190986,128.21834759380127,130.8188540199741,35931600
20230728,132.01983642578125,133.07195825526466,129.94539851845076,129.99502933558094,26971000
20230731,132.1190948486328,132.8337361913796,131.14639446636025,132.01983321678517,18381900
20230801,130.90817260742188,131.93050378195832,129.7766596984593,129.88087380784845,22154300
20230802,127.68235778808594,129.44910562762945,126.89823791846632,128.87342153510892,22705800
20230803,127.8114013671875,128.80395706437264,126.82380572235263,127.41437000119463,15018100
20230804,127.5831069946289,130.94787031679957,127.35979104228042,128.63522879142084,20521900
20230807,130.95779418945312,131.0768960203581,128.46646982824424,128.54587609724663,17621000
20230808,130.85853576660156,130.95779739158098,129.16127405391586,130.00493728545047,16836000
20230809,129.1811065673828,131.48384285199134,128.5409191035539,131.20592849284157,17745200
20230810,129.2406768798828,131.65953146708318,129.0669766133977,130.9875693584939,17855700
20230811,129.2009735107422,129.46896779010552,127.79154623570228,128.2401772921194,15205500
20230814,130.84861755371094,130.92802382580282,128.62528737073137,128.88336154132946,17526200
20230815,129.3002166748047,131.00741344477407,128.8525701201837,130.61038213478358,14769200
20230816,128.14886474609375,129.92354873259305,127.50370961068525,128.3175973946591,17548400
20230817,129.4888153076172,131.50468648067013,128.8833557621138,129.4788800583026,23665600
20230818,127.15631103515625,128.86350804677585,126.05457360492731,128.09923591890941,23627200
20230821,127.97019958496094,128.29774478454587,126.21338689427562,126.8982451803361,21851100
20230822,128.72454833984375,129.97516304221003,127.96524385176463,128.1687195832365,15557900
20230823,132.21835327148438,133.07195179098147,129.53844072862722,129.8759211815992,26497000
20230824,129.44912719726562,133.96525917138177,129.330025346277,133.7240718650499,18680400
20230825,129.71710205078125,130.42180809036407,127.08682045610283,129.17119340696516,20678100
20230828,130.8089141845703,132.2481321223414,129.8759245118369,131.096763830204,16715500
20230829,134.48138427734375,136.27294013982967,131.99005964714488,132.0079309817891,30803300
20230830,135.91065979003906,136.2282849189266,134.0158741413235,134.56079842786622,21773400
20230831,136.3275146484375,137.36968588881405,135.8014614038982,136.02974494610297,28147900
20230901,135.78160095214844,137.5483486023978,134.9280025816193,137.3994561842244,16671600
20230905,135.69229125976562,136.3473664865473,134.5508431609782,135.42429699028372,17730200
20230906,134.36227416992188,136.45656751950304,133.68734349375714,135.99503270607866,15814300
20230907,135.1860809326172,135.56325693844485,132.96276589665896,133.5980009276753,16976000
20230908,136.17864990234375,136.49130739608137,134.8585488983401,134.8585488983401,17810700
20230911,136.714599609375,137.23470074955074,135.53345614471098,136.35727902464635,17180800
20230912,135.05706787109375,136.61537251961622,134.91809552701272,136.10917454051634,15212900
20230913,136.47637939453125,136.67488746279344,133.92550452451815,134.88828455804423,16394900
20230914,137.95529174804688,138.5111203941418,136.03965179433246,137.3597524014053,19064600
20230915,137.2704620361328,138.32256869856639,136.15878930726072,137.76673990672967,48958800
20230918,137.92556762695312,138.88833286819735,136.60546652857863,136.60546652857863,16233600
20230919,137.7965087890625,138.1389417150428,136.47640789887149,137.22082466922896,15479100
20230920,133.5880584716797,137.80641989491127,133.51858745315243,137.79649979089223,21473500
20230921,130.3821258544922,132.19850472128493,130.1141315573722,131.40445708049916,22058400
20230922,130.27294921875,132.01984198076386,129.53845247183528,130.69974094458988,17348700
20230925,131.1860809326172,131.2357117450985,129.06201240711627,129.79650905432595,14650000
20230926,128.48631286621094,130.42676078309532,127.23569832598999,129.93941867379797,20378800
20230927,130.4813690185547,130.73942802857053,128.4168515028372,128.47640241705648,18764200
20230928,132.13893127441406,133.1811025335243,129.7170931981803,129.7170931981803,18201400
20230929,130.86846923828125,133.88583176717268,130.3424159524719,133.08186410943372,23237300
20231002,134.16372680664062,134.35231477724608,131.08184618099568,131.17117254227344,19210400
20231003,132.3076934814453,134.2332541903312,131.82630330422384,133.92554916498565,19628700
20231004,135.2555694580078,135.55333919699976,132.43669976010844,132.6649984756145,22848000
20231005,134.9776611328125,135.4838591101834,133.45408443031548,135.1166183312201,15922900
20231006,137.697265625,138.1498799268626,133.93548570494193,133.93548570494193,20826700
20231009,138.46151733398438,138.92801971511255,135.682358401467,136.96276370973717,16599100
20231010,138.16375732421875,139.692301660013,137.39948515632165,138.47144718338285,19554900
20231011,140.64511108398438,141.16124418376933,138.7989572512872,138.80889249919525,20146300
20231012,139.24559020996094,141.3200425034453,138.41184730995792,141.10167910413116,18173100
20231013,137.54837036132812,140.28781863384523,136.9429107801141,139.60295277941646,19438700
20231016,139.4441680908203,139.85607207890067,138.28287963643058,138.68981599910776,17345600
20231017,139.9404296875,140.19848871002253,137.49775163194965,138.98756957822104,17424000
20231018,138.2431640625,140.93299681694504,137.67244753358014,139.7022222309866,18304900
20231019,137.9453887939453,139.9553232004992,137.5682279216257,138.75929174854747,21831200
20231020,135.72206115722656,138.00492697087307,135.23073582577402,137.55827997016817,24970300
20231023,136.87344360351562,137.9851164375743,134.10421948744826,135.21587717630683,20780700
20231024,139.07688903808594,139.66250836596257,137.71709268113878,138.12404412138613,26535200
20231025,125.72701263427734,129.13148612570524,125.15132858442318,128.80394096914014,58796100
20231026,122.52106475830078,124.52602372315634,121.40939976859383,123.54339580693394,33907400
20231027,122.48136901855469,123.51362780574462,120.55580862970052,123.10667635342031,37367700
20231030,124.81387329101562,125.60792084198602,122.9577914948666,123.53347559069019,24165600
20231031,124.36723327636719,125.61784801652706,123.0024691774839,125.33000595241434,21123400
20231101,126.62032318115234,126.78905582318066,123.99501683515162,124.40692076345645,26536600
20231102,127.62281036376953,129.12156397904374,127.1563079854343,128.59551068350785,24091700
20231103,129.3994598388672,129.7567804361356,128.04958370976377,128.12898996973402,19529400
20231106,130.47145080566406,130.5806325443881,128.96276181925904,129.25061146916732,15360400
20231107,131.4143524169922,132.28780617174849,130.1637378414789,130.99748089182108,19223800
20231108,132.2679443359375,132.54585867242855,131.17614234120703,131.37465041795843,15093600
20231109,130.70965576171875,132.9627613242539,130.53098786950324,132.36722187713184,17976500
20231110,133.06198120117188,133.27042450955327,129.89572689250258,130.55081712433642,20872900
20231113,132.6451416015625,133.11164398676007,131.78162299905537,132.36722722040622,16409900
20231114,134.4217987060547,136.21833707829018,134.09426868322598,134.64016215140492,22317300
20231115,135.36476135253906,135.82132852742924,134.32257476043,135.62282040159877,15840900
20231116,137.66748046875,137.8461483805159,135.06698923183797,135.94044314447362,17615100
20231117,135.9205780029297,136.97268460638475,134.47144003813452,136.7940318526801,25565300
20231120,136.89328002929688,137.39452550317174,134.48137695322967,134.49129705793683,19569400
20231121,137.58807373046875,137.93050667710878,136.6798918797271,136.91314308765294,17648100
20231122,138.9776611328125,140.04962316623073,137.96525002149548,138.06451165513008,17306400
20231124,137.19105529785156,138.63720973487497,136.44663849446076,138.50122099631608,8828600
20231127,137.02230834960938,138.59054806928947,136.5160952831701,136.5458858857816,17886400
20231128,137.58807373046875,137.62778444192784,136.01983382220985,136.6054532272399,17046900
20231129,135.38458251953125,138.63024368576404,135.28036841853944,137.9503454992033,21014700
20231130,132.92303466796875,135.94041195838508,131.80144207338424,135.38456814000648,29913500
20231201,132.32752990722656,132.5061826590945,131.16821046019072,132.32752990722656,24268000
20231204,129.6575469970703,130.4714347394466,128.43669266571038,130.31660539036469,24117100
20231205,131.40444946289062,132.54588246802612,128.76424764704194,129.3994826938057,19235100
20231206,130.45156860351562,132.31757788307297,130.33246678403606,131.9106264729234,16360600
20231207,137.41932678222656,138.9577910695359,135.21585202650814,135.5831079159261,38419400
20231208,135.622802734375,136.96275891327684,134.56077606966974,134.65010244287728,23016100
20231211,133.69723510742188,133.78656147578397,131.90071191055682,132.82379648588753,24502900
20231212,132.6451416015625,133.53843566310795,131.841173917132,132.27790084329126,26584000
20231213,132.97265625,133.77662374974489,131.96024543967212,133.54337261072803,25414500
20231214,132.20840454101562,134.0297507536338,130.0843361363136,133.7667241221589,29619100
20231215,132.84365844726562,133.8262940957513,131.64267446653756,131.93050897123803,58594000
20231218,136.168701171875,137.34984472427678,132.77416293739708,132.86348930391583,25699800
20231219,137.07192993164062,137.7369403444509,136.42675972563947,136.9726683168109,20661000
20231220,138.6203155517578,142.01286978778424,138.3721766574486,139.285325971083,33507300
20231221,140.74440002441406,140.97268359270743,139.4272827418426,139.7220688742158,18101500
20231222,141.6575469970703,142.18360029264545,140.99748899258609,141.07194278429012,18513500
20231226,141.75682067871094,142.87344590686627,141.43919556634015,141.91561808969738,11170100
20231227,140.38706970214844,142.25307911934365,140.00095805288885,141.76672141193512,17288400
20231228,140.228271484375,141.21090710347138,139.77964041659132,140.79403551678763,12192500
20231229,139.880859375,140.3821048207363,138.8585282752269,139.63272046446872,14881000
20240102,138.5210723876953,139.56822653666876,136.71462887199826,138.56078309738433,20071900
20240103,139.31509399414062,140.03965528621237,137.39945395677324,137.56820172367324,18974300
20240104,137.01239013671875,139.58807353971088,136.982614675602,138.8089287802238,18253300
20240105,136.36721801757812,137.7766452011386,135.83124463883706,137.32206211139567,15439500
20240108,139.48385620117188,139.59303793780887,136.85358956200596,136.97269140371955,17645300
20240109,141.4987335205078,141.73695233295356,138.74935008117012,139.01734435202192,19579700
20240110,142.7294921875,143.44908587951934,141.39947137539056,141.45902228560504,16641900
20240111,142.60049438476562,145.56824177094555,141.15632383361722,143.8163813355002,17471100
20240112,143.16622924804688,143.66250706209212,142.29277544886418,143.26547572373775,13998700
20240116,143.00741577148438,144.75430821315538,141.99103675526231,142.36224553035362,19198900
20240117,141.8262939453125,142.34242718846377,139.4640063566578,141.84614930144886,17884500
20240118,143.91064453125,144.501216335679,142.2828539232533,142.37218029404167,18876800
20240119,146.8684539794922,146.93792499629077,144.71461013559056,145.21584041702704,27181000
20240122,146.6103973388672,148.8982307739715,146.4813602617648,147.60295295917035,21829200
20240123,147.57318115234375,147.75184906225635,146.09428278266108,146.62033611680573,14113600
20240124,149.23072814941406,150.44164709266542,148.72451514244466,149.17116209638598,19245000
20240125,152.49627685546875,153.60793453670996,150.09429356838683,150.6104268397631,21495100
20240126,152.64512634277344,152.96275141962158,151.66250594481866,151.7319769646309,19494500
20240129,153.6873321533203,154.04465283716846,151.7816268878633,152.49626825555958,20909300
20240130,151.91065979003906,153.8858360295156,151.63769787306504,152.8635048238572,26578900
20240131,140.74440002441406,144.50617942972633,140.49626110164365,144.3076713205496,43908600
20240201,141.6476287841797,143.54339863638106,141.20096660878144,142.62032911698014,25526900
20240202,142.47142028808594,142.8089006932634,137.1414017074058,139.8411540776488,42136100
20240205,143.85108947753906,145.5781418375602,142.8386935740903,142.96771551558987,29254400
20240206,144.3275146484375,145.64761542499784,143.44414076279296,144.87342326208224,21517700
20240207,145.58804321289062,145.90566826383935,144.12900046383257,145.03221451892642,21436100
20240208,146.12405395507812,146.51115007912992,145.3300063519672,145.87591502568085,18241300
20240209,149.10174560546875,149.57321570686608,146.33250621709433,146.84863951569758,21877700
20240212,147.62281799316406,149.46897236320862,147.45408532675992,148.4267857575836,17236100
20240213,145.2803497314453,146.93791566796804,144.02973520169644,144.98259518521627,18138500
20240214,146.0446319580078,146.7294977526477,144.4714246511034,146.2729155078222,16651800
20240215,142.86846923828125,143.68235703311552,140.82380692871453,143.38460244061395,26724300
20240216,140.70469665527344,143.404449487463,140.4664929699147,143.13647034143443,21865100
20240220,141.1414031982422,142.26199628899775,139.75183141723363,139.8907885953345,18625600
20240221,142.76918029785156,142.90813746283476,140.85355544164068,141.57811672011056,16440800
20240222,144.2382049560547,145.1116436936809,142.93794423677772,145.03223741840605,23024700
20240223,144.20840454101562,144.86846253331288,143.71212671320606,143.89079460672014,14519400
20240226,137.7170867919922,142.76919106180267,137.707166688458,142.38209499122223,33513000
20240227,139.0570526123047,139.4441487099668,137.46895751434883,138.3721867906262,22364000
20240228,136.4069061279297,138.24314000952273,135.6227938833963,138.06448727476686,30628700
20240229,138.73941040039062,138.9081430226155,136.545871166272,137.32006326598392,35485000
20240301,137.05209350585938,138.9577986412296,136.94787939753394,138.57070252225125,28551500
20240304,133.20095825195312,135.61287623112753,131.8709373851868,135.52353471693849,43571500
20240305,132.78407287597656,133.02229164698662,130.57067836333968,131.75182182532282,28447600
20240306,131.5731658935547,133.73694494385,130.96770638103862,133.24066715146623,23175200
20240307,134.2332305908203,134.8089146810949,131.6724352148529,132.89327441489877,24107300
20240308,135.27540588378906,137.9503506897374,133.79650762531753,134.02975881406402,26495200
20240311,137.90567016601562,138.9379212713284,136.04959613901485,136.04959613901485,22536400
20240312,138.58062744140625,139.235717864035,137.18113535967947,137.22083092535453,19019700
20240313,139.72207641601562,141.13150375600466,138.96772435714914,139.01735517342172,19637000
20240314,143.26548767089844,143.65258379232648,140.4317453570444,141.24068068462822,36117900
20240315,141.11163330078125,143.26547721879055,140.07938210068167,142.3424077447282,41039500
20240318,147.37466430664062,151.79153408899293,147.03719900758404,148.2580382631111,47676700
20240319,146.81883239746094,148.5061740017726,145.91560310593732,147.8709389809071,17748400
20240320,148.56573486328125,148.64514113935445,146.56573566685813,147.6823608666149,17730000
20240321,147.6327362060547,150.17862878450183,146.90815966045912,149.20097598630602,19843900
20240322,150.64016723632812,151.4242794942746,148.97266595743443,149.12155838414085,19252900
20240325,150.0247802734375,150.3285020596783,147.6922835856365,149.82627217269658,15114700
20240326,150.57069396972656,152.0595274931158,149.90568348003643,150.11412683719794,19312700
20240327,150.8089141845703,151.5533309531698,149.0123908062486,151.0123899187446,16622000
20240328,151.1265106201172,151.5334620520856,150.20344117926825,150.86845161567692,21105600
20240401,155.3349609375,155.83123876797126,150.52105992384992,150.69972781832226,24469800
20240402,154.70965576171875,154.8287727472631,152.31760797864735,153.59799819796115,17598100
20240403,155.20591735839844,155.38458524539197,152.9845864846633,153.76671473931447,17266200
20240404,150.8089141845703,155.01734062345932,150.74936326631402,153.92553844996553,24184800
20240405,152.79400634765625,153.68730029952965,149.9562812590764,150.5508210741851,16297300
20240408,154.97764587402344,155.48881145200644,152.84365718423768,152.8684650185755,16641500
20240409,156.96275329589844,158.69972572114182,155.473919788547,156.17864097924695,21521500
20240410,156.48634338378906,156.98262125943583,155.03720532301298,156.70470686068956,16339200
20240411,159.593017578125,159.92056276267266,156.754307790576,157.16125924518346,17841700
20240412,158.00494384765625,160.49625319515445,157.4193396212034,158.2183396876894,16989800
20240415,155.16622924804688,159.63272974979193,154.98756135247436,159.08682110387247,21140900
20240416,154.8386688232422,156.0595079329244,153.89574406137064,154.48134821245765,15413200
20240417,155.71214294433594,157.49973066989327,154.9726786496622,156.01983278787083,16237800
20240418,156.28781127929688,157.3051747101729,155.04711678057174,155.75679039899535,14016100
20240419,154.56076049804688,156.81386596898835,152.76423727069755,156.57564717078418,21479900
20240422,156.774169921875,157.99997681824564,154.50122403079163,154.84860943897397,17243900
20240423,158.7294921875,159.28532090885804,156.78904414208975,157.40939140167626,16115400
20240424,159.9007110595703,160.18854551579835,157.63768553373473,157.90566463757577,19485700
20240425,156.774169921875,157.10171512058272,151.63075464016526,152.21834288977288,36197800
20240426,172.39698791503906,175.10666051468928,170.12402706585365,174.6798688681452,56500800
20240429,166.6501007080078,170.1042055467138,165.8163575311609,169.49874594669913,35914600
20240430,163.41436767578125,168.60542967730703,163.27541048543134,166.13397570999825,29420800
20240501,164.33743286132812,167.55330321259478,163.67240730219487,164.94287721914893,25223200
20240502,167.20594787597656,167.27541890279332,164.4565642149393,165.42926460676523,17041100
20240503,167.73199462890625,168.58559314401003,163.75183654496038,168.27788815241365,22767100
20240506,168.56573486328125,168.63520588616618,166.64017439901465,167.9602752858077,15147900
20240507,171.69227600097656,172.17863373280835,168.73446433736515,168.85356617161062,21102400
20240508,169.88583374023438,170.6292509168176,169.25258273205898,169.47888227678672,14569900
20240509,170.30270385742188,171.15630234033898,168.6649779130589,169.87589704336452,11937700
20240510,169.02232360839844,170.06451024649297,166.660051059944,168.42679920463004,18740500
20240513,169.62774658203125,169.67737739124613,164.52601138579016,164.612369296728,19648600
20240514,170.65008544921875,171.49376380888015,169.15133187161973,170.3126201634331,18729500
20240515,172.58558654785156,172.75035115427644,170.74935248110228,171.01734675545546,20958200
20240516,174.12403869628906,175.02726801562068,172.75432213283904,173.30023079535803,17247300
20240517,175.97018432617188,176.17366005161608,173.67738320048903,174.24314719004573,16546400
20240520,177.13150024414062,178.61039857225245,175.90569332559252,175.99005208038096,17495100
20240521,178.20343017578125,178.48135968424882,175.99003537359098,177.07191736955156,14706000
20240522,176.6749267578125,177.52058924003137,175.46400750886775,177.0719430070538,16189400
20240523,173.75677490234375,178.5706754539046,173.2406417675423,177.44908281823876,14928400
20240524,175.01734924316406,175.98409753033752,173.8957564502872,175.205937250306,11403600
20240528,176.69476318359375,177.18110576503003,174.37217142424652,174.43173748593026,15655300
20240529,176.07937622070312,176.90319927426776,174.9478633214501,175.49377198889633,15023800
20240530,172.26795959472656,175.37466368707715,171.9404144063307,175.37466368707715,18826300
20240531,172.66497802734375,173.12154511988513,169.6972313450389,172.10913417199438,28085200
20240603,173.12156677246094,174.55084943172886,171.16623079349,172.58559334783465,20742800
20240604,173.82626342773438,173.8858143392536,171.9304786366592,173.15131775839197,14066600
20240605,175.75184631347656,176.6451403917242,173.98508322138107,175.22082537536804,15233900
20240606,177.02230834960938,177.37962899368443,175.89079550090455,176.10914381293057,14255800
20240607,174.64016723632812,178.0843366253854,174.4813546941635,177.13149166279294,14716300
20240610,175.5146026611328,177.3429795915251,173.27881120401568,175.33573146009923,17099800
20240611,177.0647735595703,177.2635075730835,174.33213917707215,176.59774028847596,14402400
20240612,178.42608642578125,180.93017701513833,176.65732823714868,178.614889012618,18600400
20240613,175.62393188476562,177.38274381365807,175.54443524738238,176.71697653331069,15956900
20240614,177.24362182617188,177.6013490997328,174.74153235235562,174.74153235235562,12361600
20240617,177.65103149414062,178.78383196878292,175.3754991517427,175.8623951756443,15272900
20240618,175.3357391357422,177.78021124067124,174.51097865374183,177.66095871395126,15640300
20240620,176.58779907226562,177.61129358924018,175.34569260385643,175.59411389753828,16753200
20240621,179.1217041015625,181.35948227276089,176.9355995060005,177.36289206322127,58903200
20240624,179.64833068847656,180.93019301645566,179.09186943327995,180.13524186798963,18198300
20240625,184.40809631347656,184.57702097347587,179.96134909719103,180.00110499509233,18797000
20240626,184.1994171142578,184.75587838952063,182.82814187519799,183.03680727220527,13375700
20240627,185.68002319335938,186.31598113580557,184.2789233762341,184.47269927458336,13025700
20240628,182.26173400878906,185.40178281851416,182.1673327036361,184.54721295668855,23032400
20240701,183.32496643066406,184.16958965379928,181.57607098053737,183.31501987587765,11815900
20240702,185.43157958984375,185.76942888936475,181.90399440532445,182.31140894074,12555500
20240703,186.2066650390625,186.4352083846934,184.21432140369464,185.12355183321114,7409100
20240705,190.74781799316406,191.045911423733,186.1371192636921,186.1371192636921,14303400
20240708,189.27713012695312,190.46856363455257,188.1244669555665,190.15655112826096,12097600
20240709,189.23739624023438,191.6421124055697,189.02871569404806,190.53912131842858,10198500
20240710,191.44338989257812,192.08927919283317,189.41626363997713,189.54544756500113,12052900
20240711,186.11724853515625,191.194980719436,185.64028386530777,190.13173023437844,16452000
20240712,185.60049438476562,187.49843648927916,184.96453655255118,185.73960968673657,14449100
20240715,187.00160217285156,188.70079520995807,185.31234052831107,185.31234052831107,12186000
20240716,184.32858276367188,189.13801492294272,183.950977580426,187.766739819844,12760100
20240717,181.466796875,184.06031600360564,180.47311161748726,183.51378607948686,17376600
20240718,178.08824157714844,182.88774234184083,177.08462510298332,182.3809532461557,17877200
20240719,178.25717163085938,180.82088103924897,177.73051973450666,179.23097879511494,14485900
20240722,182.19216918945312,183.13616700217142,180.75131366419583,181.19848408923778,16303900
20240723,182.4405975341797,184.05036260692978,182.17229830124404,182.67907226351633,23772600
20240724,173.26885986328125,176.82625421406058,172.4739239415415,174.28242287465946,31250700
20240725,168.09176635742188,174.09361737582813,167.98246039564546,173.1496196127212,28967900
20240726,167.6148223876953,168.76750092834038,164.8176111170918,167.70426558454972,25150100
20240729,170.04934692382812,171.07284142949192,168.64824720396254,169.42332041868983,13768900
20240730,170.7747344970703,171.8578476970294,169.04571683697938,170.74492515486463,13681400
20240731,172.0565643310547,174.79914483658735,170.63560195458135,173.81539115580748,15650200
20240801,171.3610076904297,174.57060660316841,169.43325599913192,170.89397443893247,17177800
20240802,167.33657836914062,169.1351612826965,165.33927661435882,167.1279129721506,18907800
20240805,159.62557983398438,164.89211409365296,155.61109855114947,156.3762251898457,34907800
20240806,159.52621459960938,161.32479753974454,157.13144480212082,159.92867105318848,36146500
20240807,159.73489379882812,163.7493752825507,159.22811981197012,162.20917537275696,19334200
20240808,162.8053741455078,164.45489516194675,161.00680641897057,161.3188189520736,15733600
20240809,164.34561157226562,164.4747955135683,159.91376845169063,160.6242649664209,13549200
20240812,162.9146728515625,165.6473069392791,162.51720486741277,164.94675710820903,12435000
20240813,164.8821563720703,165.48830487121216,163.7294932144231,164.14186584696583,12717600
20240814,161.0067901611328,163.9182952913303,158.52257749412473,163.17303149122787,22515900
20240815,162.1396026611328,162.48739852550634,160.4702189019766,161.18567341659553,18392500
20240816,163.69969177246094,165.89572739193937,162.05017083785265,162.3780887462337,16853100
20240819,167.33657836914062,167.40614360975903,165.04116802765475,165.94542518109844,13100800
20240820,167.89305114746094,169.3338915956219,167.59494256725435,167.67443919947158,12622500
20240821,166.57144165039062,167.57505816391546,165.51813784833985,165.93548377958084,15269600
20240822,164.44497680664062,168.35015254515864,163.98787492204426,167.97254729972832,19123800
20240823,166.37269592285156,166.88941644178666,164.61388413977602,165.4982633089983,14281600
20240826,166.86952209472656,168.31037753789911,165.26970373045475,167.09310729451002,11990300
20240827,165.329345703125,167.18255886662448,165.11073374973338,166.5515742334998,13718200
20240828,163.46121215820312,166.33296172275269,162.24891502525102,165.72681315627662,15208700
20240829,162.36814880371094,166.57144794033493,160.9591039770169,165.01135496381278,17133800
20240830,164.06736755371094,164.23629222190004,162.37810570938657,163.18298831293663,18498800
20240903,157.60838317871094,162.34826501620617,156.85814612925503,162.28367306328212,26533100
20240904,156.81344604492188,159.38708686154732,156.44578740324155,157.0767719946935,17410700
20240905,157.5984649658203,159.9982078419264,156.5252832244312,156.7836358953015,14139500
20240906,151.1693115234375,158.21453488965136,150.97553566070164,157.6878830260937,24999100
20240909,148.79127502441406,153.86574636882833,147.45798779294216,152.86080871210243,28057700
20240910,149.25892639160156,151.5374693511312,148.79426929811413,150.69171904726548,20401800
20240911,151.38821411132812,151.71656369963523,147.95549049886938,150.3335237150403,18991500
20240912,154.76124572753906,154.83090254362375,152.7314661475892,154.03490489530117,20980800
20240913,157.5770721435547,158.47753979735216,155.32839292130552,155.57913012080755,16733900
20240916,158.19398498535156,158.44273330210058,156.82088941853155,157.53728578536007,14157600
20240917,159.47752380371094,160.780962588491,158.61188449707836,159.28847264883882,12064800
20240918,160.00485229492188,160.82075399745483,158.8606162005211,160.0446605246212,16756500
20240919,162.42269897460938,164.16393711256978,161.70829153371122,163.9947900867692,17548200
20240920,163.815673828125,163.92512368340348,162.3629771291916,163.6962795068724,46362700
20240923,162.25355529785156,165.77582469509017,162.1341457847575,164.51217902638942,15648400
20240924,162.8206787109375,163.72612612261392,161.21873912966024,163.42762514067337,18774100
20240925,162.17396545410156,163.39481204585095,161.96003035331634,162.15406133678346,13607900
20240926,163.00973510742188,164.67137190231358,162.68138553491403,164.2037238913834,18234500
20240927,164.46241760253906,166.13401405564426,163.0097360480935,163.08933732513577,13604300
20240930,166.35292053222656,166.52206755941856,163.81568475956325,163.9549832044503,14070100
20241001,167.5767822265625,169.58667309310528,165.0693946730216,168.0145817403039,18629500
20241002,166.47232055664062,168.0344672685374,165.4176301260722,166.92006448892445,12745000
20241003,166.37281799316406,167.0693101897403,164.54201898480358,164.98977806625155,11004300
20241004,167.716064453125,168.70111326366936,166.1240843183051,168.4921579951081,11422100
20241007,163.56692504882812,169.0493318975737,163.30823229275637,168.2931425612473,14034700
20241008,164.870361328125,165.2683676961341,163.48732146187328,164.60170892751768,11723900
20241009,162.24359130859375,165.42756656207547,160.31330204112282,164.02960230873123,19666400
20241010,162.36297607421875,163.48832523779743,160.830693292667,161.2983412910555,12900500
20241011,163.6962890625,164.44253397867172,161.68639850387447,162.51224469965817,10946000
20241014,165.5171356201172,166.78076613469128,163.95498890732665,164.08434289007533,9981800
20241015,166.06436157226562,168.24339914310818,165.21862644863623,166.30316540961533,14829300
20241016,165.90518188476562,166.44247156571197,164.38881008946538,165.1987299888625,9968500
20241017,163.6863250732422,167.08919997886755,163.5470266332128,166.5419658674321,15113400
20241018,164.2236328125,165.53701595857945,163.92513181217555,164.0445261393487,13091300
20241021,164.96987915039062,165.38777448150628,163.48235396031905,163.75598620564867,11384000
20241022,165.98477172851562,166.63151123094954,163.84552725432798,163.87537583552393,11958600
20241023,163.65646362304688,166.76085247192162,162.81370433154046,165.5966971645998,12754300
20241024,163.70623779296875,164.2236385327271,161.9550551430686,163.76593495863472,12764400
20241025,166.15391540527344,166.56185106753804,164.4027177042704,164.53705149933973,14566400
20241028,167.4971466064453,169.75180756716622,164.959910986279,169.7358812391113,20858300
20241029,170.28314208984375,170.99953843556716,167.81556311145863,168.53692409934393,28916100
20241030,175.25808715820312,182.86977843625235,174.8650606256114,181.49669825774333,49698300
20241031,171.8253631591797,177.52666944712772,171.69600919609024,173.84519796451954,32801900
20241101,171.7855682373047,172.94972363049362,169.45728781570926,170.68112518874412,21752900
20241104,169.825439453125,171.0592365402909,168.6364304224058,170.38264842249774,16194000
20241105,170.55178833007812,171.23534513726273,169.51698689827467,169.974690451263,12518300
20241106,177.4371337890625,177.7455792425123,174.16359775834172,174.4720583941824,27061500
20241107,181.3673553466797,181.66585633668203,177.99432907915246,178.21322879299478,16730400
20241108,178.95947265625,181.4370111220325,178.67093131640752,181.08875743861722,15021500
20241111,181.05892944335938,181.17335913689516,179.08884698841757,179.16844827317385,12503400
20241112,182.4021759033203,183.1036328072383,180.08383973234555,180.47188650536924,14065800
20241113,179.58631896972656,181.70067941183493,179.2181611804868,181.23799605882732,13969700
20241114,176.46206665039062,179.5415721079319,175.1486682156066,178.850044481498,17925800
20241115,173.01937866210938,174.99942072991058,171.88010711985848,174.76061688007164,21708900
20241118,175.91481018066406,176.02426004579834,173.546721379973,174.07904641414385,18662800
20241119,178.6808624267578,179.2679047110212,174.23920874165702,174.35761619975898,15392900
20241120,176.44215393066406,178.21324069190095,174.45216744096942,177.93464379793505,15729800
20241121,168.3926544189453,174.70090765512782,164.48232325308783,174.5765335052864,38839400
20241122,165.7360382080078,167.4225439255199,164.88034337851366,166.32308060039298,24497000
20241125,168.58169555664062,169.60655255064373,166.56186051570637,167.1489180596247,21395700
20241126,169.76573181152344,170.63635084555315,168.58168749606043,168.64139984017382,14937500
20241127,169.96475219726562,170.28314213857163,168.82050086416712,169.82543856885383,12433400
20241129,169.6363983154297,170.0144854122663,167.90510465950186,169.20854333908335,9250700
20241202,172.11392211914062,172.73082823660852,169.41749900801094,169.46725170525065,16593400
20241203,172.15371704101562,173.44721115729334,171.64626082374897,172.2532072454121,15721500
20241204,175.20834350585938,175.546637539585,171.88506996478583,171.91491854526802,18239800
20241205,173.437255859375,176.8202417239073,173.13875487391763,176.43219499752993,16145500
20241206,175.60635375976562,175.95360541178027,172.68107134880123,173.00942092374532,13319500
20241209,176.4132080078125,177.34954989746097,174.71978848912806,175.033569343468,19887800
20241210,185.806640625,187.3008236666633,181.96160898980182,183.8193820434649,34317400
20241211,195.94717407226562,196.12646874446978,185.53768654697186,185.9759826785147,41664500
20241212,192.8791046142578,195.94217667495153,192.53045584003257,195.53874848742487,25197800
20241213,190.63784790039062,193.58636073560123,190.51830291544877,191.96269208633942,18883200
20241216,197.39154052734375,199.8619188484649,193.35724335963644,193.6112593352628,32248600
20241217,196.35556030273438,202.09323264899297,195.92723514612658,197.76009594579685,24129500
20241218,189.41258239746094,197.91947234808922,188.54596116627974,196.0666849161878,27638400
20241219,188.96435546875,193.84536277878095,188.7850607902299,192.53047433783343,26981200
20241220,192.21170043945312,193.38213158489262,185.6472451593918,186.28476260696812,45319700
20241223,195.22994995117188,195.72801093509787,190.88685756335263,193.2775442063514,15235900
20241224,196.80384826660156,196.90345135565406,194.44103743196277,195.40926822331525,6809800
20241226,196.33566284179688,197.39154978666022,195.11042177216143,195.977058294521,7907900
20241227,193.28750610351562,196.03681255000853,191.2275326178882,195.70809046620545,14693000
20241230,191.94276428222656,193.02853369164805,189.62179803297198,190.12484454267624,12209500
20241231,189.70147705078125,192.50057745269567,188.84481151855695,191.6987065345426,14355200
20250102,189.8907470703125,192.45077277859082,187.97819460041782,190.7424271483995,17545200
20250103,192.38104248046875,193.74572472649058,190.60794657554771,191.97761429533654,12875000
20250106,197.19232177734375,198.78610788965761,194.3035587994232,194.3932061333201,19483300
20250107,195.94717407226562,201.35610947838407,195.18015584206566,197.501122029833,16966800
20250108,194.6322784423828,196.87355295931474,192.99863895802596,193.19786031960788,14335300
20250110,192.42088317871094,196.8536229987654,190.85697955663122,194.66215765847485,20753800
20250113,191.54428100585938,191.74351755339612,187.92836870220836,190.60793915066353,13169100
20250114,190.3091278076172,192.52052005726506,188.90459201669714,191.75350179419556,13651200
20250115,196.2161102294922,197.03293757748568,192.58027095513168,193.59631966617226,12894900
20250116,193.6560821533203,196.21610779593715,193.54650812506105,195.06558809902253,13449600
20250117,196.78390502929688,198.03901328310783,194.55258626735076,197.28196603154788,22109100
20250121,198.8558349609375,203.04949996870735,198.66656935353225,199.73241196420346,19005200
20250122,199.25428771972656,201.3361791069415,198.4275046138818,199.77227542933375,15477400
20250123,198.8060302734375,201.15687879775032,196.05673902959322,199.204472992969,15170800
20250124,201.11705017089844,201.78446536770088,199.00925843777662,199.07501198233066,12732400
20250127,193.01856994628906,197.89956181185707,191.95271207871966,193.43693937479924,24970200
20250128,196.30577087402344,196.46513884315854,191.86306004269633,193.89514224561265,15939200
20250129,196.4153289794922,197.69037912518527,194.43305592406392,196.6045945917345,12287800
20250130,201.8441925048828,202.44983634357547,198.69843469262187,198.98531221637543,14571500
20250131,204.8026885986328,206.2769448978368,202.79051790943333,202.9249889071245,17060300
20250203,201.85415649414062,204.42415301471644,200.87796121410668,201.43080161465778,16719500
20250204,206.90451049804688,207.89066156549822,203.4678773853658,203.7069521409136,28285400
20250205,192.55038452148438,193.79553701425183,189.17353156908362,192.35116316256466,43666400
20250206,192.56033325195312,193.0783209259593,189.7512772344421,190.24933821339792,20816600
20250207,186.4142608642578,192.26647731263563,184.38217877682177,191.9925498566,29565700
20250210,187.47015380859375,189.25322066659953,186.88244548763515,188.32681932034947,16606000
20250211,186.34454345703125,188.06783020214885,185.35837723892726,186.11045418705976,13028100
20250212,184.7108917236328,186.1054716174257,182.917884316723,184.51167036726673,17632300
20250213,187.1514129638672,187.26098699579796,184.16304685624547,185.20896283422024,12729300
20250214,186.14532470703125,187.42035972936003,185.38827741240368,186.10548651241567,12714200
20250218,185.0794677734375,187.0517850469982,182.868075751718,186.7131072201513,19796000
20250219,186.40432739257812,186.63343121225648,184.78064355834982,185.4629847427857,13120500
20250220,185.91622924804688,186.394363603014,183.88414683972374,185.7767727611974,12063800
20250221,180.87582397460938,186.74298160248426,180.42757214082488,186.5636717492017,19520800
20250224,180.4873504638672,184.37222024540685,180.1785550709263,183.08722953293318,18734000
20250225,176.68215942382812,180.05901249422945,176.08449532618422,179.45636292256336,20832500
20250226,174.02252197265625,177.38941942120738,172.91682587088818,176.2588263476241,23637200
20250227,169.5499267578125,175.90517457404238,169.09369511454358,175.25770137508286,25930500
20250228,171.55213928222656,171.83105223800592,167.73699003756792,169.63958678561835,30049800
20250303,168.00595092773438,174.3213611642928,166.9899021667699,173.05628188737933,24122000
20250304,171.9406280517578,174.4857125995133,166.89028195089057,167.28873989157168,30711400
20250305,174.31141662597656,175.06846397128743,170.26714801918882,171.6517723685461,18848000
20250306,173.534423828125,176.04464037532372,171.83901308441207,171.88085762667328,19082400
20250307,175.0684356689453,176.2139698509445,171.58200878506875,172.57016615364515,16395300
20250310,167.34967041015625,169.98242789879407,165.11083364000163,169.6932301062815,28990700
20250311,165.52467346191406,168.19233834954707,162.79219966682945,166.22275015347105,23705900
20250312,168.5364227294922,169.06496768992824,165.02607404266914,168.00787776905614,19880100
20250313,164.2781219482422,167.65882217030887,163.6199439708421,167.5192068154746,15206200
20250314,167.16018676757812,167.78846344663302,164.05871738434496,164.86151705390753,18611100
20250317,166.1130828857422,167.99789774713304,165.3551579314285,166.86600146939315,17839100
20250318,162.22378540039062,165.9834483433943,158.36440589305724,165.504769270585,24616800
20250319,165.82388305664062,167.67179700457908,162.60274739553324,163.46536491130865,24955700
20250320,164.59725952148438,166.57182398432158,162.69249513101892,163.3756136941133,19981500
20250321,165.7939453125,166.01334302891465,162.58277715435602,162.93182312599697,29882100
20250324,169.46385192871094,170.03229564643644,166.98069207130337,168.80068280829667,18742800
20250325,172.31600952148438,172.43569069454404,170.0821638501357,170.71042533673634,13841600
20250326,166.68150329589844,171.46833904684703,166.4032617058507,170.83009529451596,22498000
20250327,163.62989807128906,166.98068153823098,163.40053326732718,166.2526883327416,21571200
20250328,155.63189697265625,163.36063733153796,154.91288174399585,161.914617985198,34866500
20250331,155.8014373779297,156.69897769591987,151.79247569514342,154.38533444093966,33591600
20250401,158.44418334960938,159.64088860290096,154.82912703672736,154.87400177182084,20111400
20250402,158.42422485351562,159.83533661020232,156.10061455152714,156.5294429126843,17113300
20250403,152.21133422851562,154.26268338948154,151.76255642428285,152.415773730749,28416100
20250404,147.33473205566406,152.67004705701973,147.13526851271615,149.488795280342,39832200
20250407,148.8306121826172,154.5049906637876,142.26866053002584,142.9966537424444,47823000
20250408,146.17791748046875,154.0163572830598,144.81168040387425,153.15372459087558,35304400
20250409,160.61817932128906,161.42595490236522,145.41001297471655,145.9285907764552,46479500
20250410,154.94378662109375,159.59100703537513,151.7824843406383,158.32448661840758,35270500
20250411,158.96273803710938,159.4214828900061,155.15821588311775,155.15821588311775,22582000
20250414,161.02706909179688,163.5800442613397,159.48131788958594,161.8647612161283,18255900
20250415,158.24472045898438,161.60548662047464,157.2125711136264,161.12680756053086,15690800
20250416,155.0734405517578,157.7460816121238,153.48780580846912,155.04352406353968,16921500
20250417,152.93931579589844,156.63914551785228,150.48605717451858,156.1804006573908,19513400
20250421,149.4489288330078,150.64563414321242,147.99292697402092,150.55089351453177,16147800
20250422,153.4778289794922,154.18588806543661,150.45614182614645,150.6556053772964,15910300
20250423,157.28736877441406,159.5810628232613,155.92113161014544,157.47685003131366,18575700
20250424,161.02706909179688,161.26641622029112,157.65633597926455,158.0901402859029,30787500
20250425,163.40054321289062,167.77850023609406,162.55286879192676,166.64162802009162,35148100
20250428,161.97445678710938,164.4975154163947,159.9400594955455,163.80940575078378,20871200
20250429,161.61546325683594,162.23375771315298,158.9527889542957,161.60050501085837,15955200
20250430,160.4486541748047,160.93132003878804,156.7238992270367,159.4214808354622,20639500
20250501,162.3434295654297,163.4902840282257,160.4885312883131,162.07418118265323,21904300
20250502,165.35516357421875,166.24272160342787,163.2110673335134,164.50251318845105,16844900
20250505,165.59449768066406,166.64162038300333,164.01883008211257,164.06370481289306,15309300
20250506,164.74684143066406,166.2826256209725,162.6825275029046,163.51025257901807,10691900
20250507,152.38084411621094,166.53192073170123,149.07992649888428,165.6144462894935,78729800
20250508,155.32276916503906,156.97821934560366,153.67730129276063,155.49230101963664,38387500
20250509,153.95651245117188,156.0008767547779,153.4080181578182,155.12330110234345,22871000
20250512,159.1422576904297,159.99989923182653,157.45689109723676,158.66357863988551,31884900
20250513,160.4486541748047,161.6154428646326,157.147736432167,159.48131381182282,24944300
20250514,166.3524169921875,167.87821879457485,160.48854169395702,160.8675041761217,31769200
20250515,164.94627380371094,167.05048632634782,163.39055558165364,166.68150616819955,22717600
20250516,166.970703125,170.18187132307358,166.49202410911192,168.4665883644654,36271400
20250519,167.40951538085938,167.48929776101073,164.9612478002886,165.26042792162292,21374700
20250520,164.86651611328125,169.2145415389476,163.809411029233,167.2998101390324,33563300
20250521,169.593505859375,174.05124541657764,164.43768951605247,164.49752249530096,45567600
20250522,171.50823974609375,177.6413788951047,171.40852318489004,172.87449206528717,45024100
20250523,169.1248016357422,170.7353770798728,168.79570501788888,169.81291136244153,24963600
20250527,173.50274658203125,173.81189377809147,170.74035599876692,170.83010546531364,24341300
20250528,172.90440368652344,175.99589090157693,172.54039944520105,173.5027486876955,25999200
20250529,172.48556518554688,174.91885931079202,171.3087940961788,174.51996262584905,21174700
20250530,172.37583923339844,172.96421707717835,168.06269151829088,171.9370438187386,36258300
20250602,169.9026336669922,170.59273670161065,168.18735077867083,168.5463638301086,24742900
20250603,167.2499542236328,169.33421740320648,166.2227656610953,168.40178467639365,25386700
20250604,168.9253387451172,169.11481998304504,167.3347128375843,167.8183830228989,18508700
20250605,169.34417724609375,171.88718516661356,168.88544763287672,171.14920964574225,25375400
20250606,174.44017028808594,175.347677694002,171.8273621519075,171.8273621519075,22258100
20250609,177.3556671142578,177.6402153718793,175.38870842986094,175.59837556705574,18817600
20250610,179.7319793701172,182.16323144952992,176.20245055412113,177.48545436637687,32908000
20250611,178.5138702392578,181.46930552237777,177.72509701778952,180.950104343879,18994400
20250612,176.69668579101562,177.85489792406833,175.83801337999012,177.20589265380562,17345900
20250613,175.60836791992188,178.0675613928071,173.30193802509706,173.31191709596868,20873200
20250616,177.66517639160156,177.96969801010982,175.54845557966115,175.63331576652783,18132500
20250617,176.95628356933594,178.43899076022245,175.66828253538915,176.72664304480134,17656100
20250618,173.71128845214844,177.54936088571782,172.5730497599219,177.00619474076913,32531800
20250620,167.470947265625,175.09416523737374,166.01321067580938,174.5949374560243,55402600
20250623,165.7536163330078,168.21980299782112,163.0777625142281,167.06160602705512,36975600
20250624,167.48094177246094,168.98860418926247,166.65222182620118,167.4260187941308,27310300
20250625,171.22515869140625,173.09226581389888,168.30068134547906,168.38953316950784,23627400
20250626,174.1605987548828,174.3802602003527,170.59612027198173,173.11721450651243,25909100
20250627,177.9946746826172,178.56378642226113,172.4432642772778,174.3602970998626,74053100
20250630,177.1160430908203,181.29957460621677,175.22896256491478,180.50580421085897,43964600
20250701,176.63677978515625,176.94629857639345,174.39025473688548,176.5319309802097,25778500
20250702,179.4823760986328,179.65710887852734,175.8180458150953,176.27234494873161,19325900
20250703,180.2711639404297,180.49082539406643,177.9148080847821,179.54229560893882,13287400
20250707,177.28578186035156,180.06148733419192,176.36720449532464,179.85680209877262,20991400
20250708,174.8894805908203,178.51386393532042,173.65139020434393,178.50388486434102,24108600
20250709,177.3856201171875,180.00156883376084,173.6114592836493,175.83801093756307,31288000
20250710,178.42401123046875,179.31263609787564,175.46859121008725,176.397147597673,24693700
20250711,181.02996826171875,182.32796348740288,177.2667922024666,177.63522558090386,23975700
20250714,182.52764892578125,184.4446816723468,180.4318917901642,181.78880160062218,20990400
20250715,182.8172149658203,185.12364481924809,182.10830483087008,183.6559139606627,23911600
20250716,183.48617553710938,185.04876086661793,182.79723878931895,184.0353291212338,21152600
20250717,184.4147491455078,184.90099654275474,181.21969422278445,182.8322055265823,21654400
20250718,185.65283203125,187.0706371193561,184.4446940821443,186.3317745092629,21033400
20250721,190.85476684570312,190.96459756247992,186.76110834857775,186.8110341716985,24665000
20250722,191.81329345703125,193.0613628759034,188.20387121297293,192.12281223527594,26212900
20250723,191.21421813964844,193.06136701325298,189.88627042128354,192.06291145675814,34068100
20250724,192.901611328125,198.6627041806578,191.6535418769399,197.80403178883356,45252100
20250725,193.78025817871094,194.97340465838818,191.83327287103867,192.63202513607754,31101800
20250728,193.1212615966797,194.51910844226362,191.55867629656885,194.1097380295069,25553500
20250729,196.12661743164062,196.35627317873985,192.69194311869856,193.0014619032327,31891600
20250730,197.13507080078125,198.1734578933613,195.257969447984,195.99683205679682,21150500
20250731,192.5621337890625,196.52600345506076,191.7833396958398,196.29636294942387,27852000
20250801,189.65663146972656,191.32205462037308,188.40856201383838,189.4868958519525,21236700
20250804,195.4476776123047,195.77716977826867,190.62513538628775,190.87974643162875,23386000
20250805,195.01834106445312,198.39311038953284,194.3743329829563,195.24298441714578,19010200
20250806,196.61587524414062,197.0751715243873,194.16666072818697,194.94845621765052,15383700
20250807,196.97531127929688,198.0636241811511,194.91849526728674,197.4046550915873,14660600
20250808,201.7778778076172,203.11580458395042,197.59434662865613,197.67422490063132,24379900
20250811,201.318603515625,201.84778375432532,199.49142797559023,201.2437071589298,16690200
20250812,203.84469604492188,204.81319918192554,201.0889488776854,201.78288282269472,19854000
20250813,202.7164306640625,205.11271790848946,198.33321137510248,204.66341595456223,19573000
20250814,203.50521850585938,205.10273825251264,202.01251709138205,202.24715475618467,17777100
20250815,204.59353637695312,207.0097970502324,201.7729024129421,204.40382737928184,21111400
20250818,203.97447204589844,205.82162085713637,203.09584154580025,204.7532813700738,13000200
20250819,202.17727661132812,203.97448447366057,200.61967310329786,203.5900845586483,13476600
20250820,199.8808135986328,201.8577512684256,197.15503428654648,201.36850257744715,13971700
20250821,200.31015014648438,203.04592387341168,200.09048870383648,200.4100017968599,11768900
20250822,206.40074157714844,208.9068596330031,201.81783405788252,203.6450096228341,25723700
20250825,208.8369598388672,210.7639716760469,205.63191092201342,206.68029226314627,22788800
20250826,207.6288299560547,208.13805204048316,206.13114662109604,208.04817946161637,23051000
20250827,207.88844299316406,209.2463431912284,206.07124652485047,206.1411457283501,15249000
20250828,212.0419921875,212.57117238999064,207.2793703650841,207.51898993739863,20915700
20250829,213.20021057128906,215.00741266388385,210.64416682252147,210.9437065320351,24682200
20250902,211.66261291503906,212.041025402124,206.64038235228847,208.6672460473044,28900100
20250903,230.7430877685547,231.44200361883648,224.77231250489172,226.13021268624902,72250300
20250904,232.30067443847656,232.41050515957645,226.40977748846325,229.79953838333347,32196000
20250905,234.80679321289062,235.76531725805415,232.02110889217334,232.3006752313413,26127700
20250908,234.00732421875,238.24454985055107,233.57759666242987,235.63625103996944,23128800
20250909,239.78355407714844,240.4331241573419,233.22783384154016,234.0373032564655,22854800
20250910,239.40379333496094,241.922154447817,237.95474185194615,239.09399790914586,19990100
20250911,240.6230010986328,242.41184249017257,236.42574270750922,239.9834190128315,21308600
20250912,241.22262573242188,242.2649449671254,238.34449860548148,240.64300206108857,14536600
20250915,251.59584045410156,252.58520043798106,244.82026241003442,244.980161745602,29935200
20250916,251.25607299804688,253.06489044304075,249.5521828236566,252.165483340186,24493500
20250917,249.68710327148438,251.7857249169014,246.41923105002894,251.2960541573909,20491300
20250918,252.1654815673828,253.97429899966014,249.9469277971752,251.6957867895291,21166400
20250919,255.07357788085938,256.5326326066914,251.90363384209934,253.23476605196709,41616800
20250922,252.71511840820312,256.1428746106005,250.64646080006915,254.6138734432144,20079000
20250923,252.1754608154297,254.6038842900218,250.92627586419746,253.48960582394037,17521100
20250924,247.6684112548828,252.79507126242333,247.05880837825745,251.9855865910959,16958500
20250925,246.40924072265625,247.1537500940936,241.49243520267595,244.68035772423693,17379800
20250926,247.01882934570312,249.95691488202831,246.4791881395072,247.62344586003442,16594600
20250929,244.20066833496094,251.48391066241172,243.04142104059784,248.11310889238666,23157200
20250930,243.39120483398438,243.51612333212861,239.4147952973542,242.90151883167655,22541200
20251001,245.37989807128906,246.98884894065887,239.0440354920674,241.02274023707793,23967700
20251002,246.26931762695312,247.4735337836427,242.94648861306507,245.4798394250779,20657500
20251003,246.289306640625,246.95687035937326,242.31190594958701,245.0701008850218,19941400
20251006,251.34600830078125,252.03556085596028,245.52981090927676,245.61974856895048,18309000
20251007,246.9688720703125,251.38598832802836,246.64907339611258,248.76768624174676,13811200
20251008,245.29995727539062,247.09877140655033,244.9301881605209,246.0394650074506,14136500
20251009,242.0520782470703,245.39488317397436,239.52371385692186,244.9002108090174,19375700
20251010,237.3351593017578,244.68035786865013,236.53067624153942,242.00211257865035,22449100
20251013,244.48048400878906,244.83026189387334,240.5930210593619,240.87283726789343,12465000
20251014,246.02947998046875,247.86327497207864,241.0207392770717,241.59737415880704,17705400
20251015,251.54588317871094,252.59518634371952,246.62907776804082,247.92324680271904,16048100
20251016,251.7157745361328,257.412039733801,250.5065567686617,252.30038456613704,18946000
20251017,253.62451171875,254.71381258280724,248.42790538348763,251.18611550864574,17653800
20251020,256.8524169921875,257.71187214774994,254.4340118637041,255.06359074677613,13726800
20251021,251.17611694335938,255.21349131081692,244.5104677649344,255.08357119414507,27836400
20251022,252.36534118652344,257.0123031390601,250.2877020062622,254.8437198779537,19650200
20251023,253.56455993652344,255.69317602396845,252.60319681232596,253.53458071688394,13241300
20251024,260.34014892578125,262.3388448619566,255.933020726793,257.1322199898904,18406000
20251027,269.7539978027344,270.6234256814365,264.7672610515648,265.1869701320579,22987700
20251028,268.2549743652344,271.2030631428179,266.9958166328353,270.0238398308567,20101200
20251029,274.9906005859375,275.790066781071,268.25497437633226,268.4348496955852,26287900
20251030,281.7161865234375,291.73964543835973,280.26715026616273,291.5297909040995,48570000
20251031,281.6362609863281,286.09834615146855,277.34206555342627,283.0203372294134,29932800
20251103,283.93475341796875,285.75357412647895,280.1871983580786,282.23588008942727,19691800
20251104,277.8786926269531,281.65024916844396,276.6844644896837,276.88434628169716,18123700
20251105,284.5643310546875,286.51307177195645,277.69881546251395,279.19783739958865,20063200
20251106,285.1539611816406,288.62170004085374,281.4363853167139,285.5486926715029,23103800
20251107,279.51763916015625,284.3144972128298,275.56019924413687,284.02467776243657,21991100
20251110,290.4005126953125,291.26994051890455,283.35512195449274,285.0790032414487,19508200
20251111,291.5497741699219,292.14938906618625,287.6923055498566,288.01210422755497,14156700
20251112,287.2425842285156,292.16936247888566,284.1945850710095,291.8945478823368,16998800
20251113,278.9380187988281,283.3251713137129,277.8187538786583,282.8004891969117,18060200
20251114,276.7994079589844,278.96797594579846,271.2330325220686,271.7177016420648,18330500
20251117,285.4137878417969,294.32795470266535,284.04468599528104,286.2132540229553,34286100
20251118,284.7742004394531,289.246288884512,278.8280980775343,288.2968960757756,29702200
20251119,292.7989501953125,304.05161802852626,287.482442205392,287.4974165660577,43123600
20251120,289.79095458984375,306.68993354598797,288.98148512013125,304.5413108694683,34801400
20251121,299.4546203613281,303.7618077764989,294.1680609326802,296.6764341573702,43670600
20251124,318.2623596191406,319.5914790436659,309.19826591579596,310.8072320588326,55311800
20251125,323.4289855957031,328.4557045708052,317.6087780037563,326.5868982838347,50899300
20251126,320.0711669921875,324.7780873971327,316.99318865990756,320.57084097778153,29839600
20251128,319.9112854003906,326.6668878195667,316.73336599519826,323.21912492867204,19695800
20251201,314.9145202636719,319.42158926511087,313.77527946257874,317.26799565865406,28520600
20251202,315.8139343261719,318.39226916605145,314.0151201802352,316.6933654189159,24668200
20251203,320.41094970703125,321.83003728081405,314.07508706995475,315.82394606355047,32285100
20251204,318.18243408203125,322.88834834302395,315.38424129791457,322.83439794428057,20831600
20251205,321.8799743652344,323.61883002174113,319.77136485052137,319.79134083015884,15719900
20251208,314.45001220703125,321.2300109863281,311.9100036621094,321.0299987792969,22006900
20251209,317.75,318.7090148925781,312.6199951171875,313.1000061035156,14151300
20251210,321.0,321.8699951171875,315.3999938964844,316.6199951171875,22764500
20251211,313.70001220703125,321.989990234375,309.8800048828125,321.1000061035156,25912100
20251212,310.5199890136719,316.1400146484375,306.9599914550781,314.7950134277344,21264800
20251215,309.32000732421875,312.70001220703125,305.739990234375,312.625,22028900
20251216,307.7300109863281,311.8450012207031,303.8299865722656,306.0,21285200
20251217,298.05999755859375,309.19500732421875,297.45001220703125,309.010009765625,29120400
20251218,303.75,305.260009765625,300.6300048828125,303.05999755859375,21040500
20251219,308.6099853515625,308.989990234375,302.3399963378906,303.2699890136719,45234400
20251222,311.3299865722656,311.70001220703125,306.5899963378906,311.2250061035156,14091400
20251223,315.67999267578125,316.29998779296875,310.75,311.135009765625,13961400
20251224,315.6700134277344,316.2900085449219,313.32000732421875,316.1499938964844,6138200
20251226,314.9599914550781,316.55999755859375,313.7200012207031,315.9200134277344,6730900
20251229,314.3900146484375,314.9700012207031,311.8999938964844,312.82000732421875,12317700
20251230,314.54998779296875,317.70001220703125,313.25,313.4100036621094,11052500
