Date,Close,High,Low,Open,Volume
20130102,27.805767059326172,27.98451872205208,27.229790531719118,27.249652248492566,69846400
20130103,27.577363967895508,28.27250703233653,27.39861229888799,27.686599625753058,63140600
20130104,28.560497283935547,28.72931810029932,27.636948223481845,27.815699898939684,72715400
20130107,29.21591567993164,29.58334985030941,28.451256659224867,28.490980091316512,83781800
20130108,28.858413696289062,29.394668689511843,28.659802209038745,29.305292857308046,45871300
20130109,30.3778018951416,30.38773275393085,29.28543205185343,29.46418372182465,104787700
20130110,31.082874298095703,31.23183527851311,30.06995137478614,30.387731263990517,95316400
20130111,31.499961853027344,31.73829677732145,30.884263772130303,31.063015438880285,89598000
20130114,30.73530387878418,31.98656172513142,30.407593129670843,31.85746624892087,98892800
20130115,29.89120101928711,31.49003139345145,29.672725915327508,30.427454132214724,173242600
20130116,29.64293670654297,30.13946830332219,29.325156787663104,30.000438168223955,75332700
20130117,29.930923461914062,30.20898183255054,29.82168780076069,29.871340201819706,40256700
20130118,29.454254150390625,30.228844122748313,29.066960111270642,30.09974484696317,49631500
20130122,30.516828536987305,30.67571848108602,29.533696297582424,29.543627155853287,55243300
20130123,30.6062068939209,31.28149015914541,30.58634517573954,30.884265266106784,48899800
20130124,30.864402770996094,31.271558512876332,30.59627526465028,31.053085300733994,43845100
20130125,31.321208953857422,31.708502930410287,30.914051367949195,31.19210969892819,54363600
20130128,32.2447624206543,32.284482068492146,31.589338984270015,31.65885310328046,59682500
20130129,30.576416015625,31.84753566523619,30.496969143406613,31.77802154616279,72976500
20130130,31.023290634155273,31.27155640609389,30.66578731644606,30.76509400404501,87682100
20130131,30.76509666442871,31.251697392212648,28.540635382794555,28.947791132452906,190744900
20130201,29.523767471313477,30.804819864661273,29.424460775887514,30.79488900570691,85856700
20130204,27.915006637573242,28.997445656917904,27.815699940601515,28.858415523510406,92362200
20130205,28.441329956054688,28.759109882740788,27.845493540577138,28.063966766644388,47948200
20130206,28.84848403930664,29.08682086452154,28.46119001303834,28.540634990070753,38375900
20130207,28.451257705688477,28.947789260392,28.073894557525524,28.908067720956854,34540100
20130208,28.351951599121094,28.96765157303008,28.312230058868877,28.68959321479415,37708800
20130211,28.06396484375,28.481051442476897,27.84549163265216,28.411537325042023,37361800
20130212,27.180139541625977,27.96465845363361,26.912012033650164,27.478057732187324,93498700
20130213,27.716394424438477,28.123550194662794,27.12055611134116,27.170210409001307,50164000
20130214,28.30229949951172,28.431396874343353,27.8156987880423,27.825629646739753,35615800
20130215,28.123544692993164,28.55056209874624,27.895140650791372,28.32215805654445,33109300
20130219,28.72931480407715,28.878273885162145,27.92493425092417,28.034169900190513,49396400
20130220,28.262577056884766,28.848484481779472,28.133479677521148,28.71938710241585,42098200
20130221,27.09076499938965,28.351953834172264,26.96166572162814,28.083828207509416,49642300
20130222,26.941802978515625,27.438334563696742,26.633953926056286,27.42840559881668,36350200
20130225,27.080829620361328,27.44826188533712,26.961661221863743,26.97159207958166,34652000
20130226,27.19999885559082,27.26951297247795,26.514786651316854,27.17020817356355,31611700
20130227,26.68360710144043,27.15034609004464,26.445270283730192,27.15034609004464,44319700
20130228,27.060970306396484,27.110622705274942,26.157283009161826,26.65381457441681,83027800
20130301,27.587295532226562,27.92493716140598,26.624023045519188,26.862357978919185,54064800
20130304,27.527711868286133,27.865353515741145,27.249655377994557,27.56743530639509,32400700
20130305,27.3290958404541,27.984517307917127,27.0212449283749,27.686597253722816,40622200
20130306,27.259584426879883,27.934865782818438,27.16027773232144,27.905075100333267,33532600
20130307,28.381744384765625,28.48105107730689,27.279443696381065,27.37875038892233,74540200
20130308,27.76604461669922,28.272507047791496,27.53764054800593,28.232785506944573,44198900
20130311,27.944795608520508,28.44132716883746,27.63694657147692,27.815698236249837,35642100
20130312,27.636945724487305,28.123546411390954,27.408541668329626,27.905073213429375,27569600
20130313,26.89215087890625,27.45819658929507,26.73326092139773,27.428405906085786,39619500
20130314,26.85243034362793,27.23972439281483,26.643886082753447,26.912013606398737,27646400
20130315,26.465133666992188,26.872289423859936,26.375757828253636,26.8424987403589,31597400
20130318,26.306243896484375,26.604163992454204,25.601169934846137,26.18707737339063,26653700
20130319,26.365825653076172,26.713398131476087,26.028184033386843,26.34596582977263,25254200
20130320,25.680614471435547,26.504856836050337,25.601169492705843,26.494925976944412,44006500
20130321,25.561443328857422,25.92887750010036,25.3826916722591,25.481998358604557,24336100
20130322,25.551513671875,25.829572027889075,25.452206980861575,25.62102778734912,18456300
20130325,24.95567512512207,25.621027484699653,24.906022727260673,25.571375086838255,39199000
20130326,25.03512191772461,25.303249431545833,24.856372135961497,24.906024537431634,26957200
20130327,25.909015655517578,26.09769816922646,24.54851841580217,24.82657675736698,52297400
20130328,25.40255355834961,25.988460928179535,25.342970303790594,25.909015957395013,28585700
20130401,25.3528995513916,25.710400950153364,25.104633796696053,25.452204337975907,22249300
20130402,25.24366569519043,25.93881066737715,25.124497282143288,25.59123818128379,35153300
20130403,26.067907333374023,26.206935566367715,25.521723365940854,25.650820740275336,48195200
20130404,26.882219314575195,27.041109267915434,25.928879594533765,26.435342031099893,82016800
20130405,27.19999885559082,27.607154592316263,26.425410816999793,26.673676602521045,64566600
20130408,26.663747787475586,27.011320292668906,26.44527266723636,27.001389433192777,27256000
20130409,26.405550003051758,26.703468198223664,26.236729187356296,26.395619143997003,21311100
20130410,27.37874984741211,27.64687734373508,26.713397482898205,26.822635031944802,45949400
20130411,27.825632095336914,27.9050770777899,27.060972955403304,27.289377043190914,33368500
20130412,27.209928512573242,27.805766750332445,27.05103856838646,27.805766750332445,28697400
20130415,26.336034774780273,27.289374474479548,26.177144824830393,26.97159457457979,30275400
20130416,26.733257293701172,26.92193980293251,26.216864054814064,26.624019752443434,27365900
20130417,26.44527244567871,27.011320066368928,26.206937502601768,26.465134164464562,26440600
20130418,25.51179313659668,26.63395367512167,24.975538120476973,26.63395367512167,39059000
20130419,25.551513671875,25.77991773532357,25.15428880193889,25.442278016466062,20380900
20130422,25.78984832763672,26.177144229179692,25.521722727020897,25.630958381302317,25687600
20130423,25.799781799316406,26.14735430242274,25.591239433923263,26.03811674295904,25191500
20130424,25.92888069152832,26.2168680338475,25.621029736554156,25.750129012928543,19729900
20130425,25.958667755126953,26.216864377750948,25.81963953298998,25.889153644058467,17150000
20130426,26.663747787475586,27.428406920077336,26.41548198292575,26.41548198292575,33018000
20130429,26.7928409576416,27.219858377351947,26.673674450909743,26.97159261185686,29201100
20130430,27.577363967895508,27.65680894366356,26.82263575104023,26.941802267633488,36245700
20130501,27.239723205566406,27.726323934241247,27.120554791101,27.656809815018796,64567600
20130502,28.7690372467041,28.81869153803929,27.785905007677854,27.81569758247897,104257000
20130503,28.113616943359375,28.86834515652496,27.954726992600055,28.8385544745811,58506400
20130506,27.37874984741211,28.262575415901633,27.289374015304453,28.133478044033673,43939400
20130507,26.703468322753906,27.656809961161702,26.663746780467335,27.358889870482773,41259100
20130508,26.93187141418457,27.110621176538082,26.465130556928603,26.693534609478228,34654900
20130509,26.85243034362793,27.358890918356444,26.66374780171631,26.892151887435876,33457200
20130510,26.494922637939453,27.110620671972278,26.385685095658562,26.951730734536874,30847100
20130513,26.633953094482422,27.14041552284835,26.345965769010203,26.415479885706336,29068800
20130514,26.882219314575195,27.09076356215779,26.633953525716365,26.703467643538012,24930300
20130515,26.415481567382812,26.802775610270327,26.216868169220234,26.73326148914875,30299800
20130516,25.948740005493164,26.365826615981945,25.720335929161084,26.296312496586765,35499100
20130517,26.067907333374023,26.415479809975867,26.018254934195596,26.216866425026925,29462700
20130520,25.58130645751953,26.00832390650214,25.51179234147447,25.998393047907474,42402900
20130521,25.48200035095215,25.899086950919592,25.412486233310517,25.690544597994695,26261300
20130522,24.98546600341797,25.670680033250726,24.74713110045819,25.47206666705886,45314500
20130523,24.88616371154785,25.352904636221112,24.59817636328274,24.627967047585955,37663100
20130524,24.141361236572266,24.796782671475235,23.912957198918857,24.796782671475235,58727900
20130528,23.93282127380371,24.369769571533862,23.754069611363306,24.369769571533862,50079700
20130529,23.158233642578125,23.644834385839832,23.098650380618135,23.624974561265,64237800
20130530,24.379697799682617,24.608103747080996,23.763999752219608,23.96261123128743,60733200
20130531,24.18108367919922,24.776921839551445,24.10163871742674,24.45914009834424,35925000
20130603,23.68455696105957,24.15129596863846,23.545526829390237,24.101643567832205,35733800
20130604,23.356843948364258,23.763999657057994,23.158230575974265,23.724276224933,34760800
20130605,22.741146087646484,23.545526720518023,22.631910427554285,23.188025269307154,53819700
20130606,22.810659408569336,22.929827817551573,22.512741227290146,22.830521125752643,31260700
20130607,23.128440856933594,23.237676511580844,22.701423414435727,22.870244219746105,38699200
20130610,24.161224365234375,24.429351848144385,23.82358277063306,23.893096882324365,58393000
20130611,23.86330795288086,24.181087854845742,23.833515376777545,23.86330795288086,29885900
20130612,23.60511016845703,24.091710856593963,23.416427650488007,23.992404168498815,26445800
20130613,23.565387725830078,23.664694418098264,23.108579593161085,23.5554568671915,31189300
20130614,23.466081619262695,23.72427826795738,23.098649311052394,23.396567501175216,30677100
20130617,23.853376388549805,24.081780449565716,23.58524889390457,23.744138840186732,33664500
20130618,24.042057037353516,24.5187287707422,23.912959666178345,23.92289052459452,36709100
20130619,24.141361236572266,25.01525774585447,23.932818913701947,24.032125593500023,31790600
20130620,23.734209060668945,24.57831312248698,23.485943271552916,24.111574120831197,42765600
20130621,24.359840393066406,24.52866120877817,23.883168628980567,24.419423653283005,45833900
20130624,23.77393341064453,23.94275422950237,23.2178166578671,23.783864269885314,40626000
20130625,24.0817813873291,24.260533057386656,23.87323903500705,23.97254383471223,24713200
20130626,23.992406845092773,24.479007587514907,23.823586024732627,24.339979345142225,29890300
20130627,24.48893928527832,24.66769097108759,24.04206007075514,24.071852649762622,34694100
20130628,24.70741081237793,24.806717508105766,24.250602663794638,24.508799315039937,96778900
20130701,24.637895584106445,24.886161365187252,24.449214954249697,24.796785532468753,20582200
20130702,24.240671157836914,24.598174495268438,24.131433606040034,24.52866037834956,18394100
20130703,24.34990882873535,24.53858946297587,23.982474630787113,24.051988748046004,10404400
20130705,24.200950622558594,24.48893796091868,24.032129805548298,24.479007101786582,20229500
20130708,24.53858757019043,24.86630020190587,24.250600264600713,24.300252660493513,27064600
20130709,25.303247451782227,25.31317831012279,24.85637019116223,24.896091730406926,30387900
20130710,25.62102699279785,25.65081956741324,25.293316248498723,25.40255379463761,26721800
20130711,25.630958557128906,25.819641079989445,25.273457122482853,25.779917646074562,26777400
20130712,25.73026466369629,25.75012638020285,25.37276134304833,25.56144386162559,16537900
20130715,26.097702026367188,26.246661130103476,25.47207113890989,25.750129521570663,24234000
20130716,26.137422561645508,26.56444003156691,25.82957350658591,26.206936681099187,30817600
20130717,26.465133666992188,26.59423294255575,26.117561171244233,26.187077185688,21518500
20130718,25.99839210510254,26.584299482117267,25.938808849812872,26.5644377656482,24806900
20130719,25.700475692749023,25.92888167636731,25.422419199137238,25.6408924289919,46539700
20130722,25.869293212890625,25.948738185787843,25.541582462924907,25.809709956747103,27526300
20130723,25.948740005493164,26.11756082150333,25.789850048556264,25.918949322391054,28221600
20130724,26.32610511779785,26.345966835977578,25.86929507025266,26.137422583325858,82635600
20130725,34.12165069580078,34.638043992258496,32.52281840620263,33.307339209757735,365457900
20130726,33.774078369140625,34.48908509816207,33.32720295173777,33.53574531829051,136028900
20130729,35.18423080444336,35.38284420957219,33.774079037440714,33.83366419545005,124718800
20130730,37.36896514892578,37.69667399884458,35.07498804655398,35.40270068470784,173582800
20130731,36.54472351074219,38.04425100294929,36.07798640179267,37.69667662419461,154828700
20130801,37.22993469238281,38.02438435939436,36.66388527963758,37.04125029205613,106066500
20130802,37.786048889160156,38.222999062502936,37.23986496071664,37.398754899686296,73058500
20130805,38.91814041137695,39.047239671387885,37.98466248785823,38.16341414380107,79994800
20130806,38.28257751464844,38.97772236543692,37.67680848450754,38.83869415292616,63950800
20130807,38.600364685058594,38.6698788044902,37.43848258464275,38.34216992548909,68854800
20130808,38.27265548706055,38.91814427472194,38.16341793222552,38.858562908983096,41301000
20130809,38.23292922973633,38.47126603981007,37.746326645443524,38.32230505998459,43532300
20130812,37.95487594604492,38.232932424167174,37.83570563693362,37.9350142278597,31161000
20130813,36.76319885253906,38.054180210433216,36.514933061088826,37.97473712705152,65379200
20130814,36.39576721191406,37.289521804646974,36.365972740391506,36.574518888107725,48423900
20130815,36.306392669677734,36.81285324481295,35.770137621956536,36.10777926812519,56521100
20130816,36.82278060913086,37.22993631801729,36.64402895271877,36.713543064852914,45840800
20130819,37.5477180480957,38.014455139951785,36.88236378573782,37.17035300061266,57609600
20130820,38.143558502197266,38.31238122113297,37.428551764560076,38.08397334464897,57995200
20130821,38.05418014526367,38.58050241000151,37.885361225719585,38.113765298874405,46116900
20130822,38.28257751464844,38.481190870335816,38.074035195882296,38.103825873353266,21931200
20130823,40.26871109008789,40.348157962641096,38.65994980323941,38.72946392260577,86442300
20130826,41.05323028564453,41.649066653283896,40.338223613889106,40.61628386859135,94162400
20130827,39.36501693725586,40.91419658981104,39.14654186378103,40.39780337229265,72695100
20130828,40.26871109008789,40.566629285691626,39.60336057951406,39.682803663831876,57918200
20130829,40.993648529052734,41.490180139291205,40.516978637812066,40.60635447918441,58303400
20130830,41.00357437133789,41.96684295683722,40.77517032371496,41.72850994550674,67735100
20130903,41.579559326171875,41.867548592458455,41.22205593191762,41.54976863939597,48774900
20130904,41.490177154541016,41.8774711765479,41.15253553233894,41.71858122423135,42581900
20130905,42.36408233642578,42.47331991098413,41.48025656152433,41.50011828310185,50035400
20130906,43.64512252807617,44.30054400040304,42.10587553272737,42.791087684812524,117535700
20130909,43.734500885009766,44.479298227922456,43.396859271359936,44.0522807815937,75794700
20130910,43.297550201416016,43.952971704313875,42.93011791039748,43.93311377570542,54540300
20130911,44.727561950683594,44.777214346945904,42.8109499067254,43.089006356382335,72328300
20130912,44.43958282470703,45.30354683791149,44.34027800966684,45.21417098908097,68072300
20130913,44.002628326416016,44.767287385410505,43.62526327912006,44.72756395132984,52765300
20130916,42.215110778808594,44.628254418561966,42.135667700569215,44.538878587895724,70424200
20130917,44.75735855102539,45.1247908778502,42.13567228395065,42.20518640555979,91934600
20130918,44.91625213623047,45.15458899256996,44.092011575704525,44.52895805938514,79317000
20130919,45.66104507446289,45.73055919478452,44.91624768110081,45.19430416238731,63972400
20130920,47.16057205200195,47.26980581960773,45.422711488218795,45.998686162333094,115508400
20130923,46.86265182495117,47.22015518902473,45.968897203002804,46.95202766596956,75177000
20130924,48.11391067504883,49.31551618486216,47.825921450577276,48.17349203994963,136716100
20130925,49.116905212402344,49.19635208715906,48.12384200735627,48.888501129830004,87879700
20130926,50.040443420410156,50.24898573896892,49.15661796612664,49.66307842380287,98220100
20130927,50.884559631347656,50.92427927997375,49.51413136550818,49.941148841181096,81410500
20130930,49.88155746459961,51.24205280742333,49.45454004218484,49.79218163692594,100095000
20131001,50.07024383544922,50.67601298279694,49.10697512457528,49.623368433982584,98114000
20131002,49.931209564208984,50.74552097230143,49.6035007235059,49.78225237779302,62834000
20131003,48.838844299316406,50.3681624056103,48.719677786220885,50.11989662685747,82045000
20131004,50.68594741821289,50.80511394334324,49.22614327948294,49.424756680190534,74447000
20131007,50.169551849365234,50.93421094556033,50.050385329560974,50.37809420608153,57204000
20131008,46.81299591064453,50.248993472999615,46.75341454659142,50.248993472999615,136081000
20131009,46.4455680847168,47.50814544606328,44.94604047428424,47.051337265869314,147297000
20131010,48.709747314453125,49.335378166910765,47.498212833410086,47.53793248081167,99774000
20131011,48.76932907104492,49.5240553544016,48.45154918455421,48.83884318445008,58428000
20131014,49.16654968261719,49.28571997552568,47.57765032618614,47.97487705941134,68781000
20131015,49.1566276550293,50.64622243245443,48.83884773890411,49.64323028247843,81167000
20131016,50.78525161743164,50.8845602107162,49.553855366586944,49.69288360894984,64678000
20131017,51.84782791137695,51.8577606646257,50.59656996674876,50.76538888962338,71522000
20131018,53.8438835144043,54.449652622999295,53.228181653209454,53.80416008047524,88260000
20131021,53.47644805908203,54.429791543366434,53.13880644320187,54.300692275702936,58235000
20131022,52.314571380615234,54.38014093391642,51.837901483699575,53.953127229204235,83204000
20131023,51.539974212646484,51.88754476756587,50.775315203588896,51.391013238689645,57207000
20131024,52.08615493774414,52.47344890036325,51.232120154412414,52.01664083102967,46775000
20131025,51.58962631225586,52.87067855859192,51.52011220167033,52.811093411703645,45085000
20131028,49.88155746459961,51.341361387191284,49.26585942297818,51.182471447797525,73472000
20131029,49.05731964111328,50.43767677173429,48.908358657825836,50.37809162077228,102143000
20131030,48.67001724243164,49.861693631400904,48.41182252246846,49.653151305095854,127073000
20131031,49.861698150634766,51.639282037645536,46.177434899048414,46.83285640415066,248809000
20131101,49.40489196777344,51.72865990230968,49.3751012853548,50.49725992312356,95033000
20131104,47.885501861572266,49.40488712784156,47.68688849235607,49.027522105154276,80371000
20131105,49.76239776611328,49.831911887344994,47.18043116237996,47.45849143554231,76835000
20131106,48.779258728027344,50.10003447795624,48.372103005913004,49.91135006326062,67889000
20131107,47.23008346557617,49.524056853872366,46.971884932337915,48.8984298142835,97128000
20131108,47.200286865234375,48.31252023965535,46.92223041574663,47.47834710295712,70731000
20131111,45.879520416259766,47.20029249715557,45.4127795018697,46.71369365249123,80910000
20131112,46.28667449951172,47.04140083438265,45.512086446850056,45.68090536571824,68196000
20131113,48.37210464477539,48.401899114978164,45.740489596468905,45.90930851193187,79245000
20131114,48.65016555786133,49.22614021702168,47.696822051421485,48.36217633416351,75117000
20131115,48.67001724243164,49.13675807693468,48.37209909224803,48.76932581798272,42453000
20131118,45.5120849609375,48.50120330849716,45.482290491106504,48.13377101195326,85910000
20131119,46.03840637207031,46.67396615616429,45.402846587976335,45.93909778815867,75602000
20131120,46.1079216003418,47.22015124937009,45.98875508500471,46.286673267465034,53933000
20131121,46.37604904174805,47.13077535556517,46.36611628901211,46.66403825932684,34886000
20131122,45.90930938720703,46.94209598177107,45.64118187968164,46.713691909783215,40545000
20131125,44.50908660888672,46.32639385001641,43.734498624528484,46.03840464979886,82565000
20131126,45.5716667175293,45.84972318345095,43.24789882711704,44.35019951449962,82016000
20131127,46.167510986328125,46.3462588816098,45.21416741149098,45.65111765486005,44993000
20131129,46.68389892578125,46.88251232155897,46.17743836537173,46.42570416303502,22953900
20131202,46.733551025390625,47.21022086059375,45.939097511816975,46.57466108032292,50774000
20131203,46.40583801269531,46.87257887996206,45.96889161430277,46.425699729199756,32086000
20131204,48.28272247314453,48.43168343990033,45.939093164026424,46.137706523622576,60890000
20131205,48.00467300415039,48.36217634562061,47.537932109649226,47.81599236870124,43855000
20131206,47.60744857788086,49.04739097957022,47.37904449582793,48.64023521795665,42938000
20131209,48.50120544433594,48.63030471732818,47.40883747105336,47.756408065760894,36056000
20131210,49.901424407958984,50.41781771214203,48.203287292506424,48.30259209444204,68479000
20131211,49.03746032714844,50.41781752541222,48.67002422722968,50.19934241608056,65776000
20131212,51.470462799072266,51.7087958240116,50.308576990728845,50.69587099743161,92723000
20131213,52.95012283325195,53.12887448973415,50.9838584001827,51.30163828098773,82641000
20131216,53.43672561645508,54.12193777683759,52.542967330534395,52.880608928744984,85119000
20131217,54.47944641113281,54.79722632421698,53.86374830306166,54.3801378206469,78751000
20131218,55.18452072143555,55.50230063662106,53.37714603322968,54.479446771382406,76003000
20131219,54.668121337890625,54.807149561807094,53.57575347434554,53.95311850228666,89753200
20131220,54.737640380859375,54.76743485169334,53.85381477357004,54.54895974400912,239824000
20131223,57.36925506591797,57.915439006838234,55.065349004111184,55.115001400879386,98297000
20131224,57.55793762207031,58.17363948502705,56.51522210197737,57.86578855354868,46617800
20131226,57.32953643798828,57.97502901477861,56.97203309011889,57.91544386072193,55101000
20131227,55.055423736572266,57.27988702361155,54.86674308790806,57.08127362130233,60466000
20131230,53.33742141723633,54.797225474748615,53.05936494465697,54.54895968473552,68307000
20131231,54.27090835571289,54.47945072991214,53.53603988080301,53.74458225500226,43076200
20140102,54.330482482910156,54.83694679642502,53.81408920500106,54.44965278505199,43195500
20140103,54.1815299987793,55.263969047159264,54.15173552653556,54.63833816533787,38246200
20140106,56.80321502685547,56.862796393576275,53.67506447400874,54.04249679231693,68852600
20140107,57.518218994140625,58.14384987376699,56.8230777814841,57.299747665120925,77207400
20140108,57.82606887817383,58.004820554749706,56.83300569196806,57.20043801015828,56682400
20140109,56.82307434082031,58.55100209084754,56.2570286515112,58.24315494052151,92253300
20140110,57.5380744934082,57.895577814551395,56.66418169531937,56.733695809071094,42449500
20140113,55.52215576171875,57.84592348321776,54.995833549986465,57.5082818898979,63010900
20140114,57.339473724365234,57.379193375307885,55.710846812175085,56.068350188308635,37503600
20140115,57.200435638427734,58.16370810134201,56.87272677045021,57.577800694244964,33663400
20140116,56.793277740478516,57.61752193785781,56.435778203982146,56.86279185492796,34541800
20140117,55.909454345703125,57.41891078176724,55.68105027677856,56.90251749141094,40849200
20140121,58.10411834716797,58.17363624699085,56.1080632505642,56.20736804190838,48669200
20140122,57.11105728149414,58.898573894189184,56.703901561543624,58.44176198859206,61352900
20140123,56.23716354370117,56.28681594028602,55.30368181967194,55.97896502028393,47951800
20140124,54.072288513183594,56.028620315115816,54.022636114030334,55.76049660204115,55200700
20140127,53.178531646728516,54.55888883784862,51.49032351116476,54.35034648269422,73924100
20140128,54.75749969482422,54.89652792516165,53.625408346950664,53.645270063889605,48191200
20140129,53.158668518066406,54.56882014266624,52.82102689991449,54.23117852451433,92995600
20140130,60.65629577636719,62.06644355559752,60.040593928766405,61.68907851807367,150178900
20140131,62.135963439941406,62.930413233587274,59.75261027076837,60.05053225809157,87794600
20140203,61.05352020263672,63.3276356580891,60.278932180769246,62.592767281988685,74866600
20140204,62.31471633911133,62.7020103843443,61.39116725206247,61.61957133545024,45985500
20140205,61.75859451293945,62.72186695849845,60.844978254325504,62.30478226345344,51685100
20140206,61.72880554199219,62.344503637174064,61.03366057608475,61.03366057608475,42086500
20140207,63.87382125854492,64.12208704508723,61.78839016688368,61.83804256654509,60704300
20140210,63.109161376953125,64.04263935868843,63.02971829615459,63.853962515321314,43666100
20140211,64.40013885498047,64.5490998314239,62.910544243486065,63.307770988511905,45675600
20140212,64.00291442871094,64.60868353211595,63.60569524576427,64.46965530279057,47282100
20140213,66.86294555664062,66.86294555664062,63.605699546811735,63.734795032351876,61911700
20140214,66.62460327148438,67.11120967131907,66.25717475396213,67.03176280075782,36694900
20140218,66.8331527709961,67.07148580467644,65.61168176750208,66.47564943224032,43809900
20140219,67.58787536621094,68.6008040190623,66.53523085477022,66.58488704271275,62087100
20140220,69.14698028564453,69.62365390288069,65.2740402926575,67.26016647427961,130928900
20140221,68.11420440673828,69.47470378129404,67.97517615841537,69.2065800385202,70932400
20140224,70.28901672363281,70.94444211560433,68.06455713020524,68.26316675272734,76620300
20140225,69.36546325683594,70.50748745628117,68.9682364600979,70.4578312655123,52077000
20140226,68.77955627441406,70.72595915010453,68.37239674393498,69.70310531212914,55322700
20140227,68.4617691040039,69.52434626463965,68.39225499354997,68.85898826290078,41653700
20140228,67.98509979248047,69.39524759429051,66.91258981231356,68.98809565781083,66783700
20140303,66.94239807128906,67.57795795231173,66.04863962095362,66.49551505788564,56824100
20140304,68.32273864746094,68.42204343393574,67.15092398353137,68.18371043110231,42013500
20140305,71.07353973388672,71.47076656725815,69.13706933884951,69.20658346645413,74567700
20140306,70.34859466552734,71.39131407411331,69.76269100412057,71.38138132053,46026500
20140307,69.3158187866211,70.68624336200435,68.98810609148441,70.58693855100059,38927000
20140310,71.53033447265625,71.64950477317161,70.02088188181288,70.2790728348908,59871600
20140311,69.61372375488281,72.08644882209792,69.47469552308569,71.99707677728708,59408300
20140312,70.38831329345703,70.85505418585406,68.5213573003395,69.37539221483819,46340500
20140313,68.3525390625,70.85505488990552,67.67725581122063,70.79547352482726,57091000
20140314,67.25023651123047,68.94837355777288,66.99203797549892,68.01489178922297,48227000
20140317,68.2631607055664,68.47170306368211,66.15787161803412,67.7070477505912,52197000
20140318,68.71004486083984,69.1171968308728,67.82621922373785,68.2830273840906,40827000
20140319,67.76663208007812,68.8093514927235,67.00197673355034,68.6901811786731,43981000
20140320,66.50543975830078,67.75670143724638,66.35647877187169,67.53822633401312,44439000
20140321,66.77356719970703,67.44885047626916,65.72092263606967,67.06155643581877,59999900
20140324,63.65534973144531,66.8927378913029,62.92048508339404,66.72391896531981,85696000
20140325,64.43986511230469,65.73085019612057,63.33756444535413,64.43986511230469,68786000
20140326,59.97108459472656,64.49945025298236,59.95122287661759,64.29090789519118,97503900
20140327,60.54706573486328,61.47061483251035,57.577805040277504,60.09025377461009,112650000
20140328,59.593719482421875,61.52026446695811,58.928368973329526,60.914495323912604,67052000
20140331,59.82212448120117,61.09324407245866,59.4546883964122,60.358375691115924,53011000
20140401,62.18561553955078,62.22533897609889,59.82212788846944,60.040599213013216,59291000
20140402,62.28491973876953,63.46666348097707,61.77845542908405,62.771518543346396,66277000
20140403,59.077327728271484,62.73179658981096,58.71982439258382,62.11609850514622,83859000
20140404,56.35633087158203,59.78239932098162,55.92931343592798,59.5242007938147,125214400
20140407,56.55495071411133,57.597666329673835,55.055423141702754,55.51223509854882,108488000
20140408,57.786338806152344,58.30273205827202,56.7734140179447,57.27987830616601,78836000
20140409,61.97706985473633,62.02672225363973,58.77940536065239,59.21635556276684,100215000
20140410,58.749610900878906,62.74172488539748,58.27294108323661,62.64242009397678,114988000
20140411,58.123985290527344,59.891640283662454,56.91245081658082,57.200436252673214,91452000
20140414,58.48148727416992,60.030667124829634,57.379186590838515,59.673163790966996,72325000
20140415,58.68009948730469,59.26600687539032,55.492367804370126,58.878712867513144,108623000
20140416,59.305728912353516,59.77246598838074,57.33946444989159,59.37524302555406,78774000
20140417,58.53113555908203,60.15976216423075,58.312664261260515,58.88863886781626,88040000
20140421,60.815189361572266,60.815189361572266,58.73968721327563,59.0475343672729,60364000
20140422,62.592769622802734,62.999925365964195,61.78839088946942,62.215408350374766,60631000
20140423,60.93435287475586,63.03964560168877,60.83504429107711,63.0098549207027,95908700
20140424,60.44775390625,63.20847208612941,59.35538593799475,63.158815897197975,138769000
20140425,57.30967712402344,59.593721756713535,57.17064888029451,59.554002107244926,92502000
20140428,55.75056838989258,57.90551754041885,54.28083528348877,57.64731898261645,107758000
20140429,57.746620178222656,57.87571565234743,55.452643077375235,55.70090884978679,75557000
20140430,59.36531066894531,59.434824782609205,56.76348641803031,57.180574888248714,76093000
20140501,60.72581481933594,61.84797348237992,59.79233300801657,60.01080811930159,82429000
20140502,60.040592193603516,61.460672684174305,59.76253574674544,60.874765322412685,54189000
20140505,60.79533004760742,60.92442553550747,58.76948021938225,59.256079063820316,46057000
20140506,58.123985290527344,60.725813485974726,58.08426564335842,60.55699077962441,55901000
20140507,56.99188995361328,58.88864029814741,55.869727604660454,58.362318074302166,78587000
20140508,56.36626434326172,58.411975854679305,56.1080695836825,56.833005249379,61251000
20140509,56.84293746948242,57.25009321730818,55.98890253788806,56.45563965139273,52584000
20140512,59.41496658325195,59.48448069659867,57.57779759102187,57.57779759102187,48575000
20140513,59.41496658325195,60.467611035779555,59.097182908793265,59.24614388781343,48525000
20140514,58.819129943847656,60.03066819957597,58.54107347396979,59.11704813132183,47429000
20140515,57.518218994140625,58.96809415196756,57.12099598522768,58.84892383988174,56814000
20140516,57.61751937866211,58.04453679887622,56.912445513000634,57.90550857615255,47933000
20140519,58.79927062988281,59.146845019673776,57.17064760276188,57.488427520822775,43034000
20140520,58.15378189086914,59.772472166399396,57.77641681717996,59.087259927641924,53931000
20140521,60.07039260864258,60.08032157348406,57.84592944885036,58.15378039423128,58992000
20140522,60.10018539428711,61.053525158311366,59.981018870842945,60.517270120459415,54200000
20140523,60.92441940307617,61.02372798558261,59.73274671887948,59.99094145692608,38294000
20140527,63.03964614868164,63.0694368299262,61.142895748663385,61.19254814681603,55682000
20140528,63.069435119628906,63.69506592644502,62.185609576479585,62.95026860964704,47795000
20140529,63.38722229003906,63.85396317988193,63.06943859883192,63.397151254654005,42700000
20140530,62.86089324951172,63.72485708274315,62.12602867952846,63.506385777517494,45253500
20140602,62.642417907714844,63.14887838746055,61.619560408252205,62.79137508964719,35996000
20140603,62.433876037597656,62.98005998496204,61.88769209023327,62.18561026259247,32217000
20140604,62.90061950683594,63.148885292103174,61.63942886309015,62.01679391740222,36514000
20140605,62.75165939331055,63.91354525440636,62.384227086709615,63.218400288340995,47352000
20140606,62.066444396972656,63.03964579052897,61.71887382364366,62.93040824227268,42442000
20140609,62.44381332397461,62.900621473975974,61.3613743148281,61.96714345594248,37617000
20140610,65.31375122070312,65.36340740208489,63.05950150830481,63.089292186546054,69338000
20140611,65.32369232177734,65.34355782745702,64.44979948363431,64.86688418526141,44242000
20140612,63.844032287597656,66.00891030733028,63.61562442420972,65.3932084126734,55730000
20140613,64.05257415771484,64.51931505761102,63.38722365535976,64.25118376017375,29419000
20140616,63.744720458984375,64.42992882067567,63.30777028665318,63.71492977931995,31046000
20140617,63.95327377319336,64.42993988260227,63.486532841063365,63.65535177245938,27715000
20140618,65.14494323730469,65.29390422992948,63.605699850770584,64.0426424989403,35570000
20140619,63.8936882019043,65.12509213193863,63.76459270221898,65.00592181005645,34245000
20140620,64.05257415771484,64.36042131446735,62.91055000239943,64.01285072192893,46466000
20140623,64.9165267944336,65.20451595478627,63.77450290378505,63.873807682000376,34560000
20140624,65.26410675048828,66.70404518414962,64.81722381914958,64.90660343600533,57335000
20140625,66.9721908569336,67.01191429780205,65.11515977280972,65.12509252714474,44308000
20140626,66.6643295288086,67.52829723567693,66.43592923686457,67.52829723567693,47714000
20140627,67.13106536865234,67.23037016531677,66.37633527635604,66.84307615479625,46461000
20140630,66.8232192993164,67.448846347174,66.66432556092502,66.99203821400442,27102800
20140701,67.58787536621094,67.96524421104482,66.92252487601617,67.11120929843311,33243000
20140702,65.98905181884766,67.82622494505812,65.33363399487128,67.56802637126303,41895000
20140703,65.83014678955078,66.53522060620136,65.303824614901,66.39619239314177,25203200
20140707,64.83708190917969,66.1082012924417,64.66826302344283,65.84007762547547,28745000
20140708,62.324642181396484,65.10521826847562,61.77845820168662,64.60868668906022,68926000
20140709,64.51931762695312,64.66827862296469,62.71194289730785,62.97013766372768,51432000
20140710,64.4200210571289,64.88675445880754,62.612642308195525,62.87084089585857,44422000
20140711,65.87979888916016,66.1280646508645,64.34055571247507,64.82715448400405,39212000
20140714,67.42899322509766,67.69711695715951,66.4359300187677,66.66433031339984,38537000
20140715,66.70404815673828,67.61766441158898,65.80036465452977,67.48856893312214,44213200
20140716,67.1906509399414,67.46870738725256,66.60473978899009,67.07148064403522,29541600
20140717,65.94933319091797,67.37933909987319,65.58189706578166,66.56502754877673,38188000
20140718,67.94539642333984,67.9851198687584,65.70107858073524,66.33663855448712,42456000
20140721,68.9185791015625,69.47469200055478,68.02482081641776,68.33266794600705,49539000
20140722,68.78947448730469,69.28600601481263,68.13405681075851,69.27608083932076,40398000
20140723,70.79547119140625,70.83519462563936,69.12712483596778,69.25622031487258,78435000
20140724,74.45986938476562,76.2076548639562,73.9931285480436,75.4330669121493,124168000
20140725,74.66841888427734,75.14508494203521,74.14209663962076,74.4698017131529,45917000
20140728,74.40027618408203,74.97625452727998,73.33769910509855,74.64854192754984,41725000
20140729,73.19868469238281,74.40029020808609,72.91069546649962,74.20168060646282,41324000
20140730,74.16195678710938,74.66842111803997,73.61576902076554,73.69521589159203,36853000
20140731,72.14603424072266,73.65548678791069,71.93749190320477,73.48666788274907,43992000
20140801,71.85804748535156,72.71208236891724,71.05366878803959,71.71901925560555,43535000
20140804,73.00008392333984,73.36751248844665,71.8580596346512,71.8580596346512,30777000
20140805,72.18575286865234,73.0795035195384,71.67928861040592,72.69220955042924,34986000
20140806,71.96729278564453,73.20862181098965,71.29200949279794,71.52040979063763,30986000
20140807,72.66242218017578,73.48666633717525,72.19568133039368,72.49360327856476,38141000
20140808,72.55318450927734,72.92062056784245,72.05665298085039,72.89082988837201,27202000
20140811,72.9305648803711,73.3973058033128,72.55319601000748,72.9504228110092,24591000
20140812,72.32479095458984,72.82132252905254,71.7190218276277,72.58298191825165,27419000
20140813,73.25827026367188,73.73494394199467,72.54327111089431,72.61278523310064,29266000
20140814,73.78459167480469,73.86403096502565,73.17882257510736,73.45687903205625,22207000
20140815,73.1192398071289,74.13216850174332,72.49361272619943,73.80445583134038,38846600
20140818,74.07257843017578,74.20168149159453,73.44695135877596,73.48667479486859,23974000
20140819,74.76771545410156,75.05570463818863,73.99312751312854,74.29104187232687,26679000
20140820,74.29105377197266,74.65848987462155,74.10237692053308,74.44994751683838,22917000
20140821,74.05271911621094,74.66842099943229,73.89383295128096,74.40028970493645,20102000
20140822,74.05271911621094,74.21161285761151,73.05965596186911,73.82431125706525,20897000
20140825,74.49959564208984,74.75779418757112,74.27119535592891,74.42015634664776,19734000
20140826,75.43306732177734,75.46285800062867,74.21160403005491,74.47972771618652,23993000
20140827,74.1123046875,74.96633965482532,73.94348576003293,74.7478645362345,36323000
20140828,73.34764862060547,73.91369434202888,73.21855313202504,73.48667686260625,21947000
20140829,74.30097961425781,74.30097961425781,73.49660094098662,73.7845901444162,26241000
20140902,76.14808654785156,76.16794447822228,74.3009883880652,74.48967282070637,34979000
20140903,75.30397033691406,76.94252582894049,75.07556250954111,76.6048804636678,32389000
20140904,75.42314147949219,76.39634667778536,75.00605678442528,75.36356011633131,26676000
20140905,76.72406768798828,76.84323042729403,75.07557908052728,75.57211069822452,29476000
20140908,77.34968566894531,77.62774212980054,76.47579285247598,76.72405863202104,28183000
20140909,76.13814544677734,77.6277400848065,75.67140458129299,77.0517616730824,28882000
20140910,76.89287567138672,77.40926514661925,75.97925944326064,75.98918461914214,29909000
20140911,77.37947845458984,77.81642866294253,76.5155183672186,76.59495766071593,32219000
20140912,76.94254302978516,77.75685458205456,76.5651741503256,77.47879051112128,26676800
20140915,74.06266021728516,76.71413731989136,72.92063594577242,76.61483250855795,49679000
20140916,75.55224609375,75.70120708119592,72.56312389782529,73.0099992836925,37742000
20140917,75.8998031616211,76.71411449462174,75.04576840061198,75.43306235310807,28693000
20140918,76.46585845947266,76.79357109979466,75.98918483932518,76.23745061354424,23031000
20140919,77.36955261230469,77.75684662947653,75.90974858920906,76.86308829120671,76671000
20140922,76.26725006103516,76.99218189024599,75.42314035433967,76.46585965292216,31961000
20140923,77.74691772460938,78.08455557107169,75.51252555658378,75.80051478963914,36814000
20140924,77.99517059326172,78.07461745330944,76.97231689367348,77.55822043946885,30680000
20140925,76.68434143066406,78.39241134499339,76.59496180299891,78.05476591760528,37533000
20140926,78.24344635009766,78.29309496162168,76.7935750630088,77.051766026463,28872000
20140929,78.45199584960938,78.65060546674141,77.36956055623868,77.57810292716869,34031000
20140930,78.49171447753906,79.15706498827012,78.05476425486397,78.799561638167,35899000
20141001,76.01898956298828,78.27323965100733,75.37349697981612,78.2335162145768,55090000
20141002,76.5453109741211,76.94253775747838,75.11529758462314,76.03884663592878,36488000
20141003,76.9028091430664,77.51850341816382,76.72405748141581,77.22058903305964,23340000
20141006,77.02198028564453,77.34969296390395,76.31690631441644,76.65455174620612,25729000
20141007,75.76080322265625,77.40928442957288,75.7111470249987,76.51553348351322,25317000
20141008,76.98224639892578,77.17093080803484,74.5790355708283,75.65154551239031,32976000
20141009,75.38343048095703,77.22059586938917,75.32384153748463,76.74392220396435,32487000
20141010,72.40423583984375,75.96932881004054,72.2552748562947,75.06563773258789,52146000
20141013,72.48367309570312,74.26125694279754,72.0169322293777,72.72201369327577,43938000
20141014,73.07950592041016,73.66541705733027,71.55019549682221,73.48666540598666,50299000
20141015,72.7021484375,73.28805960461784,69.83219669268338,71.19269586338908,61528000
20141016,72.12617492675781,72.8411816175982,70.09039998494521,70.29894234036186,53529000
20141017,75.42314147949219,75.47279766643985,73.23840563026235,73.71507926496052,76342000
20141020,76.41620635986328,76.55523459474192,74.8570975174639,75.07557262269334,34701000
20141021,78.14412689208984,78.19377549430064,76.61480902167153,77.02196089626422,32252000
20141022,77.82635498046875,79.29608407099192,77.4688516716453,78.27323032826311,41862000
20141023,79.48477172851562,80.07067532298696,78.46191794395027,78.82934644337459,35056000
20141024,80.11039733886719,80.25935831707905,78.76976368790055,79.64365647615604,32248000
20141027,79.72310638427734,80.23950345159236,79.20671689343268,80.17991451215117,30169000
20141028,80.209716796875,80.59701844162399,79.01804390624746,79.62381310565004,74212000
20141029,75.33377075195312,76.34669182575075,74.26126073748232,74.9266112259803,106120000
20141030,73.5959243774414,74.82732079167143,72.39431865103174,74.52940633699602,83270000
20141031,74.46979522705078,75.17486907607429,73.93354027642663,74.410213869138,44544000
20141103,73.36750793457031,74.99613100855338,73.18875625198821,74.94648239345736,40727000
20141104,75.23445129394531,75.24437646839823,73.13908786108482,73.71506619105395,39326000
20141105,74.31092071533203,76.26725642211566,73.9037611685931,75.97926718633053,35913000
20141106,74.73793029785156,75.07556811185,73.79451581617866,74.37049422690906,21383000
20141107,75.0755615234375,75.33376002566997,74.49958316325329,74.86701920195068,20774000
20141110,74.47972106933594,74.95639461782606,74.09242712589291,74.83722433658627,21575100
20141111,74.09244537353516,74.45988148216566,73.51646690372654,74.43008322216517,18715700
20141112,74.2016830444336,74.61876776742858,73.02986817282559,73.76473281474118,26536600
20141113,73.73493957519531,74.7180699814528,73.12917044192791,74.22153840182186,26448500
20141114,74.36056518554688,74.41022137312831,73.52639578476628,73.7547960641117,19476900
20141117,73.72500610351562,75.13516153403893,73.36750276354866,74.36056591313012,28701200
20141118,73.82431030273438,74.28112601512046,73.38736767247237,73.9335478544175,20690500
20141119,72.82131958007812,74.02292503244114,72.60284448392662,73.49660279705994,25441200
20141120,73.08944702148438,73.47674104755889,72.00701181437114,72.29500103979308,19154900
20141121,73.2384033203125,73.98320064221399,72.99013754634534,73.98320064221399,23060400
20141124,73.4966049194336,73.8342427494394,72.84117961205226,73.02986403262636,22103800
20141125,75.10536193847656,75.21459948910379,73.61576724061845,73.69521410952379,32250200
20141126,77.08157348632812,77.2404596692299,74.98620938754016,75.00606731922609,32695300
20141128,77.16100311279297,77.72704880074737,76.69426980022781,77.13121243076439,15992000
20141201,74.57904815673828,76.77371701820343,74.28113372923077,76.7240684018545,31789900
20141202,74.93653869628906,75.3834216257181,74.51945402333129,74.8074432241269,16773900
20141203,74.36056518554688,75.20467491560835,73.88389912123525,74.85709675547928,16689900
20141204,74.71807098388672,75.02592571938818,74.14210010190516,74.31091902289164,14362800
20141205,75.8302993774414,76.2275261351206,74.83723627147856,75.27418646257269,24306400
20141208,75.98918914794922,76.71412858342019,74.87696326532496,75.65155131257274,25733900
20141209,76.30696868896484,76.39634831208859,74.26126102766132,74.67834573165068,25358600
20141210,75.65154266357422,77.01204175542344,75.54230512309518,76.11828350444475,32210500
20141211,77.1907958984375,77.97530905780268,75.94946705878758,75.9891829143628,33462100
20141212,77.29010772705078,78.3328195014065,76.48572141372419,76.62475722677561,28091600
20141215,76.4559326171875,78.03490702369312,76.02891514387802,77.9157367137681,29396500
20141216,74.17189025878906,76.8531577751637,74.07257788105834,75.66148500710179,31554600
20141217,75.58204650878906,75.87996852204489,74.38044085454123,74.48967842097026,29203900
20141218,77.85614776611328,77.85614776611328,75.97925913225578,76.35662037890144,34222100
20141219,79.32587432861328,79.44504462307704,77.78663113492308,78.20371580084147,43335000
20141222,80.88497161865234,81.32192172692427,79.44503341852902,79.52448027030006,31395800
20141223,80.05081939697266,81.59999545300992,79.84227704915766,81.45103446843625,19865800
20141224,80.209716796875,80.86514219025018,80.18985886516884,80.46791536788385,7685500
20141226,80.21964263916016,80.71617423021856,79.95151891363578,80.45797568145636,10647400
20141229,79.46491241455078,80.39839422921521,79.1570652528937,79.931653321883,14134700
20141230,78.67046356201172,80.03095522177033,78.55129325707797,79.2960906158552,14370800
20141231,77.47879028320312,79.24644920624431,77.31990410532273,78.98825064365855,19935400
20150102,77.90579223632812,78.38246582782209,77.16099495844173,78.03489528010238,18177500
20150105,76.65454864501953,78.70025635417153,76.32683598001827,77.43906945980858,26452200
20150106,75.62175750732422,77.05176323685461,74.83723673953054,76.69426748682473,27399300
20150107,75.62175750732422,76.82336296387801,75.29404486195402,76.22752661186782,22045300
20150108,77.6376724243164,77.68732860924139,75.55224145745845,76.20765915494177,23961000
20150109,77.20072937011719,78.0746298160812,76.66447434458584,77.65753752302075,21157000
20150112,76.18781280517578,77.4589325371396,75.68134843255946,77.3000387824085,19190200
20150113,75.919677734375,77.53837558065958,75.32384133653669,76.69427338568273,25179600
20150114,75.75086212158203,76.66447847663105,75.50259631359233,75.88989036793856,25918600
20150115,73.53633117675781,76.0388470453841,73.02986683583829,75.87002812390118,34134000
20150116,74.65847778320312,74.79750599920874,73.32776940311716,73.52638655203198,21791500
20150120,75.71113586425781,75.78064998484794,74.30098794573189,75.19474633651272,22821600
20150121,76.20765686035156,76.76377732418045,75.32383134588316,75.6316860455025,25096700
20150122,77.11135864257812,77.2106634468297,76.1480861307489,76.63468497511127,19519500
20150123,77.29010772705078,77.64761107153579,76.50558691979039,77.11135605480828,16746500
20150126,76.96239471435547,77.92566718946722,76.75385236043499,77.43906836365275,19260800
20150127,75.25431823730469,76.3466860990824,75.10535726150091,76.17786719552412,20110000
20150128,75.71113586425781,77.10142585253124,75.47280281887322,76.36656120965407,53306400
20150129,77.45892333984375,77.47878126859163,73.6952132068467,76.31689923684687,61293500
20150130,75.38343048095703,77.61782266116471,75.22453673365845,77.45892891386613,42649500
20150202,74.46979522705078,75.61181923802057,73.23839917921183,75.58202855906418,41955300
20150203,74.87696075439453,75.0557124190321,73.34764264059986,74.66841840839577,26957700
20150204,75.10536193847656,75.82036860568373,74.48966764563629,74.5691069380712,20277400
20150205,75.08550262451172,75.45293870406861,74.68827586378244,75.18480742057648,15062600
20150206,73.95342254638672,75.17488611934097,73.734947415882,75.15502818769119,21211000
20150209,73.92362976074219,74.31092381691822,72.9404917013988,73.53633570456614,16194300
20150210,74.66841888427734,74.81737229203269,73.98320290272122,74.330773481601,15811300
20150211,75.97925567626953,76.21758868560124,74.50951903637281,74.56910039458829,20877400
20150212,75.70121002197266,76.33676985505909,75.36356459888064,76.32683710178468,17235000
20150213,75.214599609375,75.9494717832188,74.97626657874832,75.92960627772548,18621900
20150217,75.0755615234375,76.37647920957347,74.55917209544198,74.77764716837181,25254400
20150218,76.17787170410156,76.3665561230516,74.92661004035207,75.41321642854213,22426400
20150219,78.86907196044922,79.28615665666565,76.41620481729427,76.4559282516678,45851200
20150220,79.34575653076172,79.78269921614293,78.65060769813508,78.99818590268413,36931700
20150223,78.2930908203125,79.63373206054715,77.83628270551343,79.40532421491254,24139100
20150224,77.90579223632812,78.92865352885998,77.55822168860841,77.9554484187751,18897100
20150225,79.00811004638672,79.64366992268918,77.95546542184914,77.95546542184914,25593800
20150226,79.85221862792969,80.80555842751542,79.16700256903601,79.32588874739801,31111900
20150227,78.42218780517578,80.66651234902675,78.07461726389721,80.12032465811072,30739200
20150302,79.19678497314453,79.30602252405271,77.97531398411236,78.45198762229991,21662500
20150303,79.0478286743164,79.14713347835591,77.97531860715962,79.05776142766162,18635000
20150304,80.33882141113281,80.5870872328134,78.30303864276334,78.74992166767137,28126700
20150305,80.64665222167969,81.42124021572533,80.48776606784806,80.66651772620244,27825700
20150306,79.4549789428711,80.7658219019586,79.27622728588325,80.33880447562487,24488600
20150309,78.8889389038086,79.35567979561701,78.084552601906,79.12727193792354,18925100
20150310,77.01205444335938,78.71019161175653,77.01205444335938,77.95546145586746,23067100
20150311,77.03189849853516,77.88593330562438,76.72405138544588,77.26030632779047,20215700
20150312,78.3824691772461,78.50163947432937,77.36954816968334,77.558225002811,16093300
20150313,77.50858306884766,78.8293513203505,77.14114697022076,78.05476326378579,18557300
20150316,77.52843475341797,77.57809093826275,76.82336087214864,77.41919720793554,19305400
20150317,78.80948638916016,79.22657106310672,77.79655780789562,77.8164233122569,22170000
20150318,80.34874725341797,80.67645235172712,78.62081182810701,78.70025870256357,36912400
20150319,82.17597198486328,82.4242377612526,80.43811155013807,80.55728185033423,42099500
20150320,83.21868896484375,84.01313488134127,82.49374958427562,82.81152946616864,44466300
20150323,83.84431457519531,84.37063678549042,82.72215604336745,83.33785029248101,27357300
20150324,84.71821594238281,85.47294606706278,83.9336951350723,84.12237956035996,32576500
20150325,82.34478759765625,84.92675005343828,82.34478759765625,84.90689212576909,37436100
20150326,82.4341812133789,83.18890381650414,81.57021347187492,82.1461919662109,32794800
20150327,82.72216796875,83.36765299052405,82.30507566472535,82.80160726699523,18372600
20150330,82.62285614013672,83.75494759477176,81.8383428705938,83.22862530507822,24527700
20150331,81.64964294433594,82.92076240124565,81.63971019269675,82.32492610287792,19734300
20150401,81.10346221923828,82.14618151331935,80.3090162786496,81.92770641730462,22058200
20150402,80.9942398071289,81.98730310079736,80.87507706083055,81.67945590423108,19664100
20150406,81.86812591552734,82.23555442043994,80.23950300726683,80.23950300726683,19062900
20150407,81.74895477294922,82.84132267679522,81.64964997741235,82.07666741704409,17467000
20150408,81.709228515625,82.52353993323763,81.27227833859921,82.05679907622735,18966700
20150409,81.5999984741211,82.22563311719959,81.14319032726085,81.92771113702214,15927300
20150410,81.47090148925781,82.03694717999039,81.3418060076769,81.6397204058953,12529700
20150413,82.4341812133789,83.3577303244793,81.3517383480598,81.36167110181627,26883100
20150414,82.94062805175781,83.10945453946718,81.8681256454088,82.59305747671553,19634200
20150415,82.1362533569336,83.0796679082906,81.6993031404537,82.97043035417062,22390900
20150416,81.73902893066406,82.4937590781955,81.58014275966691,81.8979226781321,13769700
20150417,80.21964263916016,81.54041848972851,79.81249067425709,80.91479141252441,24215000
20150420,82.51361083984375,82.57319977892496,80.67644558679486,80.97436755278996,28796800
20150421,83.0399398803711,83.90389993603397,82.96049301331902,83.41730113416301,27171900
20150422,84.04292297363281,84.152160514964,83.06972543000737,83.73507585341024,45548000
20150423,81.8383560180664,84.99629026355517,81.8383560180664,83.51662796258873,73728100
20150424,80.96443176269531,82.36465434328234,80.91478315453898,82.19582786143474,29660400
20150427,81.34181213378906,82.35473328637086,81.06374806745123,81.30208869574079,25446000
20150428,80.12033081054688,81.33186899872577,79.67345544836883,81.26235488513207,23775300
20150429,79.91179656982422,80.82541289151074,78.96838198803128,79.45498840898095,26430300
20150430,78.22357177734375,80.39838224412799,77.7766964430726,79.4549753933468,28999000
20150501,78.44206237792969,79.20672530747963,77.56816946348665,78.69032818530829,24136400
20150504,78.2633056640625,79.13720609881658,78.08455399117832,78.77970275304821,14692000
20150505,77.02198028564453,78.25338412338216,76.68434243032588,78.00511832042278,22311300
20150506,77.55821990966797,78.26329374071855,76.51550829042536,77.42912444532446,28663000
20150507,77.88594055175781,78.39240486272497,77.02197291263386,77.45892310848555,19749400
20150508,77.96538543701172,78.68039207514468,77.48871181943304,78.5512890243056,19943600
20150511,77.46885681152344,78.4817778694149,77.3894099428538,77.93559769436955,18874100
20150512,76.92268371582031,77.34970124568979,76.25733311100356,77.32984331297412,21285300
20150513,77.8958740234375,77.98524606806659,77.1113532447661,77.1808673605233,21512300
20150514,80.80554962158203,81.28221568119372,78.12427462450226,78.39240591244544,49438000
20150515,79.86214447021484,80.9545125261395,79.62381141245177,80.8452825393712,27069900
20150518,80.3189468383789,80.81547842570524,79.67346183603127,79.77276663820238,21613700
20150519,80.0706787109375,81.12333079738835,79.99123941739843,80.68638058880609,17955400
20150520,79.99124145507812,80.53742165324869,78.90879865891739,79.91179458304471,23056900
20150521,79.92171478271484,80.35865735732577,79.52448806141165,79.63372559918177,13402700
20150522,79.9813003540039,80.74595558222103,79.69331115529437,79.79261594673595,19567900
20150526,78.77970123291016,80.04088809536154,78.5314354462766,79.87206917880366,16321300
20150527,79.99124145507812,80.10047901000638,78.87900797602255,79.0478268967405,14160900
20150528,79.59400939941406,80.50762563787207,79.44504841833565,79.69331419464294,11982000
20150529,78.64067077636719,79.51456359309434,78.33281605764066,79.39539329134823,16134600
20150601,79.73304748535156,79.82241953916547,78.11435715124007,78.74991701104281,18119000
20150602,79.88200378417969,80.78568732871794,79.00810334602231,79.2067205258175,18923300
20150603,81.86812591552734,81.95749795948868,80.68637838001418,80.78568317657243,31775000
20150604,81.48082733154297,82.37457802686747,80.94457236846632,81.57019937048746,20863900
20150605,81.57020568847656,81.88798559012032,80.94457863799774,81.30208197440578,16143100
20150608,80.11039733886719,81.43117306175827,79.57414236318651,81.25242140319806,16915500
20150609,80.11039733886719,80.62679438647231,78.76976368790055,80.04088322589766,16497500
20150610,81.59007263183594,82.02701526900165,80.24943130844638,80.26929681441382,21531200
20150611,81.2623519897461,82.32492916051586,80.79561113947408,81.73901801555634,18656800
20150612,80.96443176269531,81.5205446634544,80.6367191276894,80.80554560953702,11417900
20150615,80.1501235961914,80.36859869507244,79.51456380479404,79.99123743657724,18805100
20150616,80.4977035522461,80.94458655469832,79.89193437166753,80.25937049682098,13693700
20150617,81.2226333618164,81.64965080578041,80.77575041266134,81.19284268050014,18350300
20150618,82.33486938476562,82.61292585446806,81.00416082429896,81.07367494172456,26782600
20150619,81.9376449584961,82.40438586450708,81.55035092509779,82.25542487247601,23353200
20150622,84.15216827392578,84.38057612953324,82.7320876821564,82.83140005722863,29383100
20150623,87.2703857421875,87.35976536427206,84.17203360403806,84.37064320082747,50667900
20150624,88.24359130859375,88.63088532743633,86.84336864318556,87.05191857007357,41370200
20150625,87.36968994140625,88.77983764547928,87.23065414489942,88.6408094254422,27302000
20150626,87.39948272705078,87.72718778133972,86.22766800387319,87.50872027063707,38214600
20150629,85.20481872558594,86.89302299897795,85.13530461024557,86.00919742830597,35957900
20150630,85.17501831054688,86.09856729180436,84.97640872216748,85.99926249761465,23016500
20150701,86.30711364746094,87.33989255617928,85.89002140672372,86.16807784956863,25260000
20150702,86.68448638916016,86.83344738230971,85.74107181686014,86.79372394570511,16908800
20150706,86.94268798828125,87.5782478433049,85.79073101575646,85.89003582251557,24635900
20150707,86.61497497558594,87.2406020745974,84.63878129570149,87.19095345964347,33059900
20150708,85.05586242675781,86.14823040361323,84.85724524593908,85.69142225243627,24399300
20150709,85.28425598144531,86.9923257192911,85.05585571212299,86.12836567446386,23307400
20150710,87.33988952636719,87.60802078443037,86.16807486040668,86.74405323001615,23245900
20150713,89.4749984741211,89.59416879320165,87.8066518893506,88.0449925275117,29976700
20150714,89.05791473388672,90.1701483285276,89.02812404789597,89.83250287553224,26627800
20150715,89.1373519897461,90.35881544231077,88.79970657320735,89.37568502841006,30886600
20150716,90.21978759765625,90.2297203507811,89.14727755429517,89.65374189307191,21804100
20150717,94.31120300292969,94.72828768296678,91.89805938775771,91.9079921400834,54001600
20150720,97.23081970214844,97.91602814513506,94.69850555965246,95.18510439699936,54860500
20150721,97.70748138427734,98.55158353492324,96.46615246377736,98.26359431619079,39453300
20150722,96.36683654785156,96.90309148881774,95.25460323586954,96.06891461071383,28299500
20150723,94.77793884277344,96.77399009560281,94.15230427942029,96.28739132802681,29418800
20150724,96.27748107910156,97.08186748049721,95.21490368234228,96.67470790273909,33444900
20150727,93.5167465209961,95.9398228113262,93.17910871737692,95.91003213176802,38585400
20150728,94.62899780273438,94.8971215460233,92.66272923822075,94.18211479529107,35236000
20150729,96.31719970703125,96.6051889503685,94.08280745923254,95.65184916715091,64648300
20150730,94.54955291748047,95.1453893634927,91.16321111048688,94.25163848271009,86211300
20150731,93.35786437988281,95.66177047443759,93.29827544173789,94.29133854415754,46509000
20150803,93.4869613647461,94.42044312055941,92.15626042272913,92.88119225637409,29343100
20150804,93.40750885009766,94.07286685735318,92.68257706027741,93.13938515797219,20136000
20150805,95.77100372314453,96.41648864956858,94.51974214884693,94.58925625983736,29813200
20150806,94.46016693115234,98.0550505853349,93.76501819958325,96.50587453884609,42271300
20150807,93.6458511352539,94.7382190040016,92.96063518806643,94.71835349965038,23199100
20150810,93.49690246582031,95.23476307828362,92.98050535529316,95.01628796048145,21624200
20150811,92.9705810546875,94.10267251536068,92.25557432658422,93.07981861461835,22491000
20150812,93.53661346435547,93.78487923312042,90.55742423917599,92.05694402745793,27050500
20150813,92.78189086914062,94.07287600115139,92.70244399839244,93.39759275273309,17451800
20150814,93.76502227783203,94.06294425810104,92.56341675662952,92.89112941963131,15929700
20150817,93.2784194946289,93.80474173785551,92.74216449875547,93.76501830373854,18313500
20150818,94.50981903076172,95.18510228199116,93.38766038853703,93.42738382407649,22278800
20150819,94.64884948730469,95.43337031055424,93.50683288875474,93.97356622023361,23251300
20150820,89.93179321289062,94.11258801521254,89.83248841674767,92.89112462736061,44598200
20150821,85.46299743652344,88.56135665448114,85.01612212714545,86.91286847479137,62778700
20150824,81.52053833007812,81.52053833007812,71.50053626030466,76.49564195625472,83710700
20150825,82.42424774169922,87.06185118784899,82.42424774169922,86.346844453035,52021200
20150826,86.58518981933594,86.85331357132458,82.68245082535128,85.35378589691052,45124300
20150827,89.10755920410156,89.43526428335441,86.58517791031622,88.48192457472595,42431400
20150828,90.3786849975586,90.84542591918621,89.16714666732632,89.25651871965279,33215900
20150831,88.80963897705078,90.41840402876524,88.27338395981262,89.97152105949812,32850700
20150901,86.6249008178711,88.7699132551089,85.89996139384826,86.24753197667957,36097400
20150902,89.26644897460938,89.26644897460938,87.02212405808748,88.1939389178852,27190500
20150903,87.53851318359375,89.19692673093645,87.12142850278963,89.13734536981303,27048200
20150904,87.64775085449219,87.77684632926636,86.09856727485136,86.59509882217223,27328700
20150908,88.90895080566406,89.6140247980033,88.2138095671525,89.06784456102172,27012500
20150909,89.81263732910156,91.34195555089562,89.5445060249748,90.15027517699941,32551100
20150910,91.34195709228516,91.42139639070874,89.00825249520057,89.44520273064977,26437400
20150911,91.41146087646484,91.4412515570637,90.497837071436,91.04402480398204,21185000
20150914,91.6696548461914,91.97750956761935,90.96458093506486,91.6696548461914,20127900
20150915,92.25556945800781,92.60314005014048,91.15326873976515,91.72924719328253,18859400
20150916,92.8017578125,92.95071881550388,91.98744624941297,92.25557757011423,16321200
20150917,93.6855697631836,94.84745935507105,92.25556404285092,92.72230491480578,27841800
20150918,93.74517059326172,94.52969145552719,92.40453674568248,92.55349016926924,62300000
20150921,94.88719940185547,95.82067373273279,93.86433785957222,93.9636502487152,28790000
20150922,92.31514739990234,94.0232171910061,91.28236083838681,93.1195261085036,36888900
20150923,93.31814575195312,93.66571634040383,92.1562636806448,92.75210005748467,21701400
20150924,93.75509643554688,94.11259220227241,91.60014362337257,92.41445511032593,29106000
20150925,92.12647247314453,95.18510903855936,91.42139848932956,95.12552766925621,28961600
20150928,88.5911636352539,91.64979998781654,87.56830979221779,91.4412576332969,41199900
20150929,86.06877899169922,89.43526237019076,85.12537205609895,88.48192268195575,42281800
20150930,89.27637481689453,89.39553754076995,87.39948615115425,87.8265035901384,36169100
20151001,90.319091796875,90.319091796875,87.74706183706493,89.42534100984136,29283700
20151002,91.43132019042969,91.56041566713797,87.75698971579452,88.28331195160477,37881700
20151005,93.35786437988281,93.61605533145337,92.01723070691033,92.2952871633526,27292500
20151006,92.1562728881836,93.5167646955448,91.69945712461194,93.4273926395012,22172800
20151007,91.75904083251953,93.01030258098446,90.73618695279879,92.46411479255546,24129300
20151008,91.82855224609375,92.57334962119263,89.84242591249672,91.25257379099764,27290500
20151009,92.59321594238281,93.08974757078154,91.60015268558536,92.25557807177793,20012900
20151012,93.60612487792969,93.94376267701048,92.02715069434126,92.67264318981489,18449600
20151013,93.46710205078125,94.7084309304462,92.90105638471285,93.01029393224097,19480300
20151014,93.41744995117188,94.53960857994396,92.9606418126504,93.42738270405532,19253400
20151015,95.29434967041016,95.63199511910672,94.24170503762421,94.3310770944586,27557500
20151016,96.86337280273438,96.91302141037585,94.68856225393661,95.51280642077877,25412900
20151019,97.78692626953125,97.88623106586235,96.24767540875312,96.50587394039023,23729900
20151020,96.3271255493164,98.89915547109229,95.89017533884892,98.04512813245127,30881800
20151021,96.43636322021484,97.49894048895176,95.80080340955747,96.69456176094145,21917800
20151022,98.97860717773438,99.03819612164557,96.8733180458219,97.11165109205388,26392100
20151023,101.48112487792969,102.13654261170728,99.46520791245167,101.20306841048038,42809700
20151026,103.05015563964844,103.0898790732436,100.84556189864384,101.49104685927202,25961200
20151027,102.98063659667969,103.37786333715117,101.68965916073475,102.22591412390076,23795500
20151028,103.4771728515625,103.75523688611422,102.20605328520702,103.17925846496244,24081500
20151029,104.15245819091797,104.39079879681978,102.8018917300226,103.23884193103886,20316700
20151030,101.26264953613281,103.99357316946339,100.9448696345859,103.78503081936732,33487100
20151102,102.5933609008789,102.75225465598658,100.47813892718898,101.01439398597049,24003900
20151103,101.8684310913086,102.93100847709808,101.68967940134067,102.50399097197867,21242300
20151104,103.21897888183594,103.41758846709816,101.76910769530565,102.47418157239757,43469300
20151105,108.00555419921875,109.88244301409277,107.20116786679358,108.04527763582365,63232900
20151106,106.35706329345703,107.98568627544724,105.1753232809154,107.29054509159923,35084300
20151109,105.75128936767578,107.49908257764784,105.12566233054996,106.25775367952258,26383500
20151110,107.16143798828125,107.39977100026213,104.50995387117328,105.22496048358578,25031700
20151111,108.2538070678711,109.10784191170958,106.36698572505419,107.51893494314592,25057100
20151112,107.27066802978516,108.63116714472314,107.25081010230184,107.72748370306992,20924700
20151113,103.22891235351562,107.4990869680543,103.10974962336985,106.96283195298638,30278400
20151116,103.31829071044922,103.44738619201408,99.77305557915065,102.60328403246119,49309200
20151117,104.40072631835938,105.4633035866798,103.41759592045761,103.8942695664991,26807200
20151118,107.02241516113281,107.13165271662808,104.65892752940111,105.06608706833275,23836500
20151119,105.52289581298828,106.9826999023798,105.21504107464906,106.61526379760691,25520600
20151120,106.57553100585938,107.12171873845922,105.88038987025061,106.09885738682041,22129600
20151123,106.20809173583984,106.72448877229125,105.34413171851791,106.44643232641891,19897200
20151124,105.0064926147461,105.75128995777729,103.66585891258403,105.26469114840862,23577300
20151125,104.67879486083984,105.86053490907413,104.37094011886258,105.59241118048325,15150800
20151127,104.71851348876953,105.22497785223807,104.13260982584151,105.04622616962983,5913100
20151130,103.51689910888672,105.36399714678059,103.0303002939703,105.10579861017435,20383200
20151201,106.3769302368164,106.40672091988802,103.77510198581481,104.10281465254407,22781900
20151202,105.33419799804688,107.17136313550152,105.05614155473091,106.25774694275768,24429100
20151203,103.65592193603516,106.10878896470076,102.63306817218806,105.53281055787441,23236500
20151204,105.44345092773438,106.9827019190333,103.38781040584426,104.08295161557679,21224700
20151207,104.87741088867188,106.08894927110629,103.93400382771202,105.74137864740905,15474900
20151208,105.75128936767578,106.16838163556332,103.22890813750881,103.27856432402194,20401800
20151209,103.87440490722656,105.7016450593951,102.83169313624808,105.44344651666539,23517300
20151210,104.68871307373047,105.6619182722441,103.68572477010007,104.321284565528,17454300
20151211,101.4115982055664,103.61619174302844,101.20305588079849,103.42751492145912,26427700
20151214,103.9339828491211,104.01342213530933,100.75617653102698,101.58042068404728,24648100
20151215,103.82475280761719,105.06608171456396,103.55662152089326,104.56955015178525,21764300
20151216,106.0492172241211,106.34713163033607,103.46725448790427,104.63906933587963,22680500
20151217,105.4831771850586,107.00256271014594,105.39379755486286,106.74436414971186,21675700
20151218,103.31829071044922,105.8505971891079,103.24877659322652,105.34414043925848,35994200
20151221,104.04322052001953,104.42058935735795,102.88133847935944,104.1822563282029,16138800
20151222,104.77809143066406,104.92705241327295,104.08294270397933,104.49010221801228,14597100
20151223,103.9041976928711,105.37393453146132,103.13954237867624,105.15545941984256,19599700
20151224,104.29148864746094,104.58941062295806,103.77509914326589,104.01343217778125,6501800
20151228,105.1951904296875,105.24484662280159,103.80490036367786,104.29149923501627,13069700
20151229,106.51593780517578,106.99260379476213,105.51294206973677,105.6817609586957,17179900
20151230,105.4831771850586,106.50603109664178,105.32428343203111,106.2577652898897,13115000
20151231,103.9339828491211,105.43350260532544,103.89425941779206,105.26468370452943,18391100
20160104,101.51091766357422,101.53077559317333,99.05805044043295,101.24278636692692,37912400
20160105,102.01737213134766,102.99056969346704,100.96472012910414,102.17625828218615,23258200
20160106,102.2557144165039,103.05016039566198,100.20007398602057,100.42847426914615,25096200
20160107,97.2407455444336,100.72639945550415,96.62505121685403,99.80285038766395,45172900
20160108,96.65483856201172,99.8028469406936,96.35691658533186,99.18714505790815,35402300
20160111,96.83358764648438,97.91602281833494,94.72829108946931,97.23081441262482,29932400
20160112,98.6806869506836,99.2665905665858,96.87331233891761,98.31325086134918,28395400
20160113,94.77793884277344,99.88228225583103,94.54953101021425,99.88228225583103,33410600
20160114,97.68761444091797,98.18414596329973,91.80867545780083,95.1850913252908,48658600
20160115,94.31120300292969,95.7114180220457,92.8911224791623,93.32807266385076,46132800
20160119,94.59918212890625,96.74419423802095,93.26847378844892,95.8603687869616,30998300
20160120,93.69550323486328,94.3409957738733,88.75005317290886,92.18605063612823,59051400
20160121,93.50682067871094,95.32412030703047,91.97750266838025,94.25161796823413,30518900
20160122,97.26060485839844,97.38970033708118,94.82759565698095,95.74121948983004,30495400
20160125,96.3370590209961,98.78992623201475,96.25761215005097,98.03519611097732,32482000
20160126,96.66476440429688,97.20101942013189,94.99642556810437,97.08185668981565,26877100
20160127,93.7947998046875,97.17121560944608,93.5763323031331,97.11163425233757,58699400
20160128,108.35311126708984,109.57457459014515,104.08293707123582,106.45635718255681,107475300
20160129,111.43162536621094,112.05725248052688,108.08499951642787,108.23396051787584,62739500
20160201,114.29164123535156,114.91727590677452,111.23301230578218,111.49120328539796,46132700
20160202,113.8149642944336,116.77428813634263,112.4147416646162,114.00364871088367,59778600
20160203,111.90828704833984,114.53989829351946,108.98867900851589,114.47038417716509,56919300
20160204,109.72354125976562,111.16348731983648,108.49214512076767,111.0244590901014,38890200
20160205,103.34807586669922,108.81985563484255,102.464250319352,108.75034152133671,76894700
20160208,99.05804443359375,101.96771962577968,96.78392902062856,99.71346971767962,71229700
20160209,98.84951782226562,101.68967935234792,96.14838454248346,96.46616448266539,62709000
20160210,100.29938507080078,102.53377731247704,99.54465490331157,100.84557287157675,45179400
20160211,101.20307159423828,104.380870717159,98.194083815899,98.90909051267386,43670600
20160212,101.30238342285156,103.51691020936016,100.3887594822285,103.02037858843359,36176800
20160216,100.9051513671875,103.20905766550335,99.54465206901862,103.07996217830066,45687200
20160217,104.4702377319336,104.9866347998189,99.70353927724449,101.31229669099626,44073400
20160218,102.75225067138672,105.26469935894505,102.31530043825624,105.06608974923354,29593500
20160219,103.8446044921875,104.29147984122908,101.35201407550895,101.83862043283057,32404500
20160222,106.4166488647461,107.49908404195,104.6092666910449,104.75822767614306,35709700
20160223,104.72844696044922,106.7245061671821,104.39080910013591,106.10880423920523,25319300
20160224,106.13858032226562,106.20809443550067,102.02729973614754,103.48710369055341,34412400
20160225,107.32032775878906,107.32032775878906,104.87739346826022,106.36698810222684,29906300
20160226,107.1713638305664,108.69074910316115,106.41664135851967,107.9459518066759,26686200
20160229,106.17830657958984,108.15450763614403,106.00948766816671,106.85358980175266,32779000
20160301,109.05819702148438,109.05819702148438,106.85359557194724,107.08200343468418,26817300
20160302,109.18729400634766,109.78313797768496,108.01547914663958,108.91917028042253,25670200
20160303,108.81986236572266,109.53486904970559,107.78707577513293,109.4852128613571,21353100
20160304,107.63812255859375,109.28661115196952,107.18131438339195,109.28661115196952,24938900
20160307,104.99656677246094,107.32033083127041,103.99357090213029,107.32033083127041,31436400
20160308,105.1951904296875,106.62520393489415,103.67580486864111,104.05316617630561,25617000
20160309,106.76421356201172,106.76421356201172,104.75822190304106,105.95982731739853,20493300
20160310,106.57553100585938,107.90623949234347,105.03628017869265,107.16144217141832,24854300
20160311,108.65103912353516,108.66096429963336,107.17136962610952,107.72749012289157,20697600
20160314,109.1277084350586,109.56465864347783,108.01547498475081,108.52193931028486,17249400
20160315,109.90229034423828,110.06118407533279,108.08498307131293,108.35311434841738,17618500
20160316,111.40182495117188,111.71960485748545,109.3362517718983,109.72354579595327,24744800
20160317,110.2498550415039,111.90827607152235,109.9618734280479,111.37202112232994,24241200
20160318,110.67688751220703,111.64016000148597,109.5050726659405,110.78612506726778,36256900
20160321,111.0741195678711,111.59051668475165,110.25980803107123,110.88544270819686,18448000
20160322,111.47134399414062,112.0969710814557,110.39883392176826,110.5875183538905,19001100
20160323,111.75933074951172,112.40482332928266,111.22307572523142,111.23300847840443,18562000
20160324,112.26580047607422,112.30551633772983,110.90530113200047,111.3521765521017,17839100
20160328,112.90135192871094,113.79510270238202,112.16647974277748,112.53391583574421,21351800
20160329,115.3343505859375,115.5131022512709,112.85169277656831,113.04037719455089,29825300
20160330,113.90434265136719,116.1784582214999,113.56670481002723,115.92026725217077,33235200
20160331,113.3084945678711,114.212185596651,112.98078193700785,113.90433089350523,21207500
20160401,115.2549057006836,115.36414325229293,112.56370549820085,112.9609322698284,24760500
20160404,111.7692642211914,113.75539058619546,110.83578240516884,113.27871692494733,48487900
20160405,111.44154357910156,112.53391148640199,111.12376368649652,111.33230603072448,22962400
20160406,112.92121124267578,113.02051604358238,111.64015885450986,111.6898150431985,20814600
20160407,112.85169982910156,114.09302881136153,112.28565411624984,113.00066082226692,20714500
20160408,109.86257934570312,113.5369177401888,109.13764745082949,113.45747086564975,48497800
20160411,108.23395538330078,110.140642473734,108.0154802684043,109.93209253571762,39762300
20160412,109.84270477294922,110.38889248206311,108.23393990139814,108.58151045425707,26248100
20160413,109.743408203125,111.868562687179,105.78108087433512,111.45147799250755,88227400
20160414,110.07110595703125,111.26278617516584,109.49513514022625,109.85263844801963,28473300
20160415,108.87944793701172,110.20022380281422,108.44249770736977,110.02147212491259,20922800
20160418,109.6838150024414,110.04131832011981,108.44248614285529,108.97874111937291,21167200
20160419,111.51106262207031,111.66994878715967,108.40277767339208,110.32931504274761,30210500
20160420,111.64016723632812,112.48426947211446,110.78613224676418,111.65009999010572,21027900
20160421,112.653076171875,113.24891249374994,111.53091006293279,111.76925065285869,20875200
20160422,109.79306030273438,110.97480788499598,108.25381695401502,110.43855287060343,38458200
20160425,109.33624267578125,109.90228832357543,108.3133889241944,109.10784241211991,21017900
20160426,108.00555419921875,109.73348202094212,107.39978504981805,109.72354926767318,22521500
20160427,108.1346435546875,108.18429974174587,105.5725388624722,107.19123661234184,52213100
20160428,115.92025756835938,119.9520912802115,115.42372602447728,118.75048585319327,87110100
20160429,116.76436614990234,117.02255711197407,115.03643082635492,116.00963603995532,37140600
20160502,117.74750518798828,117.90639893921382,115.76137875649553,117.01264052974786,28095200
20160503,116.61540985107422,117.34034930811448,116.20825030944883,116.70478190081396,24117500
20160504,117.24102020263672,117.47936078754844,115.76135839287436,115.80108182369297,23448400
20160505,116.99276733398438,118.15465697816764,116.43665439418422,117.22117519224261,22056700
20160506,118.66109466552734,118.8100556294616,116.2976074746287,116.34726365476324,26395600
20160509,118.41284942626953,119.44563602489241,118.07521158757952,118.71077140573657,21138100
20160510,119.66410064697266,119.66410064697266,118.17450603310992,118.79020786770238,23220000
20160511,118.6908950805664,120.24007862552259,118.59159028861959,119.57472818536196,22038400
20160512,119.44563293457031,120.0017458669522,118.07520853271332,119.14771853928164,22035500
20160513,118.97888946533203,119.80313366970057,118.84979398782275,119.54493513821168,18124300
20160516,117.8468017578125,118.78028353984266,116.53595870770255,118.55187568253743,31247800
20160517,116.53595733642578,118.18444577665827,116.3869963509335,117.99576135660335,21328600
20160518,116.8338851928711,117.44957951843124,115.92026888131869,115.98978300118745,21642300
20160519,115.99969482421875,116.674978015122,115.07614586572565,116.2380354161634,20544100
20160520,116.53595733642578,117.1715171364871,116.13873056726985,116.14866332002812,18944800
20160523,115.16553497314453,116.78422518370499,115.13574429081376,116.60547351324975,20441000
20160524,116.8835220336914,116.91332029046602,115.31448811804857,115.43365083926673,20183600
20160525,117.07221221923828,117.84680025124577,116.56574789966784,117.31054524990125,20019800
20160526,118.64125061035156,118.9292398205697,117.10199976385086,117.41977965504496,18481300
20160527,118.55187225341797,119.01861313093255,118.18444374884122,118.73062391764759,13493600
20160531,117.98583221435547,119.26688460643815,117.30062378247547,118.63132478692792,23547600
20160601,117.95604705810547,118.25396905216502,117.00270728417433,117.67799057110109,15029500
20160602,118.10501098632812,118.61147535821065,117.3999369977907,117.86667793104802,13228300
20160603,117.64818572998047,118.15465002834873,117.04241663769906,118.15465002834873,14135100
20160606,117.9659652709961,118.60152504194359,117.53894783959666,117.797146364191,12744700
20160607,116.94312286376953,118.47244107884983,116.85374323729604,118.41285213571055,17103000
20160608,117.5687484741211,117.77729083132563,116.45651499255946,116.94312140250747,14505600
20160609,117.73756408691406,117.85673439188413,116.89346192867008,117.3105466313595,13859200
20160610,115.81102752685547,117.2906895020909,115.45352418597743,116.72464380844576,18510800
20160613,113.15953826904297,114.67893119043845,112.52397848523725,114.20225756434904,31718200
20160614,114.1426773071289,114.15260248325896,112.79211085935115,113.27870966618465,17618500
20160615,113.8050308227539,114.63920777442036,113.27870858700341,114.50017954522099,19819400
20160616,113.59650421142578,113.70574177470696,112.15656553395033,113.08011465666401,19236300
20160617,112.23600006103516,113.63622281636185,111.77919189605176,113.62629006290301,24644300
20160620,112.58356475830078,113.92419840876086,111.96786291761042,112.98078393142224,20785400
20160621,113.58655548095703,114.41079967833633,113.17940354674465,113.3283645281278,19166300
20160622,113.11983489990234,113.94407161345892,112.8219129036484,113.85469956046538,14846300
20160623,114.28170776367188,114.29163293999524,112.75238962165051,113.57663384471853,16176900
20160624,111.30252838134766,112.89142803040738,110.23001827705566,110.23995103074479,40643100
20160627,108.21410369873047,110.7960666366333,107.4792390142325,110.7960666366333,36130400
20160628,111.91822052001953,111.96787671101193,109.78314068382448,109.86257998235291,26813800
20160629,113.36809539794922,113.45746744675931,112.25586191733117,112.58357458257632,20968300
20160630,113.48725128173828,114.38100959826244,112.88148217700915,113.87454528948703,23192700
20160701,113.39788055419922,114.33135473876075,113.02051171813761,113.40780573038056,14980000
20160705,113.40780639648438,113.40780639648438,112.18634298961166,113.14961543778615,14207000
20160706,115.89046478271484,115.97984440459771,112.18634353330505,112.57363754969974,24337600
20160707,115.04637145996094,116.1586049836259,114.55977260806358,115.820959552177,16630200
20160708,116.42672729492188,116.68492584799739,115.04637005483771,115.62234852844041,18142600
20160711,117.05235290527344,117.87658953832869,116.68491682264302,116.8934591690645,17711600
20160712,117.1119384765625,117.89645928022782,116.75443513371576,117.80707965628082,15217700
20160713,115.96990966796875,117.57867464610545,115.87060487149694,117.56874189351718,16207700
20160714,116.47637176513672,116.82394233441585,115.89046059709176,116.6849141067042,14579700
20160715,116.04936218261719,117.45951005995676,115.77130570837791,116.92325504115071,16646000
20160718,118.54195404052734,118.78028708134322,116.07915403052739,116.50617149924418,20868400
20160719,119.77334594726562,120.01167897950512,117.83687585443752,118.1645809325904,21541300
20160720,121.07425689697266,121.35231336551404,119.72369041279693,120.40890640775285,20046500
20160721,119.77334594726562,121.25300790477196,119.41584261067112,121.07425623647472,17801700
20160722,120.16064453125,120.17057728444125,118.48236533605362,119.06827655080552,18422400
20160725,120.78626251220703,121.00473760714178,116.96297108025956,120.54792948885557,18487400
20160726,120.37911224365234,121.22321437772888,119.91237136647099,121.15370026260423,17612000
20160727,122.4843978881836,124.13288625434697,120.66709819153724,121.57078166370442,52654200
20160728,124.13288879394531,127.43979076976888,122.77238960523438,126.63540449838433,78955800
20160729,123.08025360107422,124.96706759182224,122.85184573482564,123.78532755340642,35058800
20160801,123.44767761230469,123.71580890532472,122.00773907702272,122.9908694729982,25006900
20160802,122.23613739013672,123.93428201466445,121.22321632824078,123.19940984127066,23968400
20160803,121.6601791381836,123.06039436088405,121.46156194514263,122.23615005682431,18525300
20160804,123.4973373413086,123.92435481062773,121.66017197850607,122.08718944782521,21066000
20160805,124.28184509277344,124.96705346109715,123.7555228763545,124.11302618872774,20184000
20160808,124.39109802246094,124.57977487765535,123.686024062647,124.38116526909147,15233900
20160809,124.19248962402344,125.21534357578888,123.66616730526813,124.47054612627369,19621000
20160810,124.01373291015625,124.60957690681212,123.67609505009099,124.20241734752868,10670100
20160811,124.0335922241211,124.51025830587902,123.88463123239521,124.33150663110212,11729500
20160812,124.01373291015625,124.13290322478166,123.31859168268593,123.83498122645372,12159000
20160815,123.04051971435547,124.05344074360643,122.84190254829731,124.04351556765616,19295100
20160816,122.44468688964844,123.0603811809557,121.92828981951997,122.64329648494683,14222400
20160817,123.50726318359375,123.51718835975292,121.99780299566126,122.80218927630476,13794200
20160818,123.05046081542969,123.39803140902549,122.7823295171767,123.14976561696125,12400800
20160819,122.702880859375,123.29872481283303,122.42482438854559,122.74260429470358,11688300
20160822,123.2887954711914,123.96407873752055,122.25600885348383,122.47448396560074,14386400
20160823,123.50726318359375,124.22226226704191,123.38809288145055,123.64629141452565,13309500
20160824,122.62344360351562,123.82504913041414,122.2361419967417,123.60657402071064,12243700
20160825,123.03060150146484,123.50727517986667,122.2460806498798,122.26594615706838,10730800
20160826,124.0931625366211,124.32157038045146,123.05045084036097,123.18947906652899,17504800
20160829,125.6622085571289,125.85089297506482,123.48739789218885,123.48739789218885,15925900
20160830,124.96705627441406,125.72178634824506,124.28184789066462,125.72178634824506,17804300
20160831,125.24512481689453,125.34442961470651,124.23219618038927,124.72872774591957,14200600
20160901,125.29476165771484,125.75156974591496,124.7287160292419,125.50330398647121,13536100
20160902,125.6324234008789,125.97999399409645,125.12595906420722,125.97006124101289,12118800
20160906,128.830078125,129.03862805366188,125.59269771311126,125.79130731239712,26278400
20160907,130.1409454345703,131.06448700843504,129.0485697690865,129.13794182727798,27990800
20160908,129.3663330078125,130.1707116864329,128.90951731901043,130.01181795528956,15676600
20160909,126.21832275390625,129.04855116911745,126.21832275390625,128.81022571495706,27100700
20160912,127.79729461669922,127.86680115517815,124.8776866358906,125.08622898073831,21252800
20160913,126.32756805419922,127.45966706620207,125.78138784314554,127.14187957057257,18016200
20160914,126.88367462158203,127.90653602451091,126.0097817820722,126.0097817820722,15691100
20160915,127.45965576171875,128.20445309148428,126.78436496986896,127.09221968483847,15077200
20160916,128.17465209960938,128.28387448569916,127.31067696258371,127.31067696258371,24119200
20160919,127.75758361816406,129.03864372205035,127.37028954900045,129.00885303618722,14958800
20160920,127.74764251708984,128.27396477232423,127.14187339180899,127.75756769349275,11083800
20160921,129.03863525390625,129.10814179871122,127.49938425590501,128.23425648250316,14068300
20160922,129.17764282226562,129.82312774089104,128.66124579560156,129.59472748316907,15538300
20160923,127.0723648071289,127.70793221870152,126.41694704188625,126.67513801607261,28326300
20160926,126.42686462402344,127.27097434548742,125.92040788290954,126.48645356380833,15064900
20160927,127.79729461669922,128.11506693377834,126.54603297114262,126.72478463479356,15637100
20160928,128.3335418701172,128.57188247233285,127.50929766784618,128.3136915179713,12047600
20160929,127.20146179199219,128.39313460272191,126.66521433069347,128.2838970444834,14532200
20160930,127.38021087646484,127.69798319591257,126.56589184317504,127.14187027217353,18402900
20161003,127.87674713134766,128.19451946245988,126.9134746556048,127.48945310574577,13156900
20161004,127.3007583618164,128.3831934798632,126.66519859817114,128.2739559351926,14307500
20161005,127.57882690429688,127.90653956937189,126.94326708040816,127.36035179424687,12386800
20161006,127.8469467163086,128.16471902322994,127.1915214450494,127.53908443221526,11682700
20161007,128.09521484375,128.3534057949327,127.43978956043189,128.1448558764441,12804400
20161010,129.33653259277344,129.793333094254,128.30373857101557,128.78040457562892,15138700
20161011,127.98597717285156,129.73376277373717,127.34047706610797,129.32660326604451,17537900
20161012,128.15480041503906,128.76056953262136,127.56889680295117,128.11506940405022,11073000
20161013,126.93333435058594,127.36035181763371,125.87075705953274,127.32063595804527,17139300
20161014,126.992919921875,128.05549724811598,126.69500550627166,127.59869665948506,13345300
20161017,126.65528106689453,127.57883014325333,126.4368059512979,127.3106988372135,11351700
20161018,127.67813110351562,128.4924349727669,127.12200303441516,127.78735349860231,13504000
20161019,129.2074432373047,129.56494656686576,127.70792338014219,127.84695161091925,16752300
20161020,129.0982208251953,129.75364619839866,128.60168920663688,129.16774252520588,13167500
20161021,131.1538543701172,131.21343573322753,128.80028445667404,128.87973132513474,19088800
20161024,132.35546875,132.48457182144384,131.2333024285394,131.79935575446143,17470200
20161025,131.37232971191406,132.57394290289798,131.3028231644539,132.57394290289798,13336800
20161026,130.1309814453125,131.34251963478658,130.03168422746694,130.72682536414706,13084700
20161027,128.7903594970703,130.88572330330504,128.3732748016558,130.82614194009452,16741400
20161028,130.37924194335938,132.04759575681976,129.0286755812018,129.59472879648257,24545500
20161031,130.0813446044922,131.20349563524212,129.97210705428387,131.0942580850338,15669000
20161101,128.60166931152344,131.02474565970132,127.75755962938372,130.49842343768861,22077800
20161102,126.287841796875,129.32661267949408,125.4040161796888,129.32661267949408,39640900
20161103,119.1675796508789,122.42482561576762,118.67104806900024,121.15370597839355,63766300
20161104,119.9123764038086,121.08419123404336,118.42278166587309,118.76041950309923,30545500
20161107,121.30267333984375,122.35531792424753,120.50821973651983,121.97795662972776,23008900
20161108,123.3582992553711,123.74559325750354,120.69688984946569,121.18348864611181,19460800
20161109,122.32550811767578,122.9511351183753,119.67403156401177,120.65716187267384,31916000
20161110,119.9620361328125,123.31858698049423,114.47039033931125,123.07032118351115,67846700
20161111,118.19437408447266,119.8627204979536,117.33041398337384,118.70083841797687,32840100
20161114,114.28170776367188,118.30360892754403,112.76232237444435,118.30360892754403,51377000
20161115,116.38699340820312,117.6680457286939,115.02650179706606,115.92026011095152,34681400
20161116,115.532958984375,117.06227708829498,113.41773728021354,113.68586856367376,32397900
20161117,116.97291564941406,116.97291564941406,115.20526435941984,115.99971037633706,18597800
20161118,116.20823669433594,118.30360037051885,116.02948503932845,117.568735822808,22879300
20161121,120.92530059814453,121.10405227434718,116.98284612137475,117.38006533385101,35415400
20161122,120.62738037109375,122.12690782822521,120.06133468649678,121.55092939085414,26089200
20161123,120.00174713134766,120.46848802300188,119.1079963595942,120.38904872930351,15672100
20161125,119.5449447631836,120.29967491327913,119.237097597007,120.17057942537592,8658600
20161128,119.57473754882812,120.84585716881205,118.98882635046238,119.28674832610199,18101300
20161129,120.03154754638672,121.25301099717773,119.56480664634746,119.73362556613635,18891000
20161130,117.59854125976562,120.94516694096225,117.13180034776067,119.48536283795816,30188900
20161201,114.30156707763672,117.62832711565554,113.2091991276639,117.55881299819737,43277000
20161202,114.5994873046875,115.67199730893768,113.50711937138252,114.31149808633492,25070400
20161205,116.61540985107422,116.7544380905388,114.27178013371312,115.14567300698627,20201500
20161206,116.49622344970703,116.98282979708772,115.5230259078852,116.87359225595897,19131200
20161207,117.13179779052734,117.13179779052734,115.76137334439728,116.18839081026306,21913700
20161208,118.08514404296875,118.6710476709142,116.82394958640408,117.16159500071369,22442800
20161209,118.84978485107422,119.10798336271372,118.12484549871054,118.39297676215494,17464700
20161212,116.95304870605469,118.41285280950478,116.83388597203974,118.39299487932591,17805500
20161213,119.47542572021484,120.67703122825282,116.79415823305185,117.04242402173251,29768000
20161214,119.3761215209961,120.84585833103162,118.02555501765663,119.16757916663097,25913100
20161215,119.73362731933594,121.65023955995156,118.80014550558892,119.24702848250796,20139600
20161216,119.03848266601562,120.65717287499854,118.44263871409844,120.06133649955193,25324300
20161219,118.41284942626953,119.52508289627971,117.68791756015477,119.01861856177402,15918100
20161220,118.2638931274414,118.93917640807705,117.97591146606341,118.67105267709819,13684400
20161221,118.21424865722656,118.37313483540245,117.65813566890411,118.09507834124122,10767600
20161222,116.58561706542969,118.16458386079118,116.11887616572791,118.03548837689374,16258600
20161223,116.45651245117188,116.74450167430416,115.49324755838256,116.18838873389457,10890000
20161227,117.1913833618164,117.85673384776882,116.04935923465497,116.14866403343629,12051500
20161228,116.10894012451172,117.4297159146745,115.84081641124996,117.3701345509431,12087400
20161229,115.54289245605469,116.71470724030122,115.25490324217958,116.18838499912165,9934900
20161230,114.25192260742188,116.01957386669253,113.97385855103936,115.79116600021031,18684100
20170103,116.04936218261719,117.02255984245464,114.70872842383743,115.22511793650027,20663900
20170104,117.86666870117188,118.82994117710588,116.47637876404455,116.73457730665392,19630900
20170105,119.83292388916016,120.11098034824424,117.49922709159554,118.03548208117354,19492200
20170106,122.55391693115234,123.02065020915396,119.1973589103841,120.14077337142467,28545300
20170109,124.0335922241211,124.55991449527791,122.18649411024988,122.6929584515296,22880400
20170110,123.48739624023438,124.6294203322784,123.41788212557798,123.95413711427177,17324600
20170111,125.21533203125,125.2451302907193,123.19941499932678,123.48740422909735,18356500
20170112,125.74166107177734,125.8508986263855,123.93428640890242,124.73866515058913,18653900
20170113,127.4497299194336,128.3732865928486,126.48646496101499,126.60562769838124,24884300
20170117,126.98298645019531,127.44971976180004,126.51624556212009,127.15179778918635,15294500
20170118,127.03262329101562,127.5390799904741,125.96011338074513,127.51922963962915,13145900
20170119,126.66520690917969,127.45966045409854,126.56589453371195,127.34048257294904,12195500
20170120,126.15874481201172,127.58875061105137,125.90054626888444,127.21139691408264,19097200
20170123,128.03561401367188,128.3534014686689,126.06935338293246,126.42685669333416,16593600
20170124,128.4725799560547,128.99890223416986,127.48945709649017,128.4825202858308,15162700
20170125,130.56793212890625,130.8261382327559,128.86980271376447,129.0982029839127,18731300
20170126,131.85891723632812,132.2164205585286,130.52821631872538,130.71690073223957,20020100
20170127,131.2630615234375,132.02772428474714,130.17070130307704,131.75959302894836,19539500
20170130,130.07139587402344,130.66723977357248,128.7009791497644,130.66723977357248,18956100
20170131,129.41598510742188,129.75362291073753,128.6215316297252,129.26701655682515,19790500
20170201,132.30580139160156,132.56400751269916,129.77348728717269,131.3326037315374,50139800
20170202,129.93235778808594,134.55010977671003,129.49540764864398,132.29585254982823,54366400
20170203,130.07139587402344,131.92843410761867,129.85292078771812,130.32960196853327,24804900
20170206,131.14390563964844,131.14390563964844,129.396120104302,130.0713957135473,17058500
20170207,130.92544555664062,132.07740247811816,130.74670145827767,131.32267991901642,14596400
20170208,133.26907348632812,133.50741410058268,131.52128777395203,131.6801815167884,22390600
20170209,133.20948791503906,133.56699124866242,132.3852436971591,133.5570660724015,16470600
20170210,133.25912475585938,134.00392199670102,132.7526529342063,133.16975272366363,15061900
20170213,133.1201171875,133.7656021684869,132.7725390266972,133.7656021684869,13526200
20170214,132.92149353027344,133.29884718023996,131.6305085519095,133.16975928946113,14364900
20170215,132.51434326171875,132.77253421416682,131.7397552514341,132.52426843771815,13226500
20170216,132.9115753173828,132.9413660012071,132.09727137128235,132.14692756197016,12831100
20170217,132.6037139892578,133.15982689851637,132.2462106686001,132.5739233086147,12276500
20170221,132.79237365722656,132.98105803476676,131.978054796882,132.57389860459446,14759100
20170222,135.17575073242188,135.84110122261666,132.534214277408,132.67324251188242,27360100
20170223,134.4210205078125,135.17574300137466,133.3981667370487,134.94734273343116,18422500
20170224,134.50047302246094,134.6792171128092,133.22935342573706,133.22935342573706,12625700
20170227,135.46376037597656,136.22840816162247,134.08340307675311,134.32172855677052,14306700
20170228,134.5997772216797,135.86097170752384,133.81526397402428,135.84110620103056,16112100
20170301,136.46673583984375,136.52631720419205,135.35450996416563,135.52332888079954,16257000
20170302,135.81130981445312,136.86396947320787,135.36443443124136,136.13902246959267,12294800
20170303,136.21844482421875,136.3773385350131,135.13600983119147,135.68219749146064,11160600
20170306,136.46673583984375,136.873895366812,135.56304473938474,135.93048840776783,12748200
20170307,136.34756469726562,137.41013431943628,136.0397175651689,136.07943342130324,13527100
20170308,136.7646484375,137.03277971162456,136.0992979929939,136.19859520911928,10184500
20170309,137.2810516357422,137.60876428482155,136.44686709583988,136.76465456874377,15535300
20170310,137.8272247314453,138.5223810427101,137.26118662857462,137.94640261068713,16314100
20170313,138.6316375732422,138.7110692996909,137.70808085914013,137.74781187530732,10955500
20170314,138.3535614013672,138.49258963230034,137.55910787334605,138.49258963230034,12944000
20170315,138.7507781982422,139.12814702696184,137.52931482230807,138.3237531837004,19344800
20170316,139.0189208984375,139.27711187180395,138.76071477212938,139.22745568190302,13612900
20170317,138.8699493408203,139.36648092326286,138.73092110385406,139.36648092326286,20592800
20170320,138.96925354003906,139.21751931664969,138.28403757212322,138.74085326838062,12099500
20170321,137.54916381835938,141.32280660953504,137.4399262718037,140.17084978275525,29894800
20170322,138.62167358398438,138.82028317209492,136.64548772581506,136.97318521208032,17055400
20170323,138.56210327148438,139.41613820610485,138.12515305103554,138.51244708226218,13022800
20170324,139.36648559570312,140.04177644999447,138.7905071224064,139.10829461923572,16664700
20170327,139.34664916992188,139.67434672348625,137.8073980283042,138.0854545393514,12800500
20170328,140.77662658691406,140.9653110097479,139.03876607567358,139.38634423909812,14679400
20170329,141.66043090820312,141.86898080552473,140.44889283580227,141.00502084434697,16527600
20170330,141.42213439941406,141.95838186182863,140.86602143011245,141.41219406949958,12404000
20170331,141.06460571289062,141.64058408566595,140.90571199220653,141.32279664429782,11478300
20170403,141.29302978515625,141.48171421615984,139.84316601007697,140.94545160668204,13564000
20170404,140.746826171875,141.1043294870118,140.29002564044134,140.87592922129497,12948600
20170405,140.8660125732422,142.44497933029163,140.3098844859649,141.27315694470494,17158100
20170406,140.1907196044922,141.23343891682566,139.9325286469282,141.12420136690614,15103400
20170407,139.80343627929688,140.56809918719009,139.2671888178413,140.2205210055272,11818300
20170410,140.06163024902344,140.448924299722,139.65448584399118,140.0219143874138,9039400
20170411,138.94940185546875,140.0517026193762,137.8471010915613,139.82330232500027,16638100
20170412,138.61175537109375,139.4260592691346,138.47272713713843,138.75078360504907,11612500
20170413,138.42306518554688,139.6048127014305,138.36348382389565,138.65146545618995,10965600
20170417,140.43899536132812,140.56809842575078,138.78058164234508,138.7905068192461,11519700
20170418,139.98219299316406,140.92559998676398,139.63461481781277,140.29004015553377,14807500
20170419,141.2830810546875,142.04772867514785,140.2900180279646,140.36946488845516,15563900
20170420,142.80247497558594,143.24935033425555,141.7001743426328,141.95836529025655,15968200
20170421,142.6833038330078,143.1699102237719,141.28309633017236,142.90177893474345,12382000
20170424,144.46090698242188,144.65951659467416,143.33874070143042,143.95445019823723,14407200
20170425,145.47381591796875,146.12922603396532,144.77865964022018,144.77865964022018,17767500
20170426,145.5433349609375,146.5661888081111,145.07659406139908,146.06965722587375,12395000
20170427,146.67543029785156,146.72508648799592,145.12625414417488,145.6525764232332,11275100
20170428,149.20773315429688,150.47885273033117,148.03592595102236,148.46293581742017,30652200
20170501,151.4024200439453,151.5116576005512,150.3696258445913,150.68741333760536,25218300
20170502,151.72019958496094,152.37562495570396,150.60797361250664,152.27631257118807,21870400
20170503,150.7469940185547,152.53451077627304,150.29017828766047,152.53451077627304,29782500
20170504,149.80355834960938,150.46890873565349,147.6883293284823,149.1282676357681,36225500
20170505,149.19781494140625,150.57817213072272,148.75092439607093,150.39941288200032,17148500
20170508,150.01210021972656,150.031965723326,148.70126488801225,149.6645372479031,15827500
20170509,149.43614196777344,151.53150586804554,149.16802582129333,150.43914546996686,17453900
20170510,149.24745178222656,149.47586721322622,147.8273787736313,149.18787041864087,12080700
20170511,148.9991912841797,149.6049604236911,148.37357179139616,149.26732258276775,11841900
20170512,149.28720092773438,149.41630399981327,148.5920596798917,149.35670747604726,9598200
20170515,149.14816284179688,150.42920768884002,148.73107812059814,149.128297335185,15064700
20170516,148.74099731445312,149.16802234825195,147.99619995235528,149.0687099721291,14550800
20170517,143.84523010253906,147.6387241618277,143.41820498905733,146.9733735458854,28300100
20170518,146.63568115234375,147.12227230765748,143.50752371861773,143.71607360870811,23031600
20170519,147.03292846679688,148.35370428275476,146.93363124295223,147.42022249155588,16187900
20170522,147.21168518066406,147.55924818755005,146.66549742362497,147.05279144171797,12586700
20170523,147.04286193847656,147.77771894183152,146.22854291504584,147.48973730728926,12817800
20170524,148.9991912841797,149.18787571085494,147.39043379853425,147.47980584708313,17862400
20170525,150.9058837890625,151.53150327307716,148.90981714846654,149.25739531409565,19891400
20170526,151.07472229003906,151.19388503521367,150.1015093613025,151.17401952670352,14996200
20170530,151.32298278808594,151.83936476764012,150.58811052849208,150.91582321913762,13226000
20170531,150.40933227539062,152.28622078454643,150.04188865252894,151.6407207272127,18023900
20170601,150.47886657714844,151.2335891595732,149.257403075097,150.69734169497124,14530600
20170602,152.54441833496094,152.564283839125,150.25044507455644,150.79663279201938,16854400
20170605,152.5642547607422,153.6367644870862,152.34577971539784,152.57417993446256,12520400
20170606,151.75,153.44814490527588,151.4222872936154,152.34584403941622,13457100
20170607,152.0578155517578,152.68345014764515,151.2832275534879,152.20678410708064,12066700
20170608,153.63681030273438,153.65666065609466,152.03797798662345,153.0111756542305,17799400
20170609,148.56224060058594,154.51067866267147,145.5929765808696,153.6963748288157,35577700
20170612,147.41029357910156,148.1650161035465,143.55720378216824,147.14216229092816,33170200
20170613,149.6347198486328,150.13125132965897,147.86706898841476,149.10839769098015,20483400
20170614,149.20773315429688,151.34281279216714,148.0160604458823,150.21072144623218,20808800
20170615,148.7608642578125,148.99918971810456,145.3546497427064,146.64563488007298,18994200
20170616,149.5950469970703,149.78373143856587,147.56920463946793,148.55232755660828,22882400
20170619,151.80958557128906,152.50474202081205,150.65764363107664,150.65764363107664,19026500
20170620,151.19387817382812,152.7728450875087,151.15416231155334,151.81951286348902,14743900
20170621,152.8423614501953,153.01118037661712,150.82644435717836,151.30311045254234,15039800
20170622,152.33590698242188,153.4779388903559,151.84931565428653,151.94861289436096,13005500
20170623,153.9943084716797,154.1233963759456,151.59108233706706,151.66060403031415,18027000
20170626,152.5245819091797,155.414399621923,152.13728784531307,155.16613380783045,18049700
20170627,149.53543090820312,152.2464887016087,149.34674651051552,151.77974787141483,19360800
20170628,152.177001953125,152.40540223388905,148.820443670593,149.8730881809172,16719100
20170629,149.9922637939453,151.44214277899295,147.88697459245103,151.22366765586327,23973500
20170630,149.93264770507812,150.86612935084273,149.01903156216395,150.8462638479923,17666000
20170703,147.40032958984375,151.09452505614675,146.77471022178196,150.66751525180203,13862700
20170705,149.29708862304688,149.8035604537765,147.1024278663483,147.9663878322674,14334300
20170706,147.7876739501953,148.99919712375873,146.9733548458803,147.99620873831557,14951800
20170707,150.38949584960938,150.93568364897638,148.15510361369707,148.21468498218397,13615900
20170710,152.4351806640625,152.91184669302274,150.45897970723553,150.63773893868301,13378700
20170711,154.19290161132812,154.34185500532902,151.84927224376486,152.30607275399382,13667700
20170712,157.7977294921875,158.05593561073619,155.1164620004719,155.40445880147755,22739400
20170713,158.15524291992188,158.67164003700785,157.32107345205068,157.6388609557781,13929200
20170714,158.8603057861328,159.2078839333305,158.22474600638247,159.0191995193055,16371200
20170717,158.62196350097656,159.6646827785501,157.70834727435164,159.13836055183071,12858800
20170718,161.7302703857422,162.59423050492242,158.31413061605534,158.55247123473407,23722900
20170719,163.0013885498047,164.55056467464098,162.0381160601157,162.45520077426843,26273600
20170720,163.38868713378906,163.85542805016732,161.68061721703077,163.6568184406949,18523100
20170721,163.28936767578125,163.905077137286,162.6140920022524,163.0212515334372,14744000
20170724,164.84849548339844,165.017314413432,163.17021620731958,163.49792889018784,17367000
20170725,164.13348388671875,164.3916748627205,162.7233359662013,163.86535258087036,15383200
20170726,164.46119689941406,164.85841611761248,162.96167692483195,164.85841611761248,35236900
20170727,169.25767517089844,174.27264679670745,166.33806726723006,173.4881184714125,68910700
20170728,171.2537384033203,172.22693605440938,167.87732973051428,167.8971952364789,24557600
20170731,168.07594299316406,171.52187343545125,167.38080179866986,170.80686673455963,25478900
20170801,168.68170166015625,169.28747076764537,167.87732295985475,168.64198580277002,14385000
20170802,168.1256103515625,169.36693940738778,165.7521898029423,169.11867359622272,17433800
20170803,167.42051696777344,168.5228176976883,167.0828791251181,168.12559848902808,10793800
20170804,168.44334411621094,168.88029426821726,167.51980278369322,167.79785921625376,10777700
20170807,170.7869873046875,170.8664341708587,168.48308879748416,168.77107042853194,12787800
20170808,170.04220581054688,171.8495880900743,169.4364366584235,170.68770597592456,14393500
20170809,169.99253845214844,170.260669738703,168.38378103870247,168.80086573282028,10815000
20170810,166.23876953125,169.40664348582723,165.6925969070331,168.88032121500407,20832700
20170811,166.91404724121094,167.6489193883977,165.6925838741454,166.78494418959886,13791200
20170814,169.56553649902344,169.89324916390456,168.11565760163506,168.91011116926123,12954200
20170815,169.8137969970703,170.31032856723718,168.83065903308116,170.3004033908926,8729200
20170816,168.82073974609375,170.19117177650332,168.06601718817015,170.062068714815,15779900
20170817,165.75218200683594,168.6817154102053,165.69260063942954,168.16531830444666,17216000
20170818,166.24868774414062,167.49994172385553,165.05701512256366,165.68263453595134,15093600
20170821,166.61611938476562,166.83459447071246,164.66972426825362,166.00042513506446,11907500
20170822,168.46324157714844,168.69164187159274,165.99050874036135,167.11267501153276,11391000
20170823,167.5396728515625,168.18515776910624,167.0332010011474,167.66876074330753,9856500
20170824,166.576416015625,168.11565175525436,165.25564022537776,167.70850738541677,14030400
20170825,165.16627502441406,167.21198274645053,165.02723163268192,166.69558565111055,12614500
20170828,166.0798797607422,166.5366803051159,165.17618869508303,165.75216711650512,8553700
20170829,166.88426208496094,167.26161577049203,163.85541650682242,164.1036822894085,11121000
20170830,168.7412872314453,168.9994781932471,166.4671793040828,167.00342673334535,11138300
20170831,170.77708435058594,170.9558284580244,168.88032995040797,169.21796781086434,17226500
20170901,170.82672119140625,171.72047193323968,170.1216397128492,171.2040748708996,11677600
20170905,169.53573608398438,171.19414966649737,168.37385405861684,170.0819238274325,13210900
20170906,170.89622497558594,171.28351897786388,168.39371687760854,169.72441779282607,13906300
20170907,172.0084686279297,172.1077658475565,169.08886064855895,170.74727423043853,18049500
20170908,169.7641143798828,172.28650284928156,169.61516099319883,171.88926856322655,10998500
20170911,172.30636596679688,172.68373477827754,171.00545578356378,171.20406536483895,12372000
20170912,171.76019287109375,172.792971782269,170.55857990577417,172.55463119371794,11186300
20170913,171.8495635986328,171.96872631552955,170.86642572541584,171.80983259104082,9119300
20170914,169.7740936279297,171.0849291900706,169.31727788247716,171.06506368297906,15615700
20170915,170.4493408203125,171.14448192278508,169.07890896619546,169.69461835947652,15660500
20170918,168.83065795898438,170.87638074352748,168.16530747754663,170.7969338744533,12954000
20170919,171.32325744628906,171.36297330466243,169.178237423544,169.4364283853233,13168600
20170920,170.97564697265625,171.8495472211207,169.51584321803412,171.30335956583042,12264100
20170921,169.92303466796875,171.07499154827082,168.830659151658,170.49901310811978,11161400
20170922,169.3569793701172,170.53872691822158,168.04614391922902,169.02928187210077,12097100
20170925,161.7401885986328,168.12559246187857,160.43927831102428,168.06601109800962,41251600
20170926,163.0709228515625,164.35196777599606,161.65083452538778,163.35890452659424,23363300
20170927,166.51683044433594,167.17225579438713,164.4214816348598,164.74917915694348,19242500
20170928,167.55955505371094,167.89720806915193,166.00045365750128,166.77504176697096,12178700
20170929,169.6846923828125,170.46922074212407,167.63898475696752,167.65885026241537,15340400
20171002,168.29443359375,170.67777938077978,167.57942682705246,170.2011132539624,13392300
20171003,168.781005859375,169.5456535123196,168.02626822912126,168.1255805971883,8190300
20171004,167.25169372558594,169.48608581069377,167.122590667283,168.65191640229273,12127900
20171005,170.05213928222656,170.12164582320582,167.43045317201788,168.00641646450137,14580600
20171006,171.03524780273438,171.17427602600992,168.57245563916504,169.0689871727119,13124500
20171009,171.30340576171875,173.66690107856107,170.80687415081522,171.5020153754917,14570400
20171010,170.3997039794922,171.99853627313288,169.6151907504241,171.7999266717307,11341100
20171011,171.54171752929688,171.58143338419265,170.21100151972314,170.75718923041313,11283700
20171012,171.35302734375,172.64401230193627,171.09482126034925,171.4126087005535,10351000
20171013,172.5347900390625,173.4384659521557,171.99852747447395,172.24679325176186,13658300
20171016,173.30941772460938,173.78608388329351,172.8526019225351,173.2796270367506,11498800
20171017,174.8883514404297,174.90821694619504,173.15049093301928,173.4980690956778,15990100
20171018,174.8089141845703,175.51399572507802,174.53085770032718,175.42460852068837,12752400
20171019,173.34910583496094,174.80890991807942,171.43250117585282,173.7165343616841,14048400
20171020,173.7661895751953,174.65995552166484,173.41862655679728,174.28258666740382,12602200
20171023,170.08193969726562,174.12369907002503,170.06207419030287,173.98467082716962,13852700
20171024,170.6082305908203,172.038243770161,170.3103086529678,171.10476210292808,12267900
20171025,169.4165802001953,171.05512834376316,167.71843553889343,170.70755017855,15868200
20171026,169.44635009765625,171.09482321550115,169.20800951477946,170.19114737208943,11833100
20171027,176.64605712890625,176.97376974809316,172.6936553481228,172.94192110633054,30285300
20171030,178.62225341796875,179.4365724264046,176.37793628625226,178.0164843260402,24353200
20171031,178.8109588623047,179.54583109150695,177.6987329179484,179.31743079642138,20174200
20171101,181.3928985595703,181.63122399133698,179.31740044225856,181.09497661692254,40918300
20171102,177.67884826660156,180.6779030753569,176.10980674819155,179.37699283712175,35529900
20171103,177.67884826660156,178.6123300062959,175.48418729837076,178.04627676514238,17822100
20171106,178.92019653320312,179.19825301946605,177.0730983584897,177.32136416072032,13312700
20171107,178.9996337890625,179.49616536684076,177.7185889856887,179.2478995779516,12928200
20171108,178.31442260742188,179.09895100716585,177.86754720592984,178.5428228965504,10494100
20171109,178.0562286376953,178.15552586249888,175.8615523742399,177.07309064860945,12610300
20171110,177.22206115722656,177.857620984111,176.72552956894367,177.11282360168667,11070200
20171113,177.52992248535156,177.79803865430355,176.07011828706416,176.26872790763915,9523400
20171114,176.83474731445312,177.72849801206272,175.95090663949853,176.89432867390178,9585900
20171115,176.71560668945312,177.33131622372372,175.17635558319122,175.43456173247802,10253700
20171116,178.34420776367188,178.58254837512075,177.26177256510624,177.51996352946998,15607600
20171117,177.75833129882812,178.73152909328246,177.65901890731618,178.05625332042044,13018000
20171120,177.50013732910156,178.2548599719735,176.86457743169805,177.62922525237795,10052400
20171121,180.59844970703125,180.62824038676257,177.74836355784365,177.90724213209737,14504000
20171122,179.61532592773438,180.46936083731828,179.18831604941295,180.04235095899685,10376300
20171124,181.51206970214844,181.87949819513952,179.03933716219657,179.14857470780746,9426300
20171127,181.76036071777344,182.4555019441429,180.72758163187342,181.29361979015204,12344500
20171128,181.15457153320312,182.97187885113578,180.82685888705717,182.23700669132907,14379700
20171129,173.9151611328125,180.7077097086439,172.79299488033791,180.6282628351735,41933500
20171130,175.950927734375,177.04330329836557,173.98466687213366,175.6232302181195,25307600
20171201,173.8853759765625,176.24885613743112,171.1445117900075,174.80891749824622,20182500
20171204,170.28054809570312,175.3451764762692,169.60525724025476,175.06710483959617,24459400
20171205,171.63108825683594,174.16340205764968,167.83758014332193,169.26759335568448,20184900
20171206,174.8386993408203,175.5437808590367,170.70755291561267,171.30339687897697,20255800
20171207,178.89039611816406,179.13866190688987,174.5805056625896,174.5805056625896,20404500
20171208,177.75833129882812,181.0155777215656,177.50014029501796,180.27078024405654,19883800
20171211,177.7980194091797,178.969841803735,177.55969395146352,178.05622552562704,13168600
20171212,175.73245239257812,177.9370385282187,175.37494907137742,177.36107526628345,16854100
20171213,177.06314086914062,177.91717567907847,176.0204216594699,176.07007784144264,14615700
20171214,177.1525421142578,179.10887781362325,176.44746058104343,177.05322973393743,13591000
20171215,178.93011474609375,179.2379770573487,177.12274765572928,177.77817298481438,28463100
20171218,179.56568908691406,180.04235516413516,178.50310422506925,179.75435836012767,17265400
20171219,178.2647705078125,178.83082380818047,176.98372564041753,178.7017207425649,14920600
20171220,176.65602111816406,178.56270074177294,176.1296988073579,178.56270074177294,11860500
20171221,176.21905517578125,177.44051862297647,175.821835971911,176.70566158052242,11600700
20171222,175.9707794189453,176.2984920624017,175.00750699352696,175.91119805703332,8509500
20171226,174.76919555664062,175.77218391942694,173.45834487772782,175.40475538955366,8897300
20171227,176.3878631591797,177.20218217545033,175.037296735637,175.32529352058748,9496100
20171228,176.68577575683594,177.69870430904916,176.4474351701565,176.71556643605342,12220800
20171229,175.23594665527344,177.60936720166208,175.23594665527344,176.7652573833175,10261500
20180102,180.16151428222656,180.32040802242759,176.3183647528784,176.4474526579683,18151900
20180103,183.38897705078125,183.49821460754387,180.07214964063118,180.61833742444432,16886600
20180104,183.05133056640625,184.91829412009614,182.82293028684023,183.6173686771465,13880900
20180105,185.55384826660156,185.6034892997764,183.64715375976655,184.3025790494323,13574500
20180108,186.9739227294922,187.58961701399005,185.0374526791032,185.90141274321354,17994700
20180109,186.5667724609375,187.4903290863987,185.80212473195056,187.3910167084553,12393100
20180110,186.5369873046875,186.58664349513037,184.34232612476595,185.6432364884832,10529900
20180111,186.46746826171875,187.09308772995047,186.0801742469312,187.09308772995047,9588600
20180112,178.12571716308594,180.22108083685907,176.16938171232874,176.82480697209243,77551300
20180116,177.1525421142578,180.48923504360246,176.80496393607828,180.24096924574332,36183800
20180117,176.36802673339844,178.07609661430618,174.58050997978083,178.0165000950676,27992400
20180118,178.55274963378906,179.72455682640532,175.85161677104932,176.8943360637807,23304900
20180119,180.03240966796875,181.1049196756431,178.92018380205798,179.59547461560447,26826500
20180122,184.08409118652344,184.10395669018,179.15850698545702,179.54580096559303,21059500
20180123,188.03651428222656,188.2351238824501,184.26287126621455,184.759402843244,25678800
20180124,185.2559356689453,189.33742586575525,185.22614498635804,188.57276298915235,24334500
20180125,186.1794891357422,187.3115806058543,185.3056038019515,186.64623006361617,17377700
20180126,188.6820068359375,188.6820068359375,185.5141328230108,186.44761464972245,17759200
20180129,184.6898651123047,187.5300260924177,184.3423021303279,187.4406540530185,20453200
20180130,185.8219757080078,186.87462024479393,180.57860337737924,186.3185072935063,20858600
20180131,185.59356689453125,188.5131749075935,183.93515329351402,187.0632960772574,43275100
20180201,191.7505645751953,193.96510636268923,186.5866391024852,186.9143517681629,54211300
20180202,188.9600372314453,192.86278292411072,188.66211528382402,190.70782275631595,26677500
20180205,180.0026397705078,189.28778724655334,179.35715471728227,185.63330659625137,33128200
20180206,184.0245361328125,184.48135186457367,176.50705571231177,177.3312999730723,37758500
20180207,178.93011474609375,183.7961333721886,178.70171445975492,182.87257674430663,27601900
20180208,170.38978576660156,180.57860874905867,170.29047338537103,179.7543644742594,38478300
20180209,174.8883514404297,175.67286465933802,166.02028965737182,173.54771013067952,39887600
20180212,175.18626403808594,176.31835535905623,170.6479584253837,175.83174898796872,32092100
20180213,171.94886779785156,174.7493129822213,171.8992267657541,174.40173483989793,21809400
20180214,178.2747039794922,178.56268563062287,172.00847782030428,172.24680328249755,28929700
20180215,178.71165466308594,179.2479021073594,175.6132872700278,179.2479021073594,20922100
20180216,176.1296844482422,178.632207879621,175.07703991244753,177.74838226438385,20645300
20180220,174.7890625,176.71560768813669,173.89531160896115,174.55073701062597,21204900
20180221,176.6758575439453,180.01255012425395,175.17632258385274,175.4841848694651,23200800
20180222,177.74835205078125,178.9598901245549,176.17931069043607,177.46035529476978,18464200
20180223,182.0185546875,182.11786707272893,178.2647768505722,178.65207090825703,19007300
20180226,183.64715576171875,184.37210275043682,181.9490263098212,183.2995927610033,17599700
20180227,180.20123291015625,183.41874758694053,180.20123291015625,183.17048181729038,15849800
20180228,177.08302307128906,181.61138848014247,176.90426382991816,181.03541005141068,18783000
20180301,174.71951293945312,178.87050915559905,173.2001277069462,177.76820857976662,23201600
20180302,175.39480590820312,175.88141229900526,171.78999703516504,172.08790385306338,20025900
20180305,179.1486053466797,179.89340278878552,174.66989551654265,174.97774270147556,16189300
20180306,178.53289794921875,181.11486828795566,177.86754743450814,180.5190243165728,15086800
20180307,182.43563842773438,182.54487598063582,176.8347628533018,177.50011334717735,19097300
20180308,181.0751190185547,183.1208265462058,180.19129348030913,182.28665719272595,17225900
20180309,183.945068359375,184.22312480696067,181.9390918664985,182.63423298546263,18526300
20180312,183.4783477783203,184.80906395645638,182.94210032813234,183.94508868540132,15301200
20180313,180.6183319091797,184.69982209203795,179.85366903519062,184.32245324330077,18067500
20180314,182.9123077392578,182.97188910499779,180.58854355775105,181.33334093538332,16821700
20180315,182.58457946777344,182.72360769359662,180.92616593368982,181.96888520383368,15614300
20180316,183.80606079101562,184.04440140984713,182.13772191802008,183.21023197334935,24403400
20180319,171.3629913330078,175.94101350392603,168.88033321760622,175.7821197478341,88140100
20180320,166.9835662841797,169.0193488170456,160.82657764934302,166.30829060073853,129851800
20180321,168.2149658203125,172.19714358368446,162.16721489336666,163.65680961347792,106598800
20180322,163.74620056152344,169.0888857566469,162.58431836407127,164.97760446068423,73743000
20180323,158.28433227539062,165.44432413670978,157.91690376486022,164.29236726490421,53609700
20180326,158.94969177246094,159.98248597574425,147.98628082177376,159.70442949476993,126116600
20180327,151.16409301757812,161.72036048569473,149.70428879027335,155.22571817790143,79117000
20180328,151.9684295654297,154.7986651745131,149.75390331988953,150.5979977775023,60029200
20180329,158.68154907226562,160.300246804713,153.07074851269897,154.07373680754304,59434300
20180402,154.31207275390625,158.09564069755277,153.04095321254837,156.71528361031537,36796000
20180403,155.02708435058594,156.29820393261704,149.7638467812387,155.4640345480855,42543900
20180404,154.02410888671875,154.4809094745706,149.46593726752195,150.97539757930008,49885600
20180405,158.23464965820312,160.4491909865919,155.5633078502555,160.439250659033,41449600
20180406,156.10951232910156,160.3002397170231,155.72221833604436,156.63583454651416,41644800
20180409,156.83445739746094,159.4164276715436,154.95756863342757,156.72523499681546,34915200
20180410,163.8951416015625,164.82862342116601,155.92084542771616,156.83446174076977,57889300
20180411,165.16627502441406,167.48009889436995,162.11756379479976,164.21292770632033,56144600
20180412,162.73326110839844,166.28842916906106,161.96861335746112,165.82168825462307,38263000
20180413,163.3787384033203,164.5505455373332,162.6339411104661,163.4383197622783,19990600
20180416,163.6865997314453,164.63000668700911,162.25658638059696,164.57042532288062,18119400
20180417,167.49005126953125,167.8276891375989,164.51086152152655,164.67968045556034,22743000
20180418,165.2060089111328,166.9537948399205,164.62010520893585,165.72240606282088,20969600
20180419,166.93392944335938,167.1623297357998,164.05403708087252,165.0471002776731,22235000
20180420,165.12655639648438,167.26163632796275,164.65981545562195,166.62607645254582,19119400
20180423,164.6895751953125,167.2814704031641,163.94477789596365,166.10966325893304,23088100
20180424,158.58224487304688,164.94778282057578,157.09265026052972,164.28241722573094,35079900
20180425,158.58224487304688,159.94273643687174,155.10652411050685,159.02912022621402,41083600
20180426,172.95188903808594,175.047252977902,169.61519610911205,172.01840721376857,77556900
20180427,172.38583374023438,175.87149519912316,171.4027108901409,175.58349839134146,29804700
20180430,170.80685424804688,174.50105021494917,170.5188726145736,172.58443054066007,20750500
20180501,172.6539764404297,172.81287019638987,169.04915201091433,170.80687819798493,26025900
20180502,174.84861755371094,176.84466881849937,172.99157935612337,173.04123553894627,30424500
20180503,172.8128662109375,174.89828988628537,170.92603699654595,173.91516699395788,24026100
20180504,175.38490295410156,175.75233151135856,171.8595253505254,171.8793908585493,17677800
20180507,176.73548889160156,178.25487463306285,175.94103516626922,176.11979445211762,18697200
20180508,177.67884826660156,177.79801098981687,175.8814064777154,177.01349780708208,15577200
20180509,181.3928985595703,181.74046153187652,177.5398091146551,178.4236346143152,23282800
20180510,184.24298095703125,184.83882483042896,181.23400121754494,181.87948611960985,21071400
20180511,185.69288635253906,187.01366217802422,182.90236613531536,183.5677317892861,21207800
20180514,185.3452911376953,186.55682929767724,184.90834096157855,186.4078758980647,15646700
20180515,183.04139709472656,184.0046543569657,181.92915612341014,183.5975100039146,15429400
20180516,181.92916870117188,183.04140974938363,181.39292125964974,182.4257002834092,16975500
20180517,182.4852752685547,182.78319723806908,180.95596471602732,181.41276527006735,14840700
20180518,181.4127655029297,182.91230052866533,181.34325896328693,182.21715936753333,13130500
20180521,183.21022033691406,184.01459903908622,181.85965388853225,182.49521367877423,13532900
20180522,182.52499389648438,184.13375120860323,182.1575502594038,183.6471448529775,12731400
20180523,185.603515625,185.61345595539728,180.9162558661688,181.23404338002845,16628100
20180524,184.6402130126953,185.50418820481875,183.74646229305336,184.59057198055757,12354700
20180525,183.63723754882812,185.0374602397614,183.17049665185036,184.7296130849338,10965100
20180529,184.45155334472656,185.51412302653,182.43563637985392,183.0612558549565,16398900
20180530,186.3681640625,186.69587672830158,183.96495299956314,185.24599782684075,13736900
20180531,190.4496612548828,191.38314309701488,186.17948642009893,186.56678046598967,30782600
20180601,192.64430236816406,193.20041523969533,190.73762317165435,191.73068620022852,17307200
20180604,191.9392547607422,192.6343959726056,190.14181278687326,190.50924132322777,18939800
20180605,191.60159301757812,193.64730053724477,191.28380555866988,192.95215941205805,15544300
20180606,190.0126953125,191.1944428595249,187.7981687794442,189.70484816722947,22558900
20180607,186.87460327148438,189.6452577525621,185.4743958437912,189.42678266255095,21503200
20180608,187.7882537841797,188.16560748935305,185.136761753555,186.22913731497124,12677100
20180611,190.2113037109375,191.26396334867428,187.49032045467757,187.5002456308384,12928900
20180612,191.06533813476562,191.93923852888557,190.23116875107328,190.83693786009906,11562700
20180613,191.0752716064453,193.1507698150531,190.5787400645043,191.4029842424792,15853800
20180614,195.44476318359375,195.9115040931808,191.57182281993707,191.76050724972015,19120900
20180615,194.4914093017578,195.70294746550442,193.2897963137029,194.43181278878768,21860900
20180618,196.93435668945312,198.19555117016031,192.78335987282324,193.44871038469225,16826000
20180619,196.1200408935547,196.58678177187983,192.4456952296434,194.87871199437944,19994000
20180620,200.59877014160156,202.1380211609003,197.43089605004315,197.71889286906236,28230900
20180621,200.1022186279297,201.97910731812365,198.7019959923883,201.35347270374544,19045700
20180622,200.340576171875,200.83710777373088,197.92742470732554,199.76459769536913,17420200
20180625,194.9879608154297,198.61263534937925,191.7704306677108,198.61263534937925,25275100
20180626,197.61956787109375,197.71888024778335,194.868778688557,196.22928551508667,17897600
20180627,194.4814910888672,199.35743497834366,194.44177522864408,197.79831849987062,18734400
20180628,194.8687744140625,195.97107509819645,191.91937569578354,193.82605509345888,18172400
20180629,192.9720458984375,196.22929194170896,192.6145425447642,195.95123546140104,15811600
20180702,195.99093627929688,196.08030832262045,190.88659249262903,192.0286090096052,13961600
20180703,191.39306640625,194.04454333346345,191.18453161977428,193.2004487047299,13489500
20180705,197.07337951660156,197.27198911644638,192.6840422023842,193.3891237077156,19684200
20180706,201.82022094726562,202.22738047792387,196.32858290692408,197.0733802739101,19740100
20180709,203.31976318359375,204.3724077415996,200.71792731913249,203.50843246141565,18149400
20180710,202.12806701660156,203.48857383699604,200.85694739600112,203.08141430852248,13190100
20180711,201.13499450683594,203.0814048588404,200.35048132161882,200.8172221929428,12927400
20180712,205.48463439941406,205.64352814724924,201.7805129265396,202.01883839535054,15454700
20180713,205.88185119628906,206.98413670133957,205.0178759867671,206.36844242220712,11486800
20180716,205.79244995117188,207.2721193388125,205.40515597090882,206.06058121533536,11078200
20180717,208.5333251953125,209.00006606314045,203.4190411539683,203.47862251531816,15349900
20180718,207.90769958496094,209.52639735201208,206.99408331456465,208.36451529662958,15334900
20180719,206.64651489257812,208.53334403915423,206.31880222260003,207.3218057390928,11350400
20180720,208.4836883544922,210.03286450509455,207.0536749376464,207.40125311502538,16163900
20180723,209.44692993164062,210.15199620617375,207.35156630583543,209.1192173092609,16732000
20180724,213.18087768554688,214.70026318613102,211.12524471832091,213.6178279228546,28468700
20180725,215.99122619628906,217.10345202937037,212.7836365972089,214.22357507459606,58954200
20180726,175.0372772216797,178.88044129828083,172.54469457099262,173.67678577385885,169803700
20180727,173.6768035888672,178.68183490626512,171.79991495072542,178.62225354520353,60073700
20180730,169.87338256835938,174.0839758427191,165.40459832617688,174.0839758427191,65280800
20180731,171.3828582763672,173.03134691550886,168.8207532614578,169.48610382360573,40356500
20180801,170.4593048095703,173.86551971669556,169.71450735455684,172.7234878605758,34042100
20180802,175.1465301513672,175.5636148256159,169.088854469633,169.49599881522386,32400000
20180803,176.54678344726562,177.6093683986265,174.9280855001409,176.45741139143414,24763400
20180806,184.40188598632812,184.50118320269152,177.1425972866821,177.72850086792843,49716200
20180807,182.5349578857422,186.99381743901645,182.44558582782952,185.20630051604775,33398600
20180808,183.8954315185547,185.55386035580324,182.48528362805902,183.46842162661105,22205200
20180809,181.81993103027344,185.27580175054516,181.214161894215,184.56079506034698,19732100
20180810,179.00955200195312,180.83679965333116,178.17538262044135,180.77720313784548,21500400
20180813,178.80099487304688,181.34323370998572,177.65896333963505,178.85065105327152,17423300
20180814,179.8536834716797,180.72758396924198,177.38095055631865,179.45646423802907,19102000
20180815,178.2846221923828,179.6153231474566,173.56757233346266,178.09593777355548,33020200
20180816,173.48814392089844,179.24791370774693,172.80292786507948,179.1684668306868,31351800
20180817,172.59437561035156,174.99758657475485,170.84657479773762,173.2895167731226,24893200
20180820,171.30340576171875,173.35905390427163,169.72443887575164,172.83271645600703,21518000
20180821,171.42254638671875,172.96179721255226,170.20108302428272,171.61123079899346,19578500
20180822,172.43548583984375,173.03132979475197,170.9359659290111,171.0154127998616,16894100
20180823,171.70062255859375,174.33224915089332,171.63111601358116,171.88930699253675,18053600
20180824,173.4384765625,173.60731063597208,171.72048152139024,172.4950695816798,14631600
20180827,176.22898864746094,177.4305865418209,174.57055989583895,174.76918464298603,17921900
20180828,175.0372772216797,177.00355285266212,174.6102674092455,176.86452464013254,15910700
20180829,174.67977905273438,175.56360453389016,173.53776264159055,175.07701335226116,18494100
20180830,176.40773010253906,178.5428097260263,174.48118524632577,174.67979483756682,24216500
20180831,174.51095581054688,176.38784426435572,173.76615856454433,175.92110344462571,18065200
20180904,169.97268676757812,172.6837448345659,167.6290572049937,172.29645082499624,29809000
20180905,166.02027893066406,169.94289023058582,165.51382221342868,168.31426738069982,31226700
20180906,161.4025421142578,165.82166981524483,158.8900937195526,165.82166981524483,41514800
20180907,161.90899658203125,163.48797838265241,159.04898523883918,159.19793863845442,24300600
20180910,163.04107666015625,163.86532077150963,161.03510030296925,162.37572626608664,20197700
20180911,164.7888946533203,166.03022353897816,162.58429334015673,162.80276843626777,20457100
20180912,160.87623596191406,163.3489687474988,160.6776263555124,162.11756494310168,24078100
20180913,160.24066162109375,162.18707195465765,159.74413007357586,160.87622139579904,25453800
20180914,161.1940155029297,161.710397423513,159.22773958360546,160.5981715601755,21770400
20180917,159.46609497070312,160.9358243053203,158.66171618049336,160.7967960595179,21005300
20180918,159.18801879882812,160.6378824468161,157.76793067882136,158.28432773636385,22465200
20180919,161.92886352539062,162.3062323450229,158.3736958778921,158.96953978752828,19629000
20180920,164.8683624267578,165.29537234416037,163.32911138276674,163.35890206756494,18936000
20180921,161.79977416992188,166.08981431533522,161.68061143908528,165.4840451786803,45994800
20180924,164.26258850097656,164.5505701633516,159.76401339113255,159.9129668108193,19222800
20180925,163.7660675048828,164.44134325512164,160.03213991151486,160.86632457461505,27622800
20180926,165.79188537597656,168.12558977650852,163.07090211648224,163.1602741608582,25252200
20180927,167.6687469482422,170.57842930783343,166.05006462339952,166.38770239393716,27266900
20180928,163.31918334960938,167.6191337450119,161.43235414537662,167.16233315079896,34265600
20181001,161.31320190429688,164.7293420178259,160.14137935235698,161.89910560379525,26407700
20181002,158.2247314453125,161.15426429873605,157.56930622099782,160.45912322125338,36031000
20181003,161.30323791503906,162.52471648249687,158.42336088167312,158.89010176785146,23109500
20181004,157.74807739257812,160.33997265513239,156.25848276244213,160.33997265513239,25739600
20181005,156.23863220214844,159.78385988144515,155.1164659578363,158.1055958327686,25744000
20181008,156.15916442871094,157.24159951523148,153.31900350293603,154.4610199479161,24046000
20181009,156.80465698242188,159.47599913828736,156.32799093860217,156.59612221766216,18844400
20181010,150.3299102783203,156.5961365713776,150.26038858173445,155.7321764465869,30610000
20181011,152.28623962402344,153.73610333271458,148.12530261443172,149.08857507906976,35338900
20181012,152.6735382080078,155.80168115276192,150.25046163291145,155.6427874078182,25293500
20181015,152.45504760742188,154.49082994296967,151.49177521186425,152.25643802289184,15433500
20181016,157.67855834960938,158.3538491394675,153.93470620687327,154.32200021109145,19180100
20181017,158.31411743164062,159.37670222103174,156.85431346380702,158.45314565938952,17592000
20181018,153.84536743164062,157.55942969663437,152.21674419596914,157.41046110714353,21675100
20181019,152.9813690185547,156.25848018130944,152.4848374833779,154.77881075142426,19761300
20181022,153.706298828125,156.24853783086309,153.3885265292526,153.6864333241518,15424700
20181023,153.31900024414062,153.6963690436162,149.80356379329208,150.17099226460928,19095000
20181024,145.0269317626953,153.57720585472234,144.589996717205,153.20977734828747,27744600
20181025,149.9028778076172,151.15414706069078,145.9802814389943,146.7052132876706,22105700
20181026,144.36158752441406,147.9664116642357,142.80248623405868,144.80847807125647,31303300
20181029,141.10435485839844,147.79760668024653,138.06558370981685,147.46989398636813,31336800
20181030,145.20570373535156,145.62278846507476,138.77065837928467,138.96926799063732,50528300
20181031,150.73704528808594,155.31506690688096,147.92668997497816,153.92478459110535,60101300
20181101,150.6973114013672,151.69037440895445,148.31396624433333,150.46891115244503,25640800
20181102,149.30706787109375,153.06084579847578,147.92671053962727,150.74700657395633,24708700
20181105,147.64862060546875,149.1481556470227,146.41723200788547,149.05878360099314,15971200
20181106,148.89987182617188,149.92272552579317,146.97332714053513,148.27423727386287,16667100
20181107,150.47886657714844,151.9485958810038,148.79066215547027,150.51859759108459,21877400
20181108,146.84422302246094,149.89293374866944,145.72207212070657,149.44605842298395,24145800
20181109,143.95443725585938,146.73500188328592,143.0706116807972,145.73201358217426,17326900
20181112,140.56808471679688,144.0338652349862,139.51544025615692,143.4777523239266,18542100
20181113,141.17385864257812,143.87499157692912,140.6375960650406,141.0149649045714,15141700
20181114,143.21957397460938,144.57014051441743,140.56809708490846,142.70317687478644,22068400
20181115,142.8521270751953,143.8352498055647,139.85307239467778,141.3426669829366,30320300
20181116,138.56210327148438,140.78657023334137,136.81431754263056,140.09142904305526,37250600
20181119,130.637451171875,136.79443923574522,130.29981336146517,136.65541101069763,44362700
20181120,131.51133728027344,133.22934733014625,125.97005101536298,126.14880267400333,41939500
20181121,133.88479614257812,136.23835122257813,133.19958006790904,133.46769623830255,25469700
20181123,130.8162078857422,133.56699712512034,130.3494669809507,132.72288736464,11886100
20181126,135.43397521972656,136.04966960549575,131.85894134409833,132.077416478328,24263600
20181127,134.0635223388672,135.66235458176686,132.78247757047865,134.80831968519422,20750300
20181128,135.81130981445312,135.84110049647117,130.93538130456,135.33464374922332,29847500
20181129,137.7179718017578,139.01889708134053,134.71893240319923,134.9771233323317,24238700
20181130,139.63461303710938,139.99211638467614,136.40715773236062,137.30090852480677,25732600
20181203,140.1112823486328,142.68331238335657,139.78356967639107,142.0080366851191,24819200
20181204,136.9731903076172,142.39532166709137,136.2085426072989,139.75377010342598,30307400
20181206,138.66143798828125,138.7309445420366,132.74277385833133,132.8917424499967,28218100
20181207,136.46673583984375,139.89280066634169,135.7120133031966,138.2840432171728,21195500
20181210,140.8660125732422,142.0576853115259,138.04570173734353,138.6316205066074,26422200
20181211,141.0944061279297,142.88192272662894,140.12120853922576,142.88192272662894,20300300
20181212,143.49758911132812,146.16893073793977,141.5213884844261,142.08744161107794,23696900
20181213,144.00408935546875,144.83827396073877,142.19672220875788,144.5602174766294,18148600
20181214,143.0606689453125,144.99713897574813,141.5214180969876,142.34566229516082,21785800
20181217,139.21751403808594,143.91469811063763,137.45978816350515,142.0874657007703,24334000
20181218,142.66343688964844,144.91767903176796,138.86000371003462,140.10133248329217,24709100
20181219,132.31573486328125,143.9047795939674,131.58086270331356,140.23044910001016,57404900
20181220,132.47459411621094,134.6295540953614,129.09818607991167,129.79332712821585,40297900
20181221,124.08323669433594,133.96421193716105,122.5638512976946,132.46469204620433,56901500
20181224,123.19940948486328,128.84001594286272,122.16662292047397,122.24606978922786,22066000
20181226,133.24920654296875,133.30880306059558,125.0167196751772,125.12595722808128,39723400
20181227,133.5868682861328,134.05360921068126,128.77050561917207,131.52129497498996,31202500
20181228,132.27601623535156,134.97714937253704,131.2829530276493,134.4011708937167,22627600
20181231,130.18063354492188,133.7060104560101,129.04854225701968,133.51732604920306,24625300
20190102,134.73880004882812,136.55610741995005,127.66819531541115,128.09522034668402,28146200
20190103,130.82614135742188,136.21846684512943,130.21043191679348,133.75567454143803,22717900
20190104,136.99307250976562,137.0427287029277,132.8222098841781,133.08040087450107,29002100
20190107,137.09234619140625,137.90664994818303,134.9671920393626,136.60573988050777,20089300
20190108,141.54129028320312,142.14705941392765,138.57202599441553,138.91960415987464,26263800
20190109,143.22947692871094,143.69621776620173,140.2900188382789,141.95835745939883,22205900
20190110,143.19970703125,143.55721038093398,139.86301415184678,142.08748112242944,16125000
20190111,142.80247497558594,144.35165096720868,141.58101162110495,142.15697487711634,12908000
20190114,144.38143920898438,145.5532615116634,140.2900242076038,141.01495600622104,20520300
20190115,147.916748046875,149.63474299414236,144.97728971017003,144.99714006236596,24069000
20190116,146.51654052734375,148.6119045235976,145.98029305687834,147.96641949302634,18025700
20190117,147.271240234375,147.9663812769003,145.48372387292545,145.9305991750533,15787900
20190118,148.9991912841797,151.37261165316215,147.51953685951025,148.7112096323195,31029600
20190122,146.54632568359375,150.47884698655153,145.3546378677253,148.16500819662102,22378700
20190123,143.29901123046875,147.76779526996606,142.06760750674863,147.25139820480075,20098400
20190124,144.81838989257812,145.42415897380562,141.53135354227183,143.63664241010645,20955500
20190125,147.97633361816406,148.79065266957753,145.52346644048444,146.4569482202253,22237200
20190128,146.44700622558594,147.92667559513444,145.19575226302138,147.02298460125706,15508500
20190129,143.1897735595703,147.07265399174207,142.43503589121408,147.06271366266958,17632100
20190130,149.3765411376953,149.90286333834877,144.68928236162193,145.20567938690175,44613200
20190131,165.53367614746094,170.48905088702503,163.85539723014855,164.45124109943382,77233600
20190201,164.5605010986328,167.92698456784095,164.5108449105914,164.6895890040111,30806500
20190204,168.07594299316406,168.12559918268684,162.484992448202,164.55056567822874,20036000
20190205,169.97268676757812,170.7869906441095,167.5198196559899,167.97662020423076,22557000
20190206,169.30734252929688,171.27360333079847,168.0958042695481,170.0124088827765,13281200
20190207,165.22586059570312,168.06602196294438,164.10369432715694,167.03322774597922,17517600
20190208,166.16925048828125,166.20896634502262,163.07089846248257,163.32908941365235,12561400
20190211,164.6399383544922,167.13253664037583,163.93487198058543,166.73530227562264,12811200
20190212,163.8951416015625,167.17225314697893,163.3588941482486,165.7025238740615,16292300
20190213,162.93186950683594,165.06694910301255,162.59421653781064,164.232779738706,14205100
20190214,162.8126983642578,163.72631463241456,161.12449406107817,162.0579758348086,12755200
20190215,161.3727569580078,163.55749279085117,159.74413404774924,163.36880837362978,15504400
20190219,161.16419982910156,163.01129775534545,159.217804687088,159.38662359154245,14345400
20190220,161.4322967529297,162.58425331191418,160.13138682551477,161.12444968954895,11770700
20190221,158.92982482910156,161.11457594978071,158.48294942821414,160.80671363518204,15607800
20190222,160.76698303222656,161.28338008184417,159.19794153169087,159.4660728088112,15858500
20190225,163.47805786132812,164.91801161246232,161.76998795840112,161.93882203567452,18737100
20190226,162.99147033691406,165.0868343268106,162.66375765759085,163.2000051264293,13784100
20190227,161.68060302734375,162.79282886512982,159.297257616962,161.76997507082143,12697500
20190228,160.3300323486328,162.3658147073559,159.74412876407033,161.24364857022354,11114200
20190301,161.15431213378906,161.9984220053197,160.56840841977973,161.47209966521729,11097800
20190304,166.20896911621094,166.3380721704185,162.69353234778373,162.76303888647507,18894700
20190305,170.0719757080078,170.6876851146643,165.39465713959575,166.20896097648483,28187900
20190306,171.31329345703125,172.36595297030556,170.0819050292905,171.7005874226818,21531700
20190307,167.956787109375,170.54868271756052,166.44732677339292,170.3103420898974,18306500
20190308,168.4235076904297,168.4433580422972,164.81868379128719,165.04708406128657,13184800
20190311,170.87640380859375,173.0909306535448,170.38979735218462,170.40966286036985,18884000
20190312,170.72740173339844,172.59436516003404,170.0322606127171,170.89622063749675,12155300
20190313,172.1673583984375,172.82278373291857,170.92602942537857,171.12465418342126,11973300
20190314,168.9895477294922,169.96274533515498,166.99349633204346,168.5823882173994,18037400
20190315,164.82862854003906,166.41753574865888,161.3826979642868,166.00045101580815,37135400
20190318,159.35682678222656,162.76302572620875,158.17507934355865,162.43532825853896,37524200
20190319,160.44921875,162.68361081425897,159.704421395247,160.3598315511945,25611500
20190320,164.2923583984375,164.9676340195034,160.12149649254908,160.37968743832016,20211500
20190321,164.9279327392578,165.23577989682886,162.61409373975295,163.74618514501432,16223000
20190322,163.1999969482422,166.25863331571065,162.95173115691787,164.50090727031096,16389200
20190325,165.13644409179688,165.38470984854575,160.87621037327924,161.86927340027478,12631200
20190326,166.51683044433594,168.27455655476712,165.19606972021415,166.18913292225227,15437900
20190327,164.7193603515625,167.76807113474334,163.64685045811154,166.68563606602558,10620300
20190328,164.401611328125,165.56349342223425,162.19700987173064,163.42841366136489,10443000
20190329,165.53367614746094,166.03020765421897,163.66671283311027,165.2357542128183,13455500
20190401,167.52978515625,167.72839479689628,166.11963700883385,166.66582488531932,10381500
20190402,172.99160766601562,173.68674888047673,168.37386981364932,168.95977346919926,23946500
20190403,172.336181640625,176.72553433398426,171.75027798735945,173.2895289831275,27391100
20190404,174.79896545410156,176.765226085715,174.31235909577353,174.79896545410156,17847700
20190405,174.50106811523438,175.77218780918977,173.88537377523969,175.65302507317583,9594100
20190408,173.71653747558594,174.28259077030327,173.02139626948363,173.99460911096867,7297400
20190409,176.34814453125,177.9469767049302,174.33222768003674,174.40173421648885,19751000
20190410,176.5864715576172,177.5497287357733,175.31533696522183,176.94395969408401,11701500
20190411,176.27862548828125,177.1624510414762,175.77216876216067,177.0035724616547,8071000
20190412,177.8576202392578,178.38394250839818,176.71558849922496,176.7652446884336,12329800
20190415,178.40377807617188,179.24788776393714,175.64306389791543,177.26176158372732,10834800
20190416,177.6291961669922,178.9201812589697,177.06315806575836,177.75829922207217,11215200
20190417,177.53982543945312,179.4862358445103,177.12274074257104,178.35414448070443,9973700
20190418,177.04327392578125,177.63911779872944,176.10979226286733,177.55967093880707,11655600
20190422,180.18136596679688,180.40976623022775,177.01349234688985,177.01349234688985,13389900
20190423,182.50514221191406,182.94209241691908,180.22109396489566,181.47236321612658,19954800
20190424,181.31346130371094,183.85570039683563,180.38990474786817,183.21021544768485,37289900
20190425,191.9193878173828,197.1031789131023,190.78729637998094,195.61358411899766,54148800
20190426,190.16165161132812,191.56185901556145,187.77829116557683,191.16463985107282,22075000
20190429,193.4288330078125,194.05446762140403,189.3274774794958,189.62539944563179,19641300
20190430,192.05841064453125,196.02073814020946,190.94618474522846,192.8429390329577,23494700
20190501,191.6909637451172,194.8191063635022,191.67109824083647,193.42882412265106,15996600
20190502,191.1944580078125,192.6542621341572,188.4337435049295,191.66119892728008,13209500
20190503,194.1140594482422,194.79927546141104,192.3662737205346,193.03162422743932,14575400
20190506,192.53509521484375,192.93231442778696,189.22819298944282,189.91340901177026,13994900
20190507,188.45359802246094,191.56187537473048,186.5469185947955,191.2043720349844,16253000
20190508,188.2251739501953,189.39699629173043,187.24205117571614,188.07622054586224,12505700
20190509,187.34136962890625,188.45361073477753,184.9679491488893,185.9014309963586,12967000
20190510,187.0334930419922,188.68198135793017,183.30950656782252,186.94412100331766,12578500
20190513,180.28070068359375,184.14371622595547,179.5855594201115,182.2271113742871,16833300
20190514,179.47630310058594,182.2171671572789,176.86455725832838,181.25389466676603,17628100
20190515,184.9778594970703,185.98084772755877,178.77121540334053,179.16843456416336,16746900
20190516,185.69288635253906,187.27185314541222,183.76634139134933,183.76634139134933,12953100
20190517,184.0146026611328,186.2787854054957,183.00167401667332,183.5577869499637,10485400
20190520,181.45249938964844,182.95201928620904,180.11185808033548,180.61832998306934,10352000
20190521,183.5379638671875,184.41184925522444,182.61440713129835,183.2896980455857,7502800
20190522,184.03443908691406,185.44458670291917,182.33629472050015,183.44852041133493,9213800
20190523,179.61532592773438,182.6243060405023,178.4236531860441,181.15457683084898,12768800
20190524,179.8040313720703,182.35621122284456,179.57563106516932,181.06522595468005,8807700
20190528,183.03147888183594,183.428713259926,180.191317478496,180.28068953121294,14843300
20190529,180.9261932373047,183.27974825567972,180.09202375648093,182.22710365088653,12797700
20190530,181.74049377441406,182.20723469834743,179.63520460463263,181.81001547297282,8581500
20190531,176.2389373779297,179.28763369645367,175.93109019282502,179.02944270477232,15226500
20190603,163.0113067626953,173.83570397374217,159.89308913995544,173.78604778664354,56059600
20190604,166.33807373046875,167.11266175709775,159.7242696696142,162.57437114738372,46044300
20190605,167.00343322753906,167.5496210073409,163.48799623625894,166.31821720860052,19758300
20190606,167.16232299804688,168.52281467388545,166.06994746441947,167.13253231557897,12446400
20190607,172.1475067138672,172.66388865254888,167.66878211581948,168.98955795129433,16917300
20190610,173.6072998046875,176.62620498555225,172.59437119175834,173.53777811371978,14767900
20190611,176.86456298828125,178.73151151091156,175.5636374604023,177.2419167024295,15266600
20190612,173.82577514648438,178.0264433753427,171.6807701595337,177.14261773709185,17699800
20190613,176.2389373779297,176.79505037720816,173.39877585766376,174.31239223547018,12253600
20190614,180.07212829589844,180.57858500652443,178.75135259448638,179.2578093051124,16773700
20190617,187.69886779785156,188.1854742152614,183.13078622264982,183.72661504396743,29459900
20190618,187.16261291503906,193.1805731738549,185.98086534319046,192.6542509170899,37571400
20190619,186.1794891357422,186.795198639096,183.2698211605989,185.70282303067978,21417100
20190620,188.2152557373047,189.83395350466373,186.33836700856963,189.62540357794163,14635700
20190621,189.8140869140625,190.66812181581346,187.44066662882705,187.44066662882705,22751200
20190624,191.26397705078125,192.6343939532484,190.2411231741314,191.08521779649487,15509000
20190625,187.53004455566406,191.80021919834294,186.82497819373347,191.5420282303452,16750300
20190626,186.35824584960938,189.43673271254946,186.01066766451422,188.22519438265587,12808600
20190627,188.1854705810547,197.50040795796585,186.9640071256477,188.56283943432734,11159000
20190628,191.66119384765625,191.8598034531795,188.62242293962004,189.22819208587794,16378900
20190701,191.66119384765625,193.92537668709272,190.59860897104744,193.8558701439833,14181800
20190702,193.64730834960938,193.64730834960938,191.37320047269503,191.66118211012622,9050000
20190703,195.83204650878906,196.03065610450858,192.81314125620622,192.81314125620622,10246100
20190705,195.03758239746094,195.70294799410155,192.8230559770318,194.81910730813357,11164100
20190708,194.4020233154297,195.31563953175632,192.2967344322831,193.83598523868974,9723900
20190709,197.828125,198.07639079781725,193.5380847403057,193.61753161396024,14698600
20190710,201.3236846923828,201.55210012306995,198.2849139301433,198.61262658235708,20571700
20190711,199.83412170410156,202.38630163409437,198.82120805791268,201.85003897157716,13678500
20190712,203.44883728027344,203.8758623029449,197.77845533023998,198.29483724438776,15366300
20190715,202.49551391601562,203.90566179408077,200.42001553475404,202.83315175591684,16030300
20190716,202.4259796142578,204.0446773237711,201.69112261470192,202.47563580007818,12132700
20190717,200.40013122558594,202.94237026880234,200.19158131289618,202.7636110360768,12083700
20190718,199.38720703125,201.0654860865178,197.99692475922123,198.7615724323669,11937900
20190719,196.9840087890625,200.9264707418014,196.69602714029972,200.77750217621409,12098300
20190722,200.91653442382812,201.16480019976527,197.43087323178867,198.5232487070883,13589000
20190723,200.95626831054688,202.82323196203978,199.5659859017384,201.43293440028953,14583700
20190724,203.2403106689453,203.3892640822867,195.85191830838625,196.25907784210779,32532500
20190725,199.31771850585938,207.21256779511856,196.88470158053417,205.26615728544672,39889900
20190726,198.36434936523438,201.47264164102467,194.8886286003867,198.8012995429999,24434000
20190729,194.58079528808594,198.24520072198155,193.94523548064475,197.61956609094344,16530800
20190730,195.67315673828125,197.33158553616275,192.15771984865424,194.03460859919787,11903600
20190731,192.8826446533203,197.38121935366053,191.34339379392603,195.58377753933155,14593500
20190801,191.39306640625,197.09325463267672,189.55590857692977,192.82307983956557,17777000
20190802,187.70880126953125,191.28381952564587,186.7653943055402,189.7743744444367,15297000
20190805,180.4693603515625,184.38203155114934,178.09594005094718,183.4088339158982,23086700
20190806,183.23008728027344,184.5012069758546,181.81993934151754,182.41578332823335,18035700
20190807,183.86561584472656,185.07715396609052,179.96288536987828,182.32638025466036,15833200
20190808,188.84088134765625,189.01962543093387,182.77326524504144,185.32542951379364,14828900
20190809,186.54693603515625,189.65521367802012,185.82198895851644,188.6820159438704,11058800
20190812,184.08409118652344,186.2886923512791,183.18041533483236,185.55383539832022,10930900
20190813,187.14273071289062,190.05241335956387,184.08409466832447,184.23306321915715,13577000
20190814,178.46337890625,184.6998140507041,178.06614456883665,184.51112963455034,18903700
20190815,181.32337951660156,181.92914858607156,178.78114052110112,179.69475671305037,12925900
20190816,182.42567443847656,183.81597176353728,181.09497362331183,182.4753306202536,12654600
20190819,184.87857055664062,186.1993464054966,183.56773503747556,184.71967681100196,9691200
20190820,182.5349578857422,184.70976887927552,181.12480985566216,184.16358104823743,10083400
20190821,182.2767333984375,184.61042257071284,181.86957389438876,183.71667184991637,8398200
20190822,180.77719116210938,182.8328389513788,178.66197716718156,182.15754819707544,10821400
20190823,176.51695251464844,181.85963643266808,175.43451745520215,179.58551362207953,17323400
20190826,179.10887145996094,179.24789969571253,177.00358241773918,178.15552416270623,8773600
20190827,180.0423583984375,182.76334182635685,179.75436158925638,180.6679779007347,14399600
20190828,180.4991455078125,180.6878299232763,177.67884991072336,179.27768212473174,9386100
20190829,184.28273010253906,184.7891868377205,182.19729149331533,182.49521345933883,10128700
20190830,184.3820343017578,185.50420051664787,182.18737321329252,185.48433501071017,10774500
20190903,181.12477111816406,184.38201674652126,180.8467146732755,182.72360325274315,9779400
20190904,185.8418426513672,186.4476117964774,182.61438732066918,183.3691098814042,11308000
20190905,189.5757293701172,190.03254503844983,186.63627124038027,187.2221748006599,13876700
20190906,186.1894073486328,188.89054021135885,185.05731601300062,188.89054021135885,15226800
20190909,187.4506072998047,187.66908241967977,184.5608048558974,186.42775339899964,14722400
20190910,184.87857055664062,186.79519037517085,183.26981305263845,186.1397650391175,15455900
20190911,187.18247985839844,188.12588682665984,184.78919401408444,185.1665628625655,11761700
20190912,186.16954040527344,189.6055302426007,185.93119980642481,188.54296060606552,11419800
20190913,185.8914794921875,186.66606747869594,185.2459794014705,186.03050771661364,11441100
20190916,184.92822265625,186.48732393614006,184.48134726534857,185.6332890133977,8444800
20190917,186.7753143310547,187.01365493606576,184.25292550841158,185.36516651218918,9671100
20190918,186.83489990234375,187.7683816851536,184.71967054993166,186.78524371439704,9681900
20190919,188.82102966308594,189.7743769691644,186.84482850888054,187.35130042111714,10392700
20190920,188.61248779296875,191.7605114964327,186.8150458112364,189.3374348448153,19934200
20190923,185.52407836914062,188.7813245243926,183.92524597593308,188.02658677794543,13327600
20190924,180.0225067138672,186.73560890212448,179.13868101783225,186.6760275309446,18546600
20190925,181.5319366455078,182.1476309149545,176.6361277117034,180.19129540719746,18068300
20190926,178.86061096191406,180.14165580402496,176.43753436461486,180.07214926056363,16083300
20190927,175.87147521972656,179.5060745285645,174.4414619788343,179.23795841060212,14656200
20190930,176.8446807861328,177.43058438545017,175.62321740131483,176.63613086533923,10740000
20191001,174.59042358398438,178.59246671970473,173.6668821617138,177.90725074682496,17073000
20191002,173.38882446289062,175.30542898509952,171.88928947413478,173.62714991057808,16151700
20191003,178.13568115234375,178.5924817373818,172.42556776877498,174.35211279570194,16086300
20191004,179.19822692871094,179.72454914057343,176.86453781928694,178.30447623198512,10430200
20191007,178.43357849121094,179.92317320763422,176.85461172850813,178.75136597079293,9178300
20191008,176.51695251464844,179.11877278856798,176.4871618361638,177.02340920182644,9466900
20191009,178.6024169921875,179.46637710021028,176.7056627028364,177.9172009811592,7556900
20191010,178.78114318847656,180.3501846566273,177.92710834259552,179.0691399642757,8605000
20191011,182.9123077392578,185.19635606125178,180.87652520980797,180.8864503864508,14930500
20191014,182.0086212158203,183.33932226076854,181.30355483283003,182.9222375371105,7006000
20191015,187.57969665527344,189.05936619482304,182.38598065521973,182.5250088892556,15039100
20191016,188.23512268066406,188.38407609164543,185.6034962474449,187.01365925179357,10516900
20191017,189.0692901611328,189.51616554246363,187.46053272716543,188.97991811545484,9603000
20191018,184.560791015625,190.16166653080458,182.6441712718929,188.91039727390913,16874200
20191021,188.44366455078125,188.59263312031226,185.4545498186692,185.74253147505578,8122600
20191022,181.0751190185547,189.3274708184191,180.24094966507485,188.68198587528497,19537600
20191023,184.8586883544922,185.0871037755713,180.73748258743825,180.74740776329116,12300400
20191024,185.0871124267578,185.43467543313807,181.5319445759519,183.33931160677582,11413500
20191025,186.5866241455078,187.6889247860834,183.80604445142222,184.54091659611936,8061200
20191028,188.0861358642578,188.21523890987382,183.79611136196027,185.90140018187873,13657900
20191029,187.99679565429688,191.194460433241,187.1626261866442,190.36029096558832,13574900
20191030,186.94415283203125,189.12888890492468,184.6898950597056,188.24506323736105,28734600
20191031,190.32054138183594,196.71587031574032,186.94413282623037,195.33551318146772,42286500
20191101,192.27688598632812,192.76349239433242,188.5926301139604,191.51223825610325,21711800
20191104,193.36924743652344,196.00085858207677,192.46555638165782,193.20042852840683,16371300
20191105,192.9720458984375,194.39211898337143,192.2570391910909,194.01475012312136,9942000
20191106,190.2212371826172,193.02166720603125,190.02262759597522,192.68402939344588,10973000
20191107,189.09910583496094,192.09816114969448,188.15569876014754,190.57877556059827,13473000
20191108,189.5161590576172,191.0057537130431,188.3840677256111,188.68198968728436,10760800
20191111,188.29470825195312,188.76144915404416,187.23212338674205,188.61248058679345,8631200
20191112,193.12098693847656,193.70689054493673,188.42380260473226,188.68199356191622,17615500
20191113,191.84988403320312,194.34246723613828,191.40300861913119,193.34940402578198,10860700
20191114,191.8101348876953,192.68403527914217,190.12193062026077,191.5916597898336,9040500
20191115,193.74664306640625,193.9452526826709,192.03857309123393,192.91245843338686,11524300
20191118,196.03065490722656,197.2521334616759,191.71083940318275,193.21035926758856,16167200
20191119,197.93736267089844,198.61263836793736,195.49442055167842,196.03066800797748,19056800
20191120,196.13987731933594,198.2054502792549,194.074304359417,197.20246205499495,12355400
20191121,196.55697631835938,197.7089331757313,195.4944066581361,196.0505195815734,12131000
20191122,197.44082641601562,197.91749249402721,196.24913849157457,197.0038761974461,9959800
20191125,198.404052734375,199.57587496944646,197.86780537455522,198.13593663093462,15272300
20191126,197.5897674560547,198.76157464797828,196.66621088774468,198.61262124322207,11735500
20191127,200.59877014160156,201.73086160459985,198.03666521945973,198.51333132152686,12736600
20191129,200.2412567138672,202.3862767947864,199.81424682477365,200.20154085441672,7985200
20191202,198.31471252441406,200.7775049494743,196.67616435090986,200.7278639132008,11503400
20191203,197.44082641601562,197.5500488177166,193.72676471111598,196.22928813832425,11595300
20191204,197.3315887451172,198.6424242471121,196.676163417649,198.61263356431277,8456300
20191205,197.97706604003906,199.89367060595066,196.83504950265495,198.47359760463056,9740400
20191206,199.6553497314453,200.17174681328623,198.67221175594955,199.109161967281,12270600
20191209,199.94332885742188,201.73084553899562,198.82117781385858,199.2581128667402,11954800
20191210,199.47657775878906,200.64840008286976,198.7615711227595,200.2611060844321,9475700
20191211,200.85693359375,201.224377238242,198.8906729333959,198.8906729333959,8036800
20191212,195.38519287109375,202.24726351028667,192.7535813408685,200.9463530876869,23734800
20191213,192.76348876953125,195.43483106912203,191.83000698349448,195.03759671711643,18798000
20191216,196.5470428466797,197.73871551131217,193.45861606378233,193.91543174757714,14911500
20191217,197.01380920410156,197.61957836702268,194.76949180936435,197.4606846170567,10175700
20191218,201.09527587890625,202.88279247286235,198.70199019346893,198.70199019346893,23274400
20191219,204.63058471679688,204.86892532139404,201.10520759928502,201.37333888533922,16514600
20191220,204.8689422607422,206.26916501676246,202.0188405578539,206.04074956945112,27306900
20191223,204.749755859375,207.1430417210786,204.2532242774253,205.2661529474263,13348900
20191224,203.6970977783203,205.35551133334658,203.5779350555214,204.8689201132908,6046300
20191226,206.34860229492188,206.37840813258669,203.8858097225655,204.1440158607498,9350700
20191227,206.65643310546875,207.48066212766554,205.15689815608837,207.22247118180366,10284200
20191230,202.9920196533203,206.45779996521347,202.4855478050136,206.41808411090483,10524300
20191231,203.8262176513672,204.1340648126306,202.18766946589457,202.58488867663291,8953500
20200102,208.3247833251953,208.33470850149027,204.8391371751135,205.31580323726652,12077100
20200103,207.22250366210938,208.94049881776732,205.51443368375334,205.77263982302682,11188400
20200106,211.12521362304688,211.30395770128737,205.08738837112787,205.2661324493684,17058900
20200107,211.58204650878906,213.09150684087672,210.28113611948638,211.34372103468303,14912400
20200108,213.72705078125,214.73997942961384,211.13515537272028,211.52244939225042,13475000
20200109,216.7856903076172,216.86513717856823,214.77969848669196,216.03095261005296,12642800
20200110,216.54734802246094,218.35473022852156,215.91178821270205,217.67943940712337,12119400
20200113,220.3706512451172,220.43023261072588,217.6893837221355,218.0766777515335,14463400
20200114,217.54043579101562,220.8374130949012,217.1134258616862,220.07275014019038,13288900
20200115,219.61590576171875,220.1422280098775,218.6129174526304,219.07965833729054,10036500
20200116,220.2316131591797,221.0856480515762,218.86118119969814,221.02606668863191,10015300
20200117,220.5990447998047,220.74799820928146,219.00021254201002,220.4898072485414,15905900
20200121,219.90390014648438,220.82744157647545,217.59998643017602,220.6189068065152,14275800
20200122,219.78472900390625,221.2048019404833,219.74499799490349,220.7678517590934,12212800
20200123,218.23553466796875,219.95354468808202,217.74894346186284,219.21867256169566,11195000
20200124,216.42820739746094,220.24156664547655,214.61089982935755,219.26836890209546,11905800
20200127,213.3794708251953,214.56121837952216,211.02591604576713,211.6217599875433,13810700
20200128,216.27920532226562,217.22262738717762,212.0388368063511,214.64065727268016,13413800
20200129,221.6814727783203,222.6447452028053,216.9346323466857,219.90389648692644,33181300
20200130,208.07650756835938,209.96332137394765,203.32966722105067,205.09731830504728,48775500
20200131,200.5093994140625,207.24236686791832,199.66528961156146,206.9841607315126,31359900
20200203,202.7735595703125,203.71696649755066,201.0952804840247,202.02876223518646,15495600
20200204,208.3744354248047,209.1390982668606,203.77654834930945,205.18669615551534,19628900
20200205,208.6525115966797,211.2543323571584,207.2622291642732,211.03585723878854,12538200
20200206,209.38735961914062,209.72499743469822,207.88782464797202,209.0099907941408,10567500
20200207,210.8571014404297,211.34370784125605,208.47374077755876,208.84118444877097,12242500
20200210,211.58204650878906,212.31691874414776,209.19870085007565,210.05273582248736,11856400
20200211,205.75274658203125,209.3972863489781,205.0774557929644,208.73193588881574,25030800
20200212,209.2979736328125,209.75478932639408,205.96128100859255,206.40817152622643,13813700
20200213,211.66148376464844,212.84323136318875,207.72894693826518,208.06659993280633,15396600
20200214,212.69424438476562,213.4390416989109,211.1748590761445,212.51550030278202,10741700
20200218,216.28915405273438,216.46789814380386,211.91966716254262,212.06863572470812,15609200
20200219,215.98130798339844,216.80555220875178,214.6108759999265,216.4778395538806,12135100
20200220,213.0914764404297,217.25241314892705,211.47277877932567,215.01802123029682,13109200
20200221,208.72201538085938,212.75386468738904,207.3813891572602,211.999126960116,14092300
20200224,199.32760620117188,202.23727351234467,196.7952925252982,200.40011605752798,23080100
20200225,195.40505981445312,202.0883712396531,194.59074067658602,200.84704217798446,21433500
20200226,195.83204650878906,199.8142393641403,194.13391703950523,195.8221213325324,16524500
20200227,188.4337158203125,194.52119723303989,188.18545005506834,190.4893636299452,21682600
20200228,191.13487243652344,191.4030037393074,180.55875557704405,181.43264087587727,32568900
20200302,195.0773162841797,195.20641933512508,187.53997105000778,192.68403059492923,24949000
20200303,184.60049438476562,195.87176634591756,182.69381509933396,194.85883776670886,27984100
20200304,190.42979431152344,190.4993160091307,185.09704976149453,187.85776425300918,23062500
20200305,183.88548278808594,187.67899090502772,182.6143632988239,185.4843149015555,19333400
20200306,179.83380126953125,182.5051435537278,175.03730446141012,177.09295244472247,24559600
20200309,168.32421875,173.7860665560472,164.0441186210047,168.4235311349233,29949000
20200310,176.9539337158203,177.05323094387748,168.32421209879206,173.45834701525177,24517800
20200311,169.05908203125,174.65995778726648,166.49697719617606,172.80291932773585,20373900
20200312,153.39846801757812,165.44432903502332,153.26936495743283,158.43329037500783,43266300
20200313,169.0988006591797,169.60525743664599,156.5067665435294,162.39562405222614,35028600
20200316,144.9971466064453,158.02614557592676,142.1073443256875,151.26338787753699,39120400
20200317,148.38352966308594,152.87218042107648,139.02887436354908,149.69438060907004,34255600
20200318,145.94058227539062,147.15210550290516,136.14897799823436,138.78058955655547,37553100
20200319,152.06776428222656,158.8205815476249,143.79554646387842,145.60291350871776,39862300
20200320,148.6913299560547,158.16516017587122,146.97333507936904,154.93770518257426,32568400
20200323,147.07266235351562,151.2534498367458,141.26323671563284,148.6218384828333,29830800
20200324,159.86329650878906,160.1910091561147,151.51164720180952,154.13333322747383,30440400
20200325,155.12640380859375,161.85937086098946,151.99824574432336,157.81759650246724,35184300
20200326,162.20692443847656,162.8623497265207,155.93077347488602,157.1522368550116,26556800
20200327,155.7023468017578,158.9794578522951,153.67650487490062,157.10256931971438,24879900
20200330,164.798828125,165.59328168240037,156.96356041043316,158.07578629902892,22515200
20200331,165.64292907714844,169.74426940008115,163.06095894090598,164.33207850408797,23676300
20200401,158.49290466308594,163.01133043947013,156.94371322647484,160.49888156735202,19507600
20200402,157.09266662597656,160.2307499066345,154.83840896803554,157.99635775508642,20886300
20200403,153.1104736328125,156.81461019982638,149.78372107562265,156.0598724860615,25983300
20200406,164.401611328125,165.0470963294274,157.41043810424367,159.03906110191917,28453600
20200407,167.6588592529297,172.1872249496559,164.85841379930383,170.59831779332245,31411900
20200408,173.071044921875,173.78605160356497,166.57641857495588,170.06206478348858,21664200
20200409,173.9747314453125,175.8516201470857,170.37984777861084,174.67979777903207,23534300
20200413,173.57749938964844,173.78604931612182,168.27454586436517,172.46527352296636,19355400
20200414,176.93406677246094,179.97283770987997,175.39481579712452,177.73844553201988,21011800
20200415,175.7423858642578,176.9539241125753,171.62117987646607,173.97473467958628,17423000
20200416,175.02737426757812,176.81489090770748,171.3133127571394,176.71557853489006,23593200
20200417,177.9966583251953,179.02943741434424,175.43455338028036,177.95692731045364,20974800
20200420,177.00357055664062,179.24788768422115,175.54376660260039,176.17932637386727,16110700
20200421,169.61517333984375,174.16340396391308,167.17223154982912,174.03430091743022,24850500
20200422,181.0155487060547,183.49820656646574,176.90426789533163,177.21211504555205,33242000
20200423,183.8457489013672,185.75242794824803,181.87947334897981,182.80302977260504,21426600
20200424,188.75152587890625,189.0891637233697,179.57561664147886,181.95896221208622,28792000
20200427,186.19935607910156,192.40600128173827,186.10998402488977,191.32356599510462,29197800
20200428,181.6411895751953,187.88755029925795,181.29361140162203,187.35130285028313,21731000
20200429,192.84295654296875,195.54408981762919,188.68201906645348,189.60556062320833,45954500
20200430,203.2899627685547,208.2354129802487,200.17174510415327,205.48462382999278,46230100
20200501,200.8668975830078,205.84213875688195,197.66923286874353,200.20154705777097,30415600
20200504,203.8361358642578,204.48163600083174,197.38122541616488,198.8112387706745,19250700
20200505,205.6335906982422,208.9206272515868,205.06753743771432,205.5839345108894,21071200
20200506,207.0238800048828,210.13217257206165,205.226438093887,206.67630183463817,21857000
20200507,209.7945098876953,210.1321628657145,207.58990854263362,209.69521266717027,15152000
20200508,210.87696838378906,211.73100330870798,209.38737364169384,210.76773082991775,12506000
20200511,211.70120239257812,213.50858466173128,208.91069726867917,209.4270943674289,12911900
20200512,208.64259338378906,213.78665370833536,208.54328099832713,211.8104524000062,14704600
20200513,203.67724609375,209.31783717911497,200.7079819956033,207.9771959446382,20684600
20200514,205.37538146972656,205.4945441952128,199.2978400228768,201.15486320876076,17178900
20200515,209.41717529296875,209.87397588549004,202.70405827243016,203.8460900596176,19383200
20200518,211.7111358642578,213.15107440451104,209.47674377157279,210.67834170021413,20151900
20200519,215.3755340576172,218.96049252265828,211.35362539582684,211.7905755925761,31843200
20200520,228.3747100830078,229.7352016081723,221.64174383799275,221.94959095802795,50162900
20200521,229.78488159179688,235.55457606680287,229.59619716889247,233.0917836984901,47782600
20200522,233.28048706054688,234.35299716759667,227.15328874810476,229.90406298584733,33925600
20200526,230.58926391601562,239.2289104221864,230.0629416507242,238.106759349573,33178300
20200527,227.5504913330078,228.96063919848814,219.5960608954578,227.48098479150323,34697600
20200528,223.8960418701172,230.02324016354189,222.4461628911215,222.7440848898677,29377200
20200529,223.528564453125,225.91192493062624,221.33390353773837,223.63780199775556,23241500
20200601,230.30126953125,230.82759176743917,221.94960513746992,223.03204029092007,18223800
20200602,231.1056365966797,231.3836930413182,224.98836450875305,229.33798556164643,20919000
20200603,228.56341552734375,231.03613304360687,226.94471776311875,230.49988561626694,15380300
20200604,224.72024536132812,230.0232139054159,223.05190660350496,227.96756598637603,17041500
20200605,229.169189453125,229.74516790371774,223.7470579375046,225.1373554519171,16750400
20200608,229.7947998046875,229.9437683643857,225.83248765553066,227.4412450602746,15466500
20200609,237.01438903808594,238.10676460503242,228.81169256800067,229.9139933117588,27462900
20200610,235.0878143310547,239.53674775716414,233.64787592231463,239.28848199176275,20720700
20200611,222.87313842773438,231.27445870119334,221.99925322660053,228.3449256634376,26708200
20200612,226.994384765625,230.05302119539456,222.9426851503306,228.30522029098816,22091400
20200615,230.88719177246094,232.148386267117,223.24060823682154,223.52858989474873,15340300
20200616,234.01531982421875,236.80583993965254,231.38370859875684,235.49498933855702,15236700
20200617,233.89613342285156,235.94184083300226,230.12249089150657,233.36981123103374,19578100
20200618,234.3033447265625,234.5019543452086,230.53962653791842,233.35993767328654,15782500
20200619,237.133544921875,239.15940225061397,233.9160299866115,236.14048176349664,30081300
20200622,237.56057739257812,239.03030667014116,235.2666038494182,236.9051520508348,18917800
20200623,240.5596160888672,243.48914926769837,238.19612100995397,239.6062688246097,24017900
20200624,232.39662170410156,241.53279883180676,231.06590568655074,239.52680720640186,20834900
20200625,234.0451202392578,235.65389287595707,231.1255272528302,232.99247570529567,18704300
20200626,214.58106994628906,231.47306730896577,213.90577917927885,231.0261919581322,76343900
20200629,219.10946655273438,219.21870411220354,205.6733225027359,208.2950087770541,58514300
20200630,225.49485778808594,225.92186767115152,216.95450859736263,219.0597976361702,33927100
20200701,235.90213012695312,237.34206851623358,225.98142482052594,226.91490651029025,43399700
20200702,231.80076599121094,238.33512241579672,230.99638737752787,237.3420594057309,30633600
20200706,238.6132049560547,238.7323676813612,230.65877483009118,232.1384291791159,26206200
20200707,239.18917846679688,245.93207023707686,237.16333641352355,237.749240004825,27887800
20200708,241.8903350830078,245.2766842178355,234.94881788839734,236.45827818903481,29791300
20200709,242.80393981933594,244.8198567986477,237.58043311304624,243.3004713936086,22174900
20200710,243.36997985839844,243.7870645397628,237.65986706465105,241.9995479389582,22982700
20200713,237.3420867919922,248.41473457069335,236.76610836134074,245.29651696540154,24674900
20200714,238.06700134277344,238.66284523547375,230.4204188687975,235.1176028644922,23378100
20200715,238.6132049560547,243.12172000073272,236.3986784441116,239.87439935966435,19133600
20200716,239.25872802734375,240.08297236551442,234.6906460454223,236.349059899473,18880700
20200717,240.35107421875,242.46630358807295,236.2100026802992,239.32822038122322,18152400
20200720,243.71754455566406,244.34317915855996,234.00538863507438,238.39472572542155,20872200
20200721,240.072998046875,245.1972071434436,238.41458453228765,244.51199119817755,19364200
20200722,238.2060546875,240.22197168454048,236.46819416226228,238.59334871272105,15427900
20200723,230.98648071289062,240.73835237368777,230.14237102551525,237.96771302086844,21771800
20200724,229.10960388183594,231.87031820103158,225.32602058690804,228.59320680579518,18325800
20200727,231.8802490234375,233.320187582074,229.2287721912869,229.85440683416718,13163100
20200728,228.52371215820312,233.330149844762,228.23573048058194,233.0024371511596,14170100
20200729,231.67169189453125,232.0788514162315,228.71236799763915,229.53661221732224,13588300
20200730,232.87330627441406,233.26060029280399,227.4114590057178,228.6229972484639,20615300
20200731,251.9103240966797,254.07520961445857,247.27272106612182,254.04541893258948,53005100
20200803,250.21217346191406,253.62829763522876,248.59347583683734,250.89737423990724,23124900
20200804,248.0969696044922,251.0463683843728,245.71360894291308,249.8149646182432,17183500
20200805,247.3918914794922,250.52004954939835,246.05126529491073,248.45447634230445,13050100
20200806,263.4398193359375,264.7506701072526,246.94503804787936,247.3124666036528,45241600
20200807,266.5778503417969,276.95537144468835,261.60259471161845,262.2480796396627,72766400
20200810,261.1756286621094,271.9602807588989,257.8885918056996,266.18067581109176,30248800
20200811,254.35324096679688,264.0753366019132,253.36017792803588,258.38507447969624,28238300
20200812,258.0871887207031,262.0693512226244,256.319507274025,257.1735573160089,21415700
20200813,259.4873962402344,263.3206358656525,257.7694163383827,259.73566203468766,17374000
20200814,259.4278259277344,260.8280487048176,256.8855865086835,260.490410846681,14792700
20200817,259.34832763671875,262.26793517897124,257.60052712002977,260.67902837342456,13351100
20200818,260.5201721191406,263.31067702818365,257.46155108105154,259.1398301580622,18690400
20200819,260.76849365234375,266.0515977899852,259.53710483300154,259.5768358514638,23291500
20200820,267.1439514160156,267.75964577478095,259.64630578379536,259.6860367989726,20299700
20200821,265.1578369140625,268.61367774342654,264.57193321374945,266.8261759562304,15538600
20200824,269.50738525390625,275.3267199548224,266.9055347066833,269.18959781679655,23685600
20200825,278.87200927734375,281.1262517841795,268.3852645286732,270.52034430293725,42127200
20200826,301.8017883300781,302.5565259288739,282.0298998154646,282.0298998154646,69015200
20200827,291.1859436035156,299.14038819176636,289.9942558421575,298.07780347357453,30301300
20200828,291.6229248046875,295.1681674815239,288.9615228676851,292.9536257731887,17157400
20200831,291.1661376953125,294.8206029393237,289.5275591968699,291.9109350833743,17345100
20200901,293.3905944824219,299.39861472518686,290.67952103399404,292.66564743568614,17295900
20200902,300.401611328125,301.4939868850403,291.0171521741989,296.8067274729082,24341400
20200903,289.10052490234375,295.5355847022256,281.66249197918575,293.9367373517291,32294100
20200904,280.7687683105469,286.99526363924565,269.2591695058036,285.2574030462744,30333700
20200908,269.2790222167969,277.3625409438043,267.55110193854256,269.3981849524166,24864000
20200909,271.8212585449219,276.5482490440014,269.4677036252001,273.85702596930236,22918800
20200910,266.2302551269531,277.223469772939,265.1776107750069,273.5987958964542,24814700
20200911,264.760498046875,269.5073680324476,260.81806723654785,268.18657734018024,18913900
20200914,264.30377197265625,274.7210258385008,263.8569117037533,269.070493648813,24093800
20200915,270.5303039550781,272.61571253579757,267.43192115749895,268.79244326722164,18478500
20200916,261.69195556640625,270.55009102064423,259.9739759412045,265.4358225396444,29183400
20200917,253.05235290527344,259.6860073099909,248.45446578541365,256.48834283374737,31281400
20200918,250.77822875976562,257.40197311210676,248.31543646225495,256.607504431696,28130800
20200921,246.42860412597656,248.21612075050732,242.43650134295507,245.82283502413392,24709400
20200922,252.98284912109375,253.5489024160918,246.49814766498469,251.5528356947217,30293100
20200923,247.29258728027344,256.20034970229335,246.42861204477177,253.4892915738525,19641300
20200924,247.7990264892578,250.4902340745614,243.9161462512905,244.7900466012825,20006800
20200925,253.05235290527344,253.9758943385475,244.8992979778838,247.66993743064677,18351300
20200928,255.03848266601562,257.7991969805752,253.052356387746,257.6005722303954,18826300
20200929,259.97406005859375,261.5033557807446,255.11796578300894,256.02165705840065,20200200
20200930,260.0832214355469,264.2342179457792,258.2957199668565,260.162683455331,20142500
20201001,264.78045654296875,266.4686458675195,262.9631338423851,263.5093368079426,20009800
20201002,258.1368408203125,263.31069140999944,257.38210311911837,259.39802012625506,16367600
20201005,262.8141784667969,263.03265359022123,259.0306099747682,260.38119173026905,12822300
20201006,256.8656921386719,263.8469241676368,256.4485923231029,259.9640440055981,18696900
20201007,256.3294677734375,258.3751755364846,253.05237134297118,257.4119030223598,23133400
20201008,261.9302978515625,262.7843174562892,257.3522618150253,257.94810565635004,16312800
20201009,262.6155700683594,262.91347690000043,260.3513872302378,262.6850614584868,14107800
20201012,273.837158203125,278.2364205973103,266.01181588676553,268.32566995185175,31019300
20201013,274.2244873046875,277.16394589864916,271.49356349761814,275.6544704349761,18063300
20201014,269.9344177246094,276.8163376987398,269.6166302608354,275.6941715525807,15577800
20201015,264.8697814941406,267.17369507474285,261.8409512729869,265.7436818389125,15416100
20201016,264.085205078125,269.4874695835649,263.45957061319046,265.52515838014494,16622700
20201019,259.5867004394531,266.6870958759029,258.07725536685854,263.68805608352665,13587000
20201020,265.7039794921875,267.8291492240227,261.05645112735016,261.23519522464017,18763200
20201021,276.7965087890625,281.086518658816,274.4528639445289,277.6207378870773,28998600
20201022,276.19073486328125,280.49071552993775,273.1321135138718,277.9285954791895,16720000
20201023,282.8144836425781,283.2613439092059,274.8997685464257,276.8660143313567,17535200
20201026,275.1877136230469,283.25141181911437,272.3575079038966,281.19576383511253,21322900
20201027,281.32489013671875,282.5364284862138,274.39329790031104,276.82631492945694,16287200
20201028,265.8132019042969,276.8560582534552,265.4060424140643,276.8560582534552,23121800
20201029,278.88189697265625,281.6327011547713,271.88081424165927,274.6315881178936,32368100
20201030,261.2847900390625,274.78054280880923,257.3026280375446,272.5957920976971,47247800
20201102,259.5469665527344,268.59378747638186,255.55486365806064,262.76451171981944,27165700
20201103,263.45965576171875,268.17670597826356,259.0703333736183,261.3345162653245,17961900
20201104,285.386474609375,286.9356505996386,276.68723227490966,279.05072726940637,35364400
20201105,292.6358337402344,295.3171162940273,286.9456014426084,289.8751194712088,23823600
20201106,291.3746643066406,292.5564118870269,286.0617703596247,291.9109268966528,13891000
20201109,276.8362121582031,290.5504122683435,276.59788669255886,287.8592195324994,25117700
20201110,270.5401611328125,272.0992774044901,262.1686468422825,271.2055267150673,29067700
20201111,274.5621032714844,276.4687674971447,270.58985077783035,271.57297357212764,14957000
20201112,273.1717834472656,277.80940144584633,272.52629849525215,275.2572220125929,12899500
20201113,275.0289001464844,275.83327901574705,271.2056002817578,275.79354799707465,10391200
20201116,277.02490234375,277.4717929070027,272.724952013687,273.1420215872313,12970400
20201117,273.0923767089844,275.7537787794999,271.39424714309587,275.7537787794999,15040300
20201118,270.08331298828125,275.4657271384932,269.95420996479686,272.61561121276736,12152900
20201119,271.0466613769531,271.5729836396384,267.3226745261001,269.13996677472807,12963700
20201120,267.8291015625,271.10619731983934,267.5411048086391,270.6692471780771,18114700
20201123,266.5679016113281,269.07043984026683,262.69496185925465,269.0108584829948,20990800
20201124,274.9990539550781,275.89280470654967,266.01181448881255,266.62750877747334,16930400
20201125,273.67828369140625,278.23644014336827,270.75867545850764,276.2106130353077,12467000
20201127,275.88287353515625,277.19372417729744,272.913624390235,275.4658039800366,7808400
20201130,275.0486755371094,275.77362247732725,269.13002821535315,274.1151938410017,16693300
20201201,284.5622253417969,287.2931489259058,277.02487988636204,277.2235046330134,20738900
20201202,285.52545166015625,289.7559095722457,278.8818580260481,283.38043202751413,17361600
20201203,279.8948669433594,284.6615581463012,279.12027886523424,284.26433893037,12921700
20201204,277.7597351074219,281.4936314047659,277.3624856600237,278.35554866676335,10880300
20201207,283.5989685058594,286.4887859851163,276.2701877229296,277.2533105694201,13007700
20201208,281.43408203125,284.4430620713791,279.5969091988282,284.0259925324439,10747700
20201209,275.9920959472656,285.63472966861826,269.86488359958065,281.69226815135886,25189700
20201210,275.1976318359375,276.7964791302961,269.97411041402864,273.6286055271856,20065100
20201211,271.65240478515625,274.56210276384803,268.37530860630324,272.6256175544194,14391400
20201214,272.2879943847656,275.29697459285813,269.67623338550675,271.4736753078326,16376900
20201215,273.6385498046875,274.16487208300316,265.6146125663476,272.92354309585454,23979500
20201216,273.75775146484375,275.9325320373977,270.6196680498099,272.8540602970369,15885000
20201217,272.5759582519531,278.494605574225,271.7119679371472,275.1479879277489,16377800
20201218,274.48260498046875,276.07151182915015,269.2591142495398,273.8569704464479,26693200
20201221,270.897705078125,272.7646686484044,265.932389329885,271.0863895010287,16553700
20201222,265.23724365234375,269.6166559548355,262.7943166917705,269.6166559548355,17312900
20201223,266.2501525878906,270.2820169489827,264.38321928084264,265.03864461128967,14329000
20201224,265.5450744628906,268.5242638479774,264.35341689238487,267.01481880298417,6702000
20201228,275.0784912109375,275.37639803213443,263.81715878146275,266.87577993398537,23299700
20201229,274.8600158691406,278.5641523075244,274.363484296987,275.028849938261,16383000
20201230,269.9841003417969,276.1510146252463,269.825206585436,276.0219418599705,11803800
20201231,271.26513671875,275.1678676684032,267.9383690679379,270.1131798151852,12900400
20210104,267.07440185546875,273.0923620269373,263.3603554297846,272.87388692508046,15106100
20210105,269.0903015136719,270.5103744315404,266.3494377403135,266.4288997572722,9871600
20210106,261.4834899902344,265.8926933805679,258.20639328660985,260.1825795171197,24354100
20210107,266.8757629394531,269.7258491356457,262.94324162066465,264.0554674234832,15789800
20210108,265.7138977050781,267.08432961533265,261.35433620233744,266.44875469224866,18528300
20210111,255.058349609375,261.6423634990481,254.12486777339785,258.6731142177774,30412300
20210112,249.34820556640625,257.91834481107315,248.5636923990969,254.8497835250912,26383500
20210113,249.8944091796875,252.188382619965,247.4713326816302,249.80503713335122,19528900
20210114,243.93603515625,253.2608976661095,242.91318130890528,251.64219985880376,29739400
20210115,249.61634826660156,252.0990060846761,245.44548616282455,246.1803431790925,24942900
20210119,259.288818359375,260.38119398595995,250.96694354850732,255.11794062364515,28028500
20210120,265.62451171875,268.44480710364064,261.7714222910091,267.064434937094,25199900
20210121,270.9771423339844,271.70208935816214,265.6344576307383,267.39219883730624,20838700
20210122,272.5958251953125,276.5382869759463,270.1131674066485,270.1231077356851,21954000
20210125,276.08148193359375,278.15698017441997,269.6265717881597,276.21058498544335,19087000
20210126,280.0934753417969,283.41033323994316,275.88289689272744,276.21062473395097,19373600
20210127,270.2522277832031,281.4837699008926,266.26009441224045,280.57013844262696,35346200
20210128,263.1617126464844,284.8005653531378,262.8638058488591,275.2572135241456,37758800
20210129,256.5379638671875,264.7108836627242,253.0821238557494,263.45961452430464,30389500
20210201,260.1924743652344,262.3374943130789,253.14172024429632,257.7197266207836,22914300
20210202,265.227294921875,266.9850361074179,261.44372671411134,262.16867372961775,17320800
20210203,264.8002624511719,267.3325914717765,262.00975763949117,263.7774086978428,14223400
20210204,264.641357421875,266.2997860181599,262.168640172673,265.157769593735,16060000
20210205,266.240234375,267.3028192101267,263.82709821386266,264.94923410714415,12454400
20210208,264.7307434082031,267.98798910915104,263.1617170711961,266.8857036335244,13755200
20210209,267.5809020996094,271.49357368908437,263.9065559898149,264.59177204978135,14613400
20210210,269.9841003417969,271.900705136719,265.86289392443064,270.56009399684086,14687200
20210211,268.51434326171875,271.6821866351648,266.627499147351,270.00393789566357,12828600
20210212,268.6235656738281,269.2988413011865,266.4785457640893,268.6434160254985,9097600
20210216,272.0694885253906,274.68124922947464,268.17666798465854,268.9214652817526,15417200
20210217,271.6722717285156,272.0694908959175,267.7099294654533,269.3584178007569,12763200
20210218,267.5212707519531,270.0635097465597,264.1845631303574,267.70001482832095,15249100
20210219,259.74560546875,268.3951773652327,258.34538273459236,267.9880178207571,25622600
20210222,258.5240783691406,261.2450916067546,255.74351408166407,256.1606138777245,17434900
20210223,264.0157775878906,265.604684827942,253.19140952092832,257.6999099486897,21924600
20210224,262.47650146484375,264.53214932336675,256.5975849753341,260.5102256472287,15736100
20210225,252.9232635498047,265.0882874957207,252.27776339152175,260.48045979713754,19053100
20210226,255.8328857421875,263.7078680751259,254.69086935099213,254.69086935099213,26619500
20210301,263.0723571777344,264.8002773245595,256.11097494456624,259.0107326162491,22157300
20210302,257.2033386230469,264.85984651108265,256.8557604826505,263.93630511685126,15191700
20210303,253.63824462890625,259.17952327480714,253.33039749890509,258.48439730307683,15513500
20210304,255.8528289794922,264.64141445272037,251.74153259851408,254.6909316482942,31626500
20210305,262.4466857910156,263.6085828239285,253.83683148586977,258.8617429438541,26820100
20210308,253.53892517089844,263.7376717963443,253.28073423265133,263.7078811170442,18391800
20210309,263.8966064453125,266.66726127339814,258.0077489120371,259.36824065418534,22039700
20210310,263.06243896484375,267.1042135136652,261.0465218554377,266.7765159880859,14210300
20210311,271.9801330566406,275.9722359021643,265.96217295395087,266.2501394394714,21834000
20210312,266.53814697265625,267.86884797479286,262.1885254683939,267.2730343215098,20600200
20210315,271.85101318359375,274.0456740646534,266.6374321088399,267.21339535013044,16844800
20210316,277.3426208496094,280.18279665985693,272.8936879012632,274.1648072713798,22437700
20210317,282.03985595703125,284.2444572139667,273.4995073803498,273.7974141829572,21315000
20210318,276.6872863769531,283.211719403557,276.3496484982736,277.92861547763636,18728300
20210319,288.0975341796875,290.76887646170974,279.2493682351889,279.26921858795276,38930500
20210322,291.5037841796875,297.6309672357557,284.7608764742998,288.4352224866444,28273100
20210323,288.61395263671875,295.9328233174748,287.79963356760106,291.11646090364803,23000900
20210324,280.1828308105469,289.69636174407646,279.2096180859463,288.98135511711854,18675000
20210325,276.806396484375,286.0617517724904,275.82327372146733,279.03087841779615,24505600
20210326,281.0566711425781,282.5264152497752,275.84309054482304,276.3694127072185,17629200
20210329,288.8026123046875,291.1462266275226,282.7250711018045,283.7876255653244,21718800
20210330,286.0021667480469,290.4411599233507,284.71119686771675,287.8194588480045,17474500
20210331,292.4869079589844,294.44324370782823,286.60796038240426,287.9783924701882,19498200
20210401,296.5882568359375,300.3023034795974,294.54254908298094,296.33005070789403,17616000
20210405,306.76715087890625,308.6142338487392,298.5942299891719,298.80279507741744,28237000
20210406,304.1355285644531,309.1902163371081,303.13252508986074,306.6976181446294,17335200
20210407,310.9181213378906,312.07007816687496,303.3807760699453,304.21494543454486,22855200
20210408,310.8486328125,313.6888093314046,307.8992338881179,312.6659554448147,20894100
20210409,310.29248046875,312.55666307145435,308.1772512663788,309.23983603188884,15988600
20210412,309.37890625,309.9846602325345,305.7939324729359,308.89228469218745,10881900
20210413,307.6112365722656,312.2488242933257,307.17428638234855,310.04422299179186,14036900
20210414,300.71942138671875,305.8932724464454,299.85546120601055,305.16832536202276,17421400
20210415,305.6847229003906,307.98863680837684,301.99052656720033,304.2149784475269,14558300
20210416,304.0560302734375,306.8068342534468,302.49691404794436,306.03224630477484,13059200
20210419,300.1434020996094,305.56554881533964,298.4750632513306,302.8942064698286,14553500
20210420,300.55059814453125,302.98361532323474,295.14833143167755,299.89517273754313,16796400
20210421,299.3787536621094,299.8852255743065,295.3270692821806,299.8554348915821,14863500
20210422,294.4631042480469,300.8187332985432,293.9864532833794,299.2397360604261,16375400
20210423,299.0410461425781,300.4909095404673,295.0886447554308,296.6874918381097,17536800
20210426,300.93780517578125,303.67863831271933,299.46806109809256,301.23571193874966,16172600
20210427,301.46417236328125,303.2218831391314,299.0212153184825,302.1692386782204,15309300
20210428,304.9696960449219,308.7632045092743,303.25168590435214,305.2278718530595,33907200
20210429,327.2242431640625,329.50827625117904,319.3790201563974,327.82999712931587,56526800
20210430,322.824951171875,327.53209104824134,322.248987887127,323.8776259782797,26332400
20210503,320.34228515625,326.27087314382874,319.60742815166054,323.907408395523,18719500
20210504,316.1515808105469,319.9550297777541,310.9479394226379,317.80006933320976,24032600
20210505,312.8347473144531,318.83285731643707,312.30842504926153,315.98277088195334,15577600
20210506,317.800048828125,318.0185239268124,311.09687276652534,312.33820166682153,19012200
20210507,316.8665771484375,320.69981667352516,316.5388796429248,320.143703732976,15916700
20210510,303.8475341796875,312.3977933814333,302.7154276382799,312.1694082519749,24239200
20210511,304.4036865234375,304.71153371628975,297.6111373134013,298.6637819675191,18920100
20210512,300.45123291015625,302.84451865074016,296.1214922814983,299.0411002600775,24645500
20210513,303.14251708984375,306.7175207774246,300.66976882867266,303.9568059752801,18079200
20210514,313.74835205078125,314.6520430906645,306.93592356007673,307.39275439730136,19245700
20210517,313.271728515625,313.490203645759,309.4186382055632,311.37497404625395,15401300
20210518,307.80987548828125,314.3045176079125,307.6609220624403,313.4008264166306,14522400
20210519,311.4146728515625,312.4772577066652,301.46419089388326,302.0798852044265,19106200
20210520,316.39984130859375,317.0354162827345,310.9876652282522,311.4047347873846,17320200
20210521,314.0363464355469,317.71066162154136,313.6192466103653,317.07511701397885,13600900
20210524,322.3780822753906,323.68893285411247,315.82385968766243,316.002603774066,16445400
20210525,325.51617431640625,326.8965163184287,322.5468949273761,324.8110776685687,16437000
20210526,325.3870544433594,327.54198436900356,323.5598220015561,326.07227039727064,9686900
20210527,330.4417724609375,331.4646263219847,324.4933337229342,325.72472236570246,20477700
20210528,326.44964599609375,330.56091149903165,326.05239650868407,328.7038883383271,12037400
20210601,326.84686279296875,329.12098577650926,324.3741453730533,327.859776244359,11765900
20210602,326.8667297363281,329.56786271635684,324.85081275421754,328.0882083208523,11654300
20210603,323.7782897949219,325.1089906636587,321.23605077615906,323.520083700462,12610800
20210604,328.05841064453125,330.1537592993756,322.92426093429344,323.63926759923044,13289400
20210607,334.2451477050781,335.3474634485492,326.6482214412393,327.19442430172865,20136700
20210608,331.36529541015625,335.95324218671897,329.93528208942485,334.36436543557863,14580500
20210609,327.9591064453125,334.463657978423,327.710840656936,333.41101346017734,13727900
20210610,330.15374755859375,331.62349184699826,326.27086722654735,328.4953491638462,13240200
20210611,328.9621276855469,330.52121388823963,326.64827344168265,330.27294808646184,13587900
20210614,334.433837890625,334.4835092274623,327.5221274355902,329.59762560722135,12250800
20210615,334.4140319824219,337.5620556551971,332.7059620693409,334.65235745209895,15795200
20210616,328.7833557128906,335.2084759227616,326.4397410735605,334.3643964351676,17232200
20210617,334.1756591796875,335.6354630864585,327.8597623748833,328.1974001777303,17794100
20210618,327.3731994628906,333.81816956514166,326.71777415159494,332.20941212190775,23039500
20210621,329.9849548339844,330.61058945270315,325.3771273795917,328.7932669596741,11337500
20210622,336.67822265625,337.56206346990325,330.2928334176298,330.3822054708277,15345300
20210623,338.2274169921875,341.037803030044,335.8540115254253,336.99602822981143,14817800
20210624,340.7994079589844,342.5074778063374,339.41906592570973,339.47864729083625,12329100
20210625,339.0019836425781,341.7329074740562,337.32370439076266,340.2135219727783,14594400
20210628,353.1729431152344,355.65560063806936,339.39913372160845,340.0843496223811,29156100
20210629,349.4490051269531,354.26533714219687,346.6286791220538,353.7985962511624,21417300
20210630,345.2979736328125,350.4718543781205,344.76174136100525,349.72705702806195,15107500
20210701,351.9316711425781,352.2097276177686,344.0963881893645,344.41417567697727,17137000
20210702,352.239501953125,353.9674220897666,350.17391368538927,352.6367211412645,11521300
20210706,350.3327941894531,356.30111303287634,346.7577610194668,354.02699008079225,13488500
20210707,348.0587158203125,354.0170950982068,347.5721245438341,352.79564674200435,14218900
20210708,343.25225830078125,345.9136601651972,340.1836969240964,343.331720320965,14406500
20210709,347.98919677734375,348.2771632659908,342.8748973921492,342.92456873238206,13018700
20210712,350.7101745605469,351.7330283603502,347.21460329360013,348.7935700152841,10018600
20210713,349.64764404296875,356.0032429269758,346.3804573901869,349.0617403487909,11456000
20210714,345.21856689453125,352.7360626317846,344.32481607097134,352.10048763359197,13894200
20210715,342.07049560546875,346.80742583126903,337.85991789887277,346.80742583126903,14781600
20210716,338.79339599609375,343.5898772244563,337.7804825885688,342.51738245801107,11026100
20210719,334.6126708984375,337.43296686382087,332.2193848529158,335.2283652584028,14372300
20210720,339.28997802734375,341.067569648738,332.1796418476506,336.4498015039066,11024300
20210721,343.8282470703125,344.11621354828037,338.88278193590014,339.13104771021216,9279700
20210722,348.7538757324219,349.1014539216713,342.81534674837894,344.27515089851886,12385400
20210723,367.2248229980469,372.7263709130637,354.712221510125,358.4064175626375,33694300
20210726,369.87628173828125,371.8425576289156,365.6657038011167,367.01625509949724,14925200
20210727,365.2585754394531,370.5615293237317,362.02117968943355,369.33014064595517,15705400
20210728,370.6905822753906,374.93095068238745,364.38462570750005,371.9617017952176,29676900
20210729,355.8343811035156,362.984417317109,354.26532441729825,358.4957829668107,33413200
20210730,353.82843017578125,358.2277234843722,350.49175214297765,351.54439678231824,15976200
20210802,349.5085754394531,356.9068774625231,348.30694725009323,355.61590753540196,13180400
20210803,348.8034362792969,351.3158844416269,345.28801510112527,350.2831207482035,12406100
20210804,356.43023681640625,357.9794128958687,349.0716352860186,349.97532638335207,14180600
20210805,360.4521484375,361.3756899337369,354.4242475815402,357.14526133882947,10247200
20210806,360.9884338378906,362.6170418184511,358.893054608952,358.893054608952,8925000
20210809,359.1015319824219,363.24261843176544,358.2475122657697,361.2366418858136,7798900
20210810,358.6248474121094,361.57424574563765,356.5493493708676,359.3199733312444,7469900
20210811,357.4629821777344,359.8463275378054,355.3279025907099,359.5881517418357,8400300
20210812,360.13433837890625,360.4819165359161,354.6327601477801,355.9634914124329,7170700
20210813,360.6606140136719,362.13035816764733,358.9724250927654,360.45207926877004,7195700
20210816,364.0172424316406,364.40455162461785,354.9009295725257,360.0052586371251,11222100
20210817,355.9634704589844,362.1403239821523,352.606912425003,360.4620449651616,12328700
20210818,352.9843444824219,357.36372674757365,352.6864073237661,353.7787829603999,10042400
20210819,352.6565246582031,355.08954110949225,348.56510998256186,348.9126880907285,12004500
20210820,356.8771057128906,357.49280002789834,350.85914534134406,352.14020531327213,8697700
20210823,360.82952880859375,363.1532931180248,356.6090101030027,356.9466479627438,10942000
20210824,362.97454833984375,365.4075350526847,359.3299929768121,361.1373753161005,9235100
20210825,365.8345642089844,368.2874012019985,362.8652846539713,363.06390941492083,9684500
20210826,361.8523864746094,366.87728402002136,361.6041206658207,365.82463941522815,7888700
20210827,370.04510498046875,371.1473904662414,361.55439735667915,362.5673411067195,11219100
20210830,378.0194396972656,378.843668815076,367.94976434643246,369.97562175122965,13547300
20210831,376.748291015625,380.10484920750287,376.17229743518845,377.3143442669874,12345400
20210901,379.3998107910156,381.6639938380198,376.18229548892714,376.9568836285368,11567200
20210902,372.6767578125,379.10187795164336,371.46521949194505,378.8536121507582,14832900
20210903,373.6499328613281,374.54368359292056,370.5217598419335,372.1503978778012,7509600
20210907,379.5288391113281,380.303427098371,370.56148074730555,373.2725538548956,10793800
20210908,374.9508361816406,378.22793223895627,372.19012201827695,377.5228659344318,11067200
20210909,375.3778381347656,377.1951302070215,373.9577652268733,375.0203499786024,9098900
20210910,376.0631103515625,381.1277387962936,375.6361004436162,378.71457215753986,11549600
20210913,373.89825439453125,379.1018961327597,371.75323413530566,379.03237443176556,13026300
20210914,373.9180603027344,375.9637679324981,372.5078973191111,374.7820203796107,8711600
20210915,371.326171875,374.9409058407148,365.11952742999154,374.38479292291254,17940300
20210916,370.4721374511719,370.9686690276953,367.14536982728856,370.2040213099669,11934200
20210917,362.1899719238281,368.8335664300614,359.0816795986663,368.8335664300614,26299000
20210920,353.2325744628906,358.5255877160873,347.3734776350834,356.8075775570263,19822800
20210921,355.0002746582031,357.5425142478172,352.726151245893,356.013188300571,11751900
20210922,340.8291931152344,347.41320660790336,338.326684902849,344.82132634927734,43692900
20210923,343.56011962890625,347.24440574358306,340.6206611842172,342.9642756764454,21806300
20210924,350.51153564453125,351.8919078702435,339.9950012816375,340.85896131085076,18801900
20210927,351.12725830078125,352.6863747332731,344.67234776955803,347.3834211027895,15205800
20210928,338.28692626953125,347.17485280362484,336.5689465667117,345.55615516237805,21710300
20210929,337.2541809082031,342.8352215839474,336.5292641634484,340.769633143772,14452200
20210930,337.0357360839844,340.42205494779716,335.8043171003503,338.08838065803866,16547100
20211001,340.6305847167969,342.626620946173,336.29090380487764,339.2402721276519,14905300
20211004,323.9670104980469,333.6096454418782,320.4614987024491,333.2024859034126,42885000
20211005,330.6502990722656,332.85490048506125,323.8974817514608,326.3006776114081,35377900
20211006,331.3255920410156,332.0604490478025,323.53995055480846,327.4526216500832,26443000
20211007,326.936279296875,336.48954276448234,326.6979538184617,334.66231004958246,28307500
20211008,327.7605285644531,331.08729666562687,326.429827385161,329.21042279615267,15946100
20211011,323.19244384765625,328.1676700761693,323.0534004471165,325.35731443923436,14708200
20211012,321.5240478515625,322.12983213718235,315.168449699641,320.78919081230543,31658700
20211013,322.2886962890625,324.7316229485336,320.42173287393445,324.70183226875514,14761500
20211014,326.25103759765625,328.22722358123883,324.8309645572515,326.08220352646043,14302200
20211015,322.5072326660156,326.7873328742356,320.272840340365,326.4000236576311,21596400
20211018,333.0137634277344,333.5599662951216,325.2281526617883,326.668106223406,21585000
20211019,337.63153076171875,340.0843979551159,334.94033811013963,337.2938929273335,18786300
20211020,338.41607666015625,341.5938910279222,337.0953159364956,341.0675687432612,13639500
20211021,339.5084228515625,339.93543271791094,335.4567083681282,337.919515805233,16354400
20211022,322.35821533203125,327.34341175250825,318.8824942988653,324.08616582509086,35224500
20211025,326.409912109375,327.2738721557028,317.5021349079901,318.07809817024844,38409000
20211026,313.6192932128906,327.91939752560313,307.45237909979846,325.9829424293362,65654000
20211027,310.0541687011719,317.0354012261963,309.8952749651828,312.0105042608327,29971800
20211028,314.7215881347656,323.2619070153959,305.9726738656549,310.81882690664725,50806800
20211029,321.325439453125,323.73857554960784,317.3829776736138,317.96888127486596,37059400
20211101,327.6910095214844,331.13694007847226,323.738607028624,323.7783380427413,31518900
20211102,325.8041076660156,332.4675824608705,321.55379908221755,329.08123386984886,28353000
20211103,329.319580078125,329.84590230841843,320.95800575490676,325.2182246298572,20786500
20211104,333.520263671875,334.9303963680135,330.34244948206873,331.69303111979514,22495300
20211105,338.7636413574219,344.3843824919673,337.28398694368224,337.9493222910368,26872800
20211108,336.27105712890625,342.39827042924827,335.99300064415445,342.03084189288523,18342500
20211109,333.0435791015625,338.94237655440764,332.14982834025784,337.6414662706003,17556700
20211110,325.36724853515625,330.87873729375485,323.2520190237952,330.1835809161458,21872600
20211111,325.4665222167969,330.1537817149823,324.7316651495095,327.53211063613753,12376600
20211112,338.5252990722656,339.48854119804446,327.49235212990004,327.8895713138474,25414300
20211115,345.1490478515625,351.19679918142634,340.8193067901365,341.9513830937844,25076600
20211116,340.5809631347656,344.24536894528535,338.50546458262573,341.444923311803,18181100
20211117,338.4060974121094,344.8907981611505,337.7407621147875,341.8520275379172,13602800
20211118,336.3405456542969,340.0843826522268,332.9740471795485,337.3633994408119,17487200
20211119,342.9046630859375,349.6575100890898,337.5421286138821,339.8261918393417,26488500
20211122,338.6444396972656,351.3754849401914,338.1479081732643,346.62864478297394,27116800
20211123,334.9105224609375,339.0317281661452,331.18653592504864,336.5788611556045,17225000
20211124,338.6941223144531,339.40912900904357,330.5013511624678,333.6692250990394,13566200
20211126,330.8091735839844,335.40706056592376,329.59763539501955,333.47057540699547,14750700
20211129,335.68511962890625,338.30682076869596,332.98398677543236,334.55304345009216,16650900
20211130,322.2092590332031,333.4805317723644,321.1864052077006,332.6761530506527,25390000
20211201,308.4454345703125,328.20738609874235,308.1375874041913,327.99885131334366,30329600
20211202,308.2369079589844,312.41769563708294,305.0690338569957,309.2398812049933,24396200
20211203,304.71148681640625,311.573556673393,297.4224070874301,311.5537063209336,27471000
20211206,315.6649475097656,317.8794890259787,304.2149317317347,305.9925230805705,21758300
20211207,320.5706787109375,324.27481477403893,318.7732370263186,319.3392902346361,18794000
20211208,328.2669677734375,330.4417785979972,320.82893413037664,322.74553882599275,19937700
20211209,327.5321350097656,333.7983618194721,325.7247525848153,327.25407850637987,16879200
20211210,327.4625549316406,332.7059268506838,324.1059968282071,330.2530597986271,14528000
20211213,332.169677734375,338.72390047483293,327.30367444275134,328.65425606299516,22948700
20211214,331.4248962402344,333.3713218947086,325.3771451062712,325.77436431738806,20461000
20211215,339.28997802734375,339.7368382857609,321.7326278482403,330.18357510906884,24681300
20211216,332.57684326171875,342.07052456232094,331.4248863696693,336.62855788973843,22635000
20211217,331.4745178222656,334.7714640548974,328.4555977203839,330.4913648129282,40012600
20211220,323.19244384765625,327.6115570857802,320.2926858498686,327.49239434582324,17901800
20211221,331.8817138671875,333.6692153987566,321.50419192067693,324.1457435126229,16116800
20211222,328.15771484375,332.189548621576,325.98290422148904,331.48445199749193,16764600
20211223,332.9144592285156,334.33456247386124,326.08218034839234,327.8101307259051,13987700
20211227,343.7785949707031,345.45687412344387,335.6652859834369,336.49945539510196,17795000
20211228,343.8183288574219,350.26329907524985,342.80541534319065,344.2254883901896,16637600
20211229,340.56109619140625,347.264272790598,339.27012615391544,344.5035583071662,10747000
20211230,341.97125244140625,344.821369477675,340.8391760748815,341.6137642117308,10593300
20211231,334.0167541503906,341.0575673531457,333.9372921371866,340.64046754852063,12870500
20220103,336.1916198730469,338.71397854824414,334.85097850917924,335.9532641001233,14537900
20220104,334.195556640625,340.710048791719,329.5678785035941,337.5918461106454,15998000
20220105,321.9212646484375,333.4308618468726,321.59353686820657,330.7098484616282,20564500
20220106,330.15374755859375,336.8172227357935,320.481322726394,320.58063509691385,27962800
20220107,329.4884033203125,334.6622534111411,326.59858616008637,330.43179504996147,14722000
20220110,325.7942199707031,326.0623360988043,313.2418877828471,323.05335610436777,24942400
20220111,332.050537109375,332.30874323908233,323.02359626421634,324.5131910632039,16226800
20220112,330.94818115234375,334.0365924988893,327.74057679027476,332.8548451184364,14104900
20220113,324.2152404785156,333.30176146509405,323.500233859244,332.6562765338066,14797100
20220114,329.59765625,330.4219156428618,318.9818086610025,319.5578022642355,16868500
20220118,315.9430236816406,321.9609837284619,315.4365821014618,321.04738263480675,22645600
20220119,317.373046875,324.83096079185947,317.1148407594168,317.3631065456677,20814700
20220120,314.36407470703125,325.54597570040505,313.78811140295323,321.65315473896703,16925000
20220121,301.0670166015625,316.1019793346408,300.9379135225031,312.6262577545557,28710700
20220124,306.5685119628906,307.38283100711567,287.00518638419567,295.77392053287866,38878100
20220125,298.0679016113281,304.1057425994434,295.51572201501665,297.8693071627254,25108500
20220126,292.586181640625,305.37683902690725,288.83240439081436,304.8803074843086,28348800
20220127,292.59613037109375,299.6170635525719,292.218761538942,295.68454210791685,21629900
20220128,299.6170959472656,299.8057803837421,290.99731446167857,293.56934456757705,21871600
20220131,311.0869445800781,311.6132667908384,297.24364306776437,298.5941942856098,21579500
20220201,316.7871398925781,317.4425651980272,309.95486067855575,312.37793715110746,18023800
20220202,320.7594299316406,325.7247461844524,314.67194735675173,325.54600207276366,58458300
20220203,236.11068725585938,246.2796592879698,234.11463579491482,242.9528917001212,188119900
20220204,235.44534301757812,240.92705595132773,228.5137663432525,233.3400539489898,89342200
20220207,223.34982299804688,236.64693715449368,222.45605712612533,236.05109323987932,88613800
20220208,218.65261840820312,224.2038524585469,214.6505754679408,219.31798399643122,94729700
20220209,230.39065551757812,231.75114721199498,220.6685737472987,222.6447597583816,86563300
20220210,226.4879150390625,233.36983524763434,225.12740824872546,226.686524634217,49310400
20220211,218.02699279785156,228.8215831607996,217.25240484124834,226.87518809398,46156900
20220214,216.18983459472656,219.46694586676406,213.29009215094842,217.7886667974301,38184000
20220215,219.4669647216797,219.6159181388209,213.56816695582089,218.9406424438585,42685500
20220216,215.0378875732422,215.95151900472374,210.8868908846818,210.93654707270989,45817500
20220217,206.26914978027344,215.99123117362203,205.72296202717726,212.5353757176675,38747500
20220218,204.7299041748047,209.28806043075434,203.75669137039452,207.93749393051652,37128400
20220222,200.67820739746094,206.04074245924153,198.67221554938297,200.93639836684068,39852400
20220223,197.07337951660156,205.50449113354318,196.67616031691193,202.74377678275914,44481400
20220224,206.15989685058594,206.9046941439003,188.90045605790752,189.73462538971404,49957200
20220225,209.01992797851562,209.8541125423845,201.77056393873042,203.5183647840356,37627600
20220228,209.5661163330078,211.67140537212006,205.39525411367887,206.23934870344502,34239800
20220301,202.07843017578125,210.28112651537154,200.81723570545105,208.41416290445198,27094900
20220302,206.6663818359375,207.6991608900357,200.61863062333498,203.3594795827409,29452100
20220303,201.56202697753906,207.62964337626647,200.02277607812186,207.57006201226622,27263500
20220304,198.67222595214844,204.46178636010308,197.411031416221,200.96619957261413,32130900
20220307,186.16954040527344,199.49644537718342,185.98085599196915,199.39713300609475,38560600
20220308,188.96998596191406,195.3355245860247,184.81898914057544,186.54692452981288,37508100
20220309,197.123046875,197.71889086123977,192.5748155619996,194.38219787476945,31894700
20220310,193.85586547851562,194.9184351766103,189.74458461606886,193.48842180655208,24853000
20220311,186.30856323242188,192.2172854703511,185.3750815218328,191.303669263992,34694500
20220314,185.3353729248047,190.95609860681984,184.5309942307977,185.73259210732104,31010500
20220315,190.69790649414062,190.94617226993915,184.62036515153324,189.4764431200351,31721700
20220316,202.21746826171875,202.31676549191621,193.17066172479323,193.34940583091395,40640300
20220317,206.39825439453125,206.59686400639015,199.7149432190033,200.30084687751673,29499700
20220318,214.98826599121094,215.2961131707228,204.57102716267374,205.26616839914286,52128000
20220321,210.02293395996094,213.22059855952324,206.18970954170595,213.01204862783814,30142300
20220322,215.1470947265625,217.9376145088671,208.72197584944547,209.90372325400992,31998800
20220323,211.97926330566406,215.2960905373746,210.68827820054256,211.85016024926963,23717300
20220324,218.046875,219.1392353325616,213.30001937904194,213.50856930007075,31502300
20220325,220.28128051757812,223.9357457242786,217.37159753839384,218.98035503124117,40039000
20220328,222.0389862060547,222.48586159323668,218.01707741553452,220.58912249182504,26224100
20220329,228.26548767089844,229.2883414646526,223.72718197285437,224.50178514139634,31417900
20220330,226.26943969726562,229.546535896173,225.13734833785708,227.32208418810893,25588000
20220331,220.8175048828125,226.90498635172153,220.7181925146224,226.86525534326952,24192300
20220401,223.29026794433594,225.70340426165572,221.15517295953632,222.99234595192877,19544800
20220404,232.26754760742188,232.72436333956819,224.29325144843688,224.41241418163085,28054800
20220405,230.23175048828125,235.2169316018234,229.4174466080516,232.45621733585187,29727200
20220406,221.75100708007812,227.40153889568887,219.8741183102283,225.33596570060982,28995100
20220407,221.40342712402344,223.95560670287298,217.04388048466566,222.3766247719894,21037200
20220408,220.78773498535156,223.56831487406782,218.50368667844387,220.83739117412068,18375700
20220411,214.9584503173828,219.07965621752902,213.72704658954345,216.90484555322809,20516600
20220412,212.654541015625,220.48980861439927,211.6515526954061,218.71223225422102,20128800
20220413,213.49867248535156,215.10743009321757,209.864057372154,210.35066381723541,19231800
20220414,208.72201538085938,213.49866208481365,208.54327127888956,213.3993497039803,18379500
20220418,209.30792236328125,211.89981776607013,206.85505519404293,208.54325950228275,16580800
20220419,215.80255126953125,216.91477715151493,207.5501988958004,209.0596591305934,20089900
20220420,199.0297088623047,212.67440159783553,197.54011418103042,212.12821385078016,43036500
20220421,186.765380859375,201.56201470052716,184.2926483333906,200.20152312891832,49954100
20220422,182.83287048339844,191.38314543443704,181.99870101328304,189.0494408006046,36426800
20220425,185.69288635253906,185.88155562508723,180.39985787402478,181.46242757918057,29281100
20220426,179.6947784423828,185.8914981079493,178.25483986956792,185.33538515455388,31747400
20220427,173.73638916015625,179.95297396586366,167.8276666489614,173.21999209687453,71062900
20220428,204.3028564453125,207.08343600789271,191.56185573215208,201.5123517073191,100890600
20220429,199.07937622070312,211.00605951633852,198.51332293664208,203.04170375030583,49193400
20220502,209.6654052734375,210.41020255624133,199.5957466160473,199.77449069050925,49915300
20220503,210.5591583251953,213.40924444391214,206.6464874642892,208.9901168800485,41556300
20220504,221.8602294921875,222.74405503982925,205.52434462463904,209.18873471344116,41375900
20220505,206.83518981933594,218.64270996108357,204.72990080911183,217.22263694269984,41129200
20220506,202.3564910888672,207.92757620794703,199.62556730800335,205.9017188084952,34747200
20220509,194.84893798828125,201.1648205739182,194.22330332061387,198.45374711598748,36303200
20220510,196.27891540527344,201.55209318806584,192.84292556927107,198.12601337505205,34452500
20220511,187.4307403564453,199.27797620782732,186.9639994737446,194.96808586619244,31153400
20220512,189.91339111328125,196.67614834334174,183.49819687355438,185.7623795104132,38262200
20220513,197.24220275878906,198.503397232515,189.953122698784,191.24410785549279,24549800
20220516,198.65234375,203.94537210166712,194.57085364070758,195.68309466090108,27112600
20220517,201.21446228027344,204.0347733061677,196.98401847084506,200.71793067646036,24872700
20220518,190.90646362304688,199.60569128051193,190.3006945011028,198.61262813981287,23960000
20220519,189.96302795410156,193.93528023328804,188.2847640946148,189.87365591452544,24446900
20220520,192.19744873046875,196.53714530133018,186.56678209731146,193.6175370131133,31465600
20220523,194.8687744140625,195.62351209328918,189.91339907653796,193.83599542267453,25059200
20220524,180.0225067138672,182.40585247871965,174.88837147364822,179.29757477627385,50406300
20220525,182.55479431152344,184.16355170943515,178.0760851163933,179.14857994637404,28030200
20220526,190.30067443847656,191.49234705109404,180.99566348711593,181.6113728734375,23056500
20220527,193.7764129638672,193.97502255882603,188.48338467468687,190.0325607294829,22562700
20220531,192.29676818847656,196.22930534754266,190.67807023307347,193.53809725784882,26131100
20220601,187.33143615722656,198.14589349403096,183.716686817317,195.14683847181115,36623500
20220602,197.4805450439453,199.5461182815414,186.4277469756888,187.14275367920058,31951600
20220603,189.45660400390625,195.24616452028906,188.46354076239172,194.6205298291933,19465000
20220606,192.90249633789062,195.55397284757993,187.09307146808337,192.64430540145412,30574200
20220607,194.29278564453125,195.16668600433854,190.16165474576064,190.5985897727242,18828700
20220608,195.2759552001953,200.628565465701,193.0614284144997,193.3196194022274,22267200
20220609,182.72360229492188,198.06642347877167,182.4058148436066,192.9322892978595,23501600
20220610,174.35208129882812,181.82984461020973,173.80589360848077,181.7702481006762,27450800
20220613,163.1205291748047,171.38282092477996,162.89212891887655,169.40662002400506,31749300
20220614,162.59420776367188,165.5932623959142,160.2406532010484,164.87825579282412,27244300
20220615,168.1752471923828,170.96575216430253,162.84248787819953,166.04015237028412,30008300
20220616,159.75405883789062,163.93486122919495,158.50280476509815,162.584294783492,26944100
20220617,162.6041717529297,164.7491767213856,158.7907975972423,160.5584488585028,31374200
20220621,155.9605712890625,166.59626917748903,154.88806126492062,164.77896178821595,50724900
20220622,154.76890563964844,159.6746251146912,154.3617460913147,157.28135432111557,47267800
20220623,157.64877319335938,158.64183633158527,153.1799890713429,155.18598085338266,40499200
20220624,168.97964477539062,169.06901683040093,160.181103851403,160.60811377174727,68736000
20220627,168.31427001953125,170.55858716707883,166.84452572363676,170.13157730813595,29174600
20220628,159.5653839111328,170.11172514854024,159.49587736831415,168.72142760981015,27744500
20220629,162.8027801513672,165.17620054541592,159.20789628875934,162.4353516237137,28595200
20220630,160.1314239501953,164.08381082254584,157.39057526508302,161.0251746738575,35250600
20220701,158.91990661621094,159.50581028200295,153.9247998088432,159.19796310685604,31423900
20220705,167.0232696533203,167.08285100929916,155.930757678069,157.0429833975114,28618600
20220706,168.5923309326172,170.39969794014357,164.31223128939016,167.033214553339,23085900
20220707,170.99551391601562,171.52183607383992,166.6161026152317,168.27451594404727,24083400
20220708,169.69464111328125,171.20408623734986,166.98356772070983,168.800875159169,19249200
20220711,161.75010681152344,166.32812786243167,160.7868344861762,165.9110432194368,21885600
20220712,162.13742065429688,164.75910669806157,160.9755386164519,163.65680602324343,16639700
20220713,162.3558807373047,163.83553495874915,158.50279131991883,159.04897901871416,16555100
20220714,156.95364379882812,161.46214411722048,156.18898088222045,160.10165236475422,23765200
20220715,163.5574951171875,163.8355515824348,158.71135732791987,159.42634884359796,23342800
20220718,166.0699462890625,170.4990146042201,164.49097951767354,165.59328022000832,23574300
20220719,174.56063842773438,175.26571992802639,168.3341282653375,169.1881631762132,25933700
20220720,181.81993103027344,182.32640294171296,175.47425801947045,176.2587864045491,24784300
20220721,181.89939880371094,182.5746897122472,177.6292236779382,179.37702474501341,27195800
20220722,168.09580993652344,174.38190172971616,167.2417749894323,171.86945307838997,42583900
20220725,165.4939422607422,169.38676254055434,163.66670998438224,167.82764636306086,26166300
20220726,158.04598999023438,164.84847844507803,156.85431727302677,164.78889708215877,28468400
20220727,168.40362548828125,169.68467009197653,160.89607162695916,161.46210965786767,43846600
20220728,159.6051025390625,160.38961572025178,153.77582699484466,159.94274035613432,73214300
20220729,157.99635314941406,159.0291321576182,154.09360709228082,156.5961304718885,42065400
20220801,158.820556640625,164.04407766338431,154.15316362046573,156.15915510212025,40596700
20220802,159.0787811279297,161.11456352266092,156.91389568067768,157.2118176426038,27374500
20220803,167.62905883789062,168.3639158538557,160.44921667380174,161.56144252689967,31721900
20220804,169.3867950439453,170.95582154448263,165.64294258692857,167.1325373671115,23938200
20220805,165.95077514648438,170.4195590937745,164.64986491074373,165.83161242349757,25832700
20220808,169.06900024414062,176.2786332135897,165.97064808420234,166.8346081704295,27299100
20220809,167.36093139648438,168.35399454612372,165.44432679109218,167.77801610097995,18655100
20220810,177.10287475585938,179.2280292454022,172.74332822648657,174.7691854949126,30262100
20220811,176.25880432128906,181.82988984283608,175.1465631607316,178.46340598134142,24079100
20220812,179.24789428710938,180.20124155559793,177.6689275530866,179.5557414317746,21274000
20220815,179.63519287109375,180.18138063501422,176.96385056905282,177.71858826208515,15878700
20220816,178.22503662109375,179.7344967831318,175.81188539703066,178.1952459401866,21156700
20220817,173.6370849609375,176.90425581483473,172.96179418949083,175.5338239205312,20118100
20220818,173.44842529296875,174.54078574100586,170.66784525197417,173.1306377897958,18844500
20220819,166.794921875,171.12467855581167,165.89123061719914,169.019374013656,26240800
20220822,161.91896057128906,164.34203724537224,161.13443214416858,164.34203724537224,19499700
20220823,159.99240112304688,163.90507227097777,159.58524160395055,161.3528927591669,18111800
20220824,162.12745666503906,164.31220734346127,158.6616765626065,159.48592065438604,20891500
20220825,167.60919189453125,167.70850426753756,162.88221690647927,164.03415860747302,15550500
20220826,160.6577606201172,169.73435751151283,160.54852306381065,167.31128091921585,24023600
20220829,158.0658721923828,161.91896236620752,157.90697843918662,159.54554185725544,20052700
20220830,156.06979370117188,160.53857745842626,154.82846487971233,159.237667278007,19567900
20220831,161.79977416992188,166.67571794587022,161.0152609370121,165.91107021908033,40953000
20220901,164.21292114257812,166.19904741902297,159.2376802751425,162.4452699687775,30145700
20220902,159.20790100097656,166.76509747752274,158.11552540948338,166.2884313798448,22634200
20220906,157.44020080566406,160.56835833655825,156.59610635036026,158.98939180874987,19339800
20220907,159.27740478515625,159.8434580781021,155.7222367388541,156.66564374082208,16831200
20220908,160.93582153320312,161.10464046070226,156.6457963416658,157.6090688684695,22530800
20220909,167.97662353515625,168.36391755240584,161.88915681033242,162.11755708898195,22086800
20220912,167.78793334960938,170.20106919787258,166.11957960818305,166.2288171457344,23220400
20220913,152.06776428222656,160.50880101691556,151.61094856811403,160.41941381760716,44444100
20220914,150.41929626464844,152.4749293751391,148.01608494490932,152.26639457194455,43064200
20220915,148.51260375976562,153.1303415527559,147.66849398331107,148.76086955837675,34606300
20220916,145.27520751953125,147.54933071218412,143.28908113786707,147.02300843327845,40122800
20220919,146.9932098388672,147.54932277133344,144.09346729604968,144.23249552916624,22169500
20220920,145.07659912109375,147.80752291864286,144.21263898681053,144.76875195384073,23217400
20220921,141.13412475585938,148.56224775043975,141.01496203125282,145.37450849074926,38338600
20220922,141.8292694091797,143.57705488927735,139.8927843757181,140.56807511655674,34418500
20220923,139.43600463867188,141.63066577922177,137.92654436335064,140.4389929946804,31710700
20220926,135.4239959716797,141.25328606461287,135.24525190573627,139.14798220822237,30497000
20220927,133.46768188476562,138.45286316247478,133.18962541378022,136.96326843093527,30826500
20220928,140.62767028808594,141.04475498386643,133.33859055874663,133.6861535620933,32658500
20220929,135.46376037597656,138.86996002006063,134.26214718676619,138.3932939070833,38985400
20220930,134.73880004882812,140.0119780697595,134.56005595639368,135.1062437159562,33166400
20221003,137.64849853515625,138.65148696876528,135.15591521738622,136.18869433644304,27723100
20221004,139.306884765625,141.40224842715523,138.3734030652836,139.51543467540031,34670700
20221005,138.0159149169922,139.23739352437994,133.84505263982953,137.28105787017572,27979300
20221006,138.1053009033203,140.46878091958473,135.6524336864408,136.76465957644757,36231100
20221007,132.5242919921875,137.33071464180736,131.52130353212522,135.81132903212566,33214800
20221010,132.86192321777344,135.16583719074,130.9552436295989,132.62359773984062,24024000
20221011,127.64832305908203,131.73975329829742,126.10907981380274,130.70695919793616,38481400
20221012,126.61555480957031,128.77050008091746,125.37422584084904,127.4298738864634,34605200
20221013,129.3861846923828,130.2302943889548,121.68002048782748,122.67308358829318,34325700
20221014,125.88067626953125,130.87577469891576,125.64233567881853,130.09126154468032,23559400
20221017,133.1101837158203,133.85498111053334,129.27695918491287,129.39613707206735,29612200
20221018,131.87879943847656,136.88383143003554,130.48850183036296,136.13903401056328,25445000
20221019,132.30580139160156,136.0496537710444,131.30281304878633,131.9681635517954,30691000
20221020,130.6176300048828,135.8212877641908,130.39915484094215,132.00791272728236,26356300
20221021,129.1081085205078,129.2173460509951,124.56981872394658,125.4337786404763,46348600
20221024,128.82015991210938,132.55407210052488,123.70588290109863,126.36729258833617,63563400
20221025,136.55609130859375,137.39027576702426,129.68409698408797,129.97209374739708,38433200
20221026,128.91946411132812,134.6097116608422,127.63840417505021,130.76654700494944,82791500
20221027,97.26060485839844,101.78897028259763,95.71142123185368,97.30032829256321,232316600
20221028,98.51185607910156,100.15041170257088,96.83358459909144,98.88922490447071,95928300
20221031,92.51376342773438,98.63102827621302,91.95764293134883,97.53866036503508,121361400
20221101,94.53960418701172,96.81371959753587,92.90105613149628,93.6756441380607,110189600
20221102,89.91194152832031,94.53961202289622,89.85236016179088,93.55648159280648,71821100
20221103,88.2932357788086,89.83247889708458,87.7967042742416,89.4551176811427,60664000
20221104,90.16020202636719,90.75603838606281,87.47892704303133,89.72325182690423,55638100
20221107,96.049072265625,96.20795843512963,92.45418081587393,94.12252726626211,81987300
20221108,95.80079650878906,97.12157222311384,94.13245023187092,95.25460878437805,52088300
20221109,100.76612091064453,104.17232788134447,100.04118146405922,101.01438670274665,107677300
20221110,111.0939712524414,111.96786404919858,103.88433105566673,106.37692154748625,80671000
20221111,112.23600006103516,114.10296373480408,108.05520487844373,108.47229718253378,59961700
20221114,113.42766571044922,115.46344046960432,110.03139181015474,110.22006864252444,53395000
20221115,116.26782989501953,117.91631070591497,113.61635322887716,115.2648340397726,50670500
20221116,112.44454193115234,115.27477034611428,111.87849624815995,113.70572877695277,33287800
20221117,110.67688751220703,111.55078795269303,109.03833933923725,109.64410848040296,35093800
20221118,111.27273559570312,113.52698574641832,109.85265490381686,113.01059621140104,33357700
20221121,109.09790802001953,111.59049841385867,108.43255759035378,110.74638875445035,24351100
20221122,110.66695404052734,110.84570570118566,107.56859444793977,109.09791252768984,29029000
20221123,111.46141052246094,111.88842799797938,109.96189055795254,110.94502099638954,21343100
20221125,110.63717651367188,111.94801965552458,110.24987488914009,110.52793895381156,12007600
20221128,108.0254135131836,111.26280166148337,107.62818671851666,110.01153991004735,23309400
20221129,108.70069885253906,110.17043574773703,107.78708251100926,108.78014572827324,23899200
20221130,117.28075408935547,117.34034302913078,108.62124238709019,108.75034544287803,43348600
20221201,119.60453033447266,120.35925288681662,117.57868056332005,118.37312655154591,36551400
20221202,122.63336181640625,123.17954955964963,116.7941534340937,117.01262853139106,39950500
20221205,121.58072662353516,123.80518604715203,120.50821656025758,120.90544335144975,35474900
20221206,113.32836151123047,119.71375742399132,112.9509926915763,119.0781976583812,43689200
20221207,113.13966369628906,115.07613344387045,112.09694455437962,112.97084481090384,29461100
20221208,114.52998352050781,116.52603514705208,113.79511127918661,115.58262811419611,30619400
20221209,115.09602355957031,116.7246465613268,113.08010652547362,114.50018716954466,26033400
20221212,113.91426086425781,114.91725666007584,112.3551521882887,114.38100170715738,24747100
20221213,119.31653594970703,122.44468630785089,117.81700850997686,121.28279669381777,44701100
20221214,120.74653625488281,123.27885013935314,118.56180050957236,118.56180050957236,36922000
20221215,115.34429931640625,117.8070919616301,113.21914454332139,117.50917752912008,34531000
20221216,118.60154724121094,122.45463002084045,117.99577803731817,119.39600089183239,67064000
20221219,113.68587493896484,116.98284435751376,113.53691394829686,116.01957187119426,29769900
20221220,116.27775573730469,116.51609633840275,111.67987627248904,112.4743297898754,28742500
20221221,118.92924499511719,119.50521586414342,114.81796415920795,115.8904666033582,20392800
20221222,116.30756378173828,117.7971585698301,113.58656518043153,116.38700307898532,23618100
20221223,117.22117614746094,117.3602043835439,114.7385182510215,115.22511707731186,17796600
20221227,116.0692138671875,117.77728363300687,115.24497724188932,117.11193316595197,21392300
20221228,114.81796264648438,117.33041117127519,114.70872509527865,115.44358969536862,19612500
20221229,119.42577362060547,120.19042889376358,114.96691473106002,115.59254934920521,22366200
20221230,119.50521087646484,119.58465774352183,116.92324830887503,117.34034057268906,19583800
20230103,123.87470245361328,125.4934003317137,121.43176787093023,121.96802291246617,35528500
20230104,126.48645782470703,128.15480424194706,124.97699757381477,126.4963830012802,32397100
20230105,126.05941772460938,127.62845905906583,123.6760650456135,125.25503155486082,25447100
20230106,129.1180877685547,129.4259349510134,125.1656927072315,128.07536832739842,27584500
20230109,128.57186889648438,132.027723922536,128.38318450043766,130.25014780497702,26649100
20230110,132.06748962402344,132.51436506456827,126.26799619221563,126.38715893557614,28684400
20230111,131.96815490722656,132.9215021516353,129.4358409686768,130.05155039539636,25423000
20230112,135.76165771484375,136.72491494315477,130.84598344132982,132.5143372630711,30757700
20230113,136.02976989746094,136.43692937733704,133.9046156148341,134.03371865795077,22423800
20230117,134.4210205078125,135.8013775971984,133.31871987147267,135.23532436232162,21147600
20230118,132.0972442626953,136.29789650223645,131.87876919085735,134.86788336036574,20215500
20230119,135.20555114746094,136.49653636219355,131.22337309604464,131.57095128372185,28625200
20230120,138.4031982421875,138.9692514778715,133.67622338072326,134.9473429258723,28688600
20230123,142.2761688232422,142.76276009307352,137.69814686781393,138.3237663794459,27470100
20230124,142.14707946777344,143.99417780294968,140.3794280145658,140.7071407203326,21970200
20230125,140.5184326171875,142.17684622265583,139.33668507035335,140.2403761535725,26622000
20230126,146.27818298339844,146.48671772782797,142.30593098196434,143.39829119059542,25482100
20230127,150.6874237060547,152.12736239461694,146.36759248742518,147.21170231500102,35771900
20230130,146.0398712158203,150.07170536811816,145.9306336581153,148.3735757881808,28040100
20230131,147.93663024902344,148.8403214229752,146.4966915993854,146.92370151390233,29842100
20230201,152.0578155517578,152.51463124063147,146.03985564845766,147.00312805837234,55661000
20230202,187.46051025390625,195.7923083733965,178.91023705810056,182.10790119005645,150475700
20230203,185.23606872558594,195.40504086784406,181.6213194546132,182.1972979017333,76809700
20230206,184.7693328857422,189.37714543580742,184.2330854357221,185.23607379267708,42483800
20230207,190.29075622558594,192.43577626935254,183.12083906011983,184.2926614583213,47080700
20230208,182.15756225585938,189.50623849321948,181.65110551574864,188.68199427880654,36139100
20230209,176.68577575683594,185.35521192673428,176.04029083653768,184.8388300516715,37118800
20230210,172.9419403076172,177.64906506091359,172.14750191549953,175.12669134476383,33433600
20230213,178.18531799316406,179.74443444936884,174.60037448273806,176.98372003856966,31463200
20230214,178.23495483398438,180.25087164562885,174.65993688832626,175.93105640050777,24034600
20230215,175.93106079101562,176.9539145622357,174.11375351662087,175.1961886488145,25308900
20230216,171.24380493164062,174.63015376986252,170.59830481905945,171.55165207094436,25827500
20230217,171.68077087402344,171.97867771168566,168.5228220183266,169.03921912517762,24171300
20230221,170.8863067626953,176.9340576419765,170.68769716550068,173.10083331965035,34592600
20230222,169.93295288085938,171.5615757592957,168.51287992078773,169.88331184819478,22433200
20230223,170.84657287597656,172.48513611937082,168.20503648715976,170.8068570183825,20017800
20230224,169.20803833007812,169.53575100498932,166.49698003228437,167.4701777271182,19791300
20230227,168.36392211914062,171.91909006380854,167.88725604335212,170.68770143860985,19277000
20230228,173.72647094726562,176.31836639072463,170.67775978472054,170.70755046716732,46051100
20230301,172.21701049804688,176.61628815362087,171.84958197968862,173.37889257088403,30998400
20230302,173.3192901611328,173.7959561747655,170.24078869368054,171.18421069860065,17352000
20230303,183.96493530273438,185.32542687141702,175.82182108915276,177.67884419711405,45877700
20230306,183.6173858642578,188.3443765549212,183.35919487853496,186.6958879501446,33209400
20230307,183.23008728027344,189.03951311545543,182.7335556756576,187.6889465447827,36701500
20230308,183.6868896484375,183.97487129085047,180.08206561247465,181.6014509997279,19432400
20230309,180.4296417236328,187.6194090554493,179.04928458509838,185.05731952586282,26582800
20230310,178.2647705078125,183.48829266497177,177.5597041177782,179.75436531559095,25665000
20230313,179.64512634277344,182.50515320013594,173.6073154373622,176.7255332709814,24728000
20230314,192.6741180419922,192.97204001980109,185.26586022047786,186.27878888385163,41642600
20230315,196.37823486328125,196.4080255450834,189.51616496662461,191.61152878670697,42123600
20230316,203.50843811035156,204.33268240012669,194.7297628948034,196.88470826077068,50447100
20230317,194.25308227539062,200.49944278615354,194.07432302987556,199.16874180941005,50141100
20230320,196.43780517578125,197.97705597837466,192.29673395590015,197.10315562016626,25186300
20230321,200.75765991210938,202.1380171523649,196.57685717774208,201.79043897159778,31827000
20230322,198.42391967773438,205.9314736873398,198.28489146099867,201.09526162702787,28477800
20230323,202.86293029785156,206.43796354444146,200.74770103087417,201.4329169992156,27389700
20230324,204.58091735839844,206.14003364990157,202.13799069467774,203.7566731929015,27716400
20230327,201.4329071044922,204.43196178331618,199.96317802106324,203.38924254153588,18527200
20230328,199.2879180908203,199.63549627616237,196.52720357397172,198.7615958007483,19127300
20230329,203.92552185058594,204.29295036342754,201.13500169884674,202.14793034442258,18851100
20230330,206.39825439453125,206.64652019759038,201.41308797922224,201.96920095360397,22608300
20230331,210.4698028564453,210.69820313423787,205.33566827660388,205.80240916140227,25440300
20230403,211.5919647216797,212.00904941071065,206.75573705825332,207.39129684433962,17924600
20230404,213.2305450439453,214.7400054465318,211.06565925107148,211.9097690858,21026400
20230405,210.0129852294922,213.69725608698042,208.48367468576205,212.66446195233036,19396600
20230406,214.6009521484375,215.43512155529157,207.2026195802258,207.79846352965933,26104400
20230410,213.2602996826172,214.16399073590577,209.19867526017546,213.22058382610507,16106100
20230411,212.36656188964844,214.52150711898213,211.92961167670683,213.98524452930243,16710100
20230412,212.5155029296875,215.3357984907403,211.1053551491611,213.34967229513575,18972200
20230413,218.8214874267578,219.61592588344854,214.19380916711722,214.23352502877484,23310400
20230414,219.95358276367188,220.56927712431687,216.04091116860224,216.36862385657403,21591200
20230417,217.341796875,219.4470858581435,215.62380190579213,218.26533831094628,15481900
20230418,216.37852478027344,218.91083879225266,214.71018599535682,218.38451654561058,12281000
20230419,214.20372009277344,215.82241788882212,211.45293090302494,211.98919349384875,15898100
20230420,211.5919647216797,215.24642970344084,211.294042757246,211.9991090817005,16475400
20230421,211.4132080078125,211.92960507547147,208.12617148957972,208.75180610707153,17717200
20230424,211.3138885498047,212.43605469201742,209.24833065429874,212.19771409502508,15750900
20230425,206.11024475097656,209.79450028259174,205.6931600768092,209.3575652569926,19198200
20230426,207.94740295410156,212.6247367296185,207.43102106246127,211.02590456421436,41992700
20230427,236.90512084960938,240.01341307215787,235.12754464190036,238.22589653598078,71196500
20230428,238.65292358398438,238.76214597455458,234.1146180934489,237.35199823747706,39554000
20230501,241.49307250976562,242.30739150873902,234.81970255318063,236.9647072896465,29143900
20230502,237.58041381835938,243.22100477059425,237.33214805138553,241.49306957739785,24350100
20230503,235.38575744628906,240.07301673078624,231.13544837265977,237.80883395896282,34463900
20230504,231.90011596679688,236.54764433430736,231.3141971795904,234.4224897541913,17889400
20230505,231.1652374267578,233.0520513390073,228.25556968851794,230.62898999634135,27000500
20230508,231.65184020996094,233.98552946998953,228.67265082469316,229.81466736120282,16400500
20230509,231.7511444091797,234.24374263445586,229.4770364439114,229.8544052930158,16865600
20230510,231.463134765625,235.1076742975232,229.1195053893188,234.53169591700546,19119000
20230511,234.15432739257812,236.55755328251024,230.68854708295714,231.43334436250635,20449000
20230512,232.18809509277344,235.31625313958426,229.84446542827206,235.0977780320759,16161400
20230515,237.20309448242188,238.59337700630212,233.69758233376243,235.27654930437137,20653200
20230516,237.16336059570312,237.97766453982413,233.88624900652016,234.15436516028703,18163800
20230517,240.80787658691406,242.1485026802214,236.4880460405073,236.79589317705327,21193100
20230518,245.1376495361328,245.37597499901185,239.51690835813355,239.6261459129336,22943300
20230519,243.93603515625,246.9648808389927,241.72150854192458,245.75334256589562,21733600
20230522,246.59744262695312,251.8110240364493,243.4196285026219,243.70762529469803,27738500
20230523,245.0283966064453,249.8646090911643,244.93900941053306,245.09790314444322,17748100
20230524,247.4812774658203,247.85863116367986,243.2508186944588,243.57853135653195,17724300
20230525,250.9371337890625,253.8468015914283,247.44154720264257,251.64220015112937,22371400
20230526,260.2222900390625,260.49040619358874,250.95700854244143,251.1754685062599,25727200
20230530,260.69891357421875,266.7863952138384,259.4774653594547,263.4099867418485,23816500
20230531,262.8836669921875,263.16172345001263,256.6571722191666,258.19640791321996,25473700
20230601,270.71893310546875,272.0993054426767,264.04557777366057,264.0554877972459,25609500
20230602,270.71893310546875,273.4399467678956,269.2392786971118,270.76860444692574,19416900
20230605,269.50738525390625,273.6583813688135,267.690062971461,268.4249199021339,20742900
20230606,269.23931884765625,274.6515259912063,267.81924559257203,268.26613620291545,19419000
20230607,261.77142333984375,272.34753865202845,260.9769547245147,269.7854493440546,26163600
20230608,262.7446594238281,265.79337085238586,257.0842171238647,258.81213746831133,20899400
20230609,263.112060546875,266.0912496213176,259.88460571622886,260.6591936633488,16949800
20230612,269.16973876953125,269.8648950557806,263.48941667516516,265.31667943229814,15442500
20230613,269.4378967285156,273.8073684559375,267.22335503008594,272.9731990602745,16164000
20230614,271.4537658691406,273.0823733626368,266.4586603982439,270.0039024348313,19175100
20230615,279.87493896484375,282.0199587352708,269.53717954510836,270.41104955005704,25973500
20230616,279.05072021484375,285.85320824566975,278.1867602004858,282.7747066945792,43127700
20230620,282.35760498046875,282.824345828367,274.30387815446664,276.79647611939964,20701600
20230621,279.6863098144531,282.0299242153351,276.4290337087428,281.5631833397857,20556200
20230622,282.90380859375,283.28117740443963,275.8629951546668,277.1440246782654,17563100
20230623,286.72711181640625,287.66059352897247,277.01495618015497,279.5571952211371,51092000
20230626,276.5382995605469,287.7797818126023,275.674339459716,286.69734660419147,24232700
20230627,285.0587463378906,287.3428096162056,278.7031486570512,280.0537302112872,26108300
20230628,283.3110046386719,287.5414332003297,282.08952601055387,282.8442637293146,16722100
20230629,279.5770568847656,284.5821034580367,278.7428875068673,282.5264555414938,15395700
20230630,284.9892578125,287.0448753859543,282.4470187146689,282.7846565301439,19694900
20230703,284.035888671875,287.392446700968,282.8740218500381,284.71119459265833,8629300
20230705,292.3280029296875,296.051989848089,284.37355717409923,285.65461715967666,33865500
20230706,289.9645080566406,296.0519901953358,289.28923236805707,293.8374787010274,47600500
20230707,288.5146484375,294.14533008005697,286.6576251143249,290.15319664583785,25586000
20230710,292.05987548828125,296.06191872960335,285.0587621688762,293.4997988575209,37058300
20230711,296.2208557128906,298.0977295621286,289.8751667761021,291.8612933457306,27585900
20230712,307.19415283203125,307.30340553817604,298.01825897469564,299.6568071198081,36677100
20230713,311.23590087890625,314.0462560366947,308.13754894473334,311.4444356382771,30281000
20230714,306.7274169921875,312.69573635195104,305.227881905047,309.6271747881225,23054100
20230717,308.46527099609375,309.54770619356174,302.59626413923417,305.4066498267778,25323100
20230718,309.8853454589844,312.02045548737846,305.4860829548435,308.72347853869013,20731900
20230719,313.8179016113281,316.4693633002309,308.3659642076415,310.85856245874305,21763700
20230720,300.42144775390625,313.35114912707894,300.12354093668733,311.32529185234506,23836900
20230721,292.2187194824219,303.34100657173906,289.17994921627593,302.4571962867923,42139300
20230724,289.587158203125,295.456165615258,286.300121288059,293.72824526758416,24915700
20230725,292.42730712890625,296.23072566058914,289.83539654714053,293.1423138094745,19585600
20230726,296.4989013671875,299.67668557873986,289.8751561653458,299.1007222292205,47256900
20230727,309.5477294921875,323.09312643296056,307.6907061097006,322.86471098100867,64229200
20230728,323.2221984863281,323.93720515221605,312.0700886254892,314.68184950652267,39220300
20230731,316.38995361328125,323.40097764743524,315.3869500452548,321.4446418568017,25799600
20230801,320.4714050292969,321.89150838566957,312.47725868492967,315.33728544494596,22817900
20230802,312.129638671875,316.181352807346,308.49502434377376,315.7940436786542,20461100
20230803,311.0174865722656,313.7583508831569,307.7800906285831,307.7800906285831,15180200
20230804,308.5744934082031,316.2012103828058,308.0481712022811,312.77513072716664,17612800
20230807,314.36407470703125,314.87054662167225,308.30638330815515,311.0571876851378,16236500
20230808,310.4712829589844,315.68486458374076,307.9588040537876,312.21905352423573,15183500
20230809,303.0928039550781,311.45440924520847,300.749189402724,310.70961186199514,19955800
20230810,303.6191711425781,310.17339514562474,301.76214757465726,305.8039225788895,14358900
20230811,299.5475769042969,302.60619800831466,298.2764270049962,300.4711183412435,14046300
20230814,304.0660400390625,304.0858903940154,296.1811153811423,298.8921889735428,15641900
20230815,299.8554382324219,305.09881059151013,297.9487435991702,304.0163753659542,11623600
20230816,292.2485656738281,298.99144270611146,292.2386253443514,298.1175725827558,18547700
20230817,283.11236572265625,293.9963292043832,282.9733526427155,291.0171397972553,23950100
20230818,281.28515625,283.7082329242501,272.4766903630633,277.0944282615069,35347900
20230821,287.88897705078125,288.48482095213376,279.8948314840981,281.48373845241144,20181500
20230822,285.6049499511719,290.8681721911875,284.7608402658425,290.5205940494777,12980200
20230823,292.1988830566406,295.3369661560445,285.6744813834375,286.4987104393685,18287000
20230824,284.7608337402344,297.3826568041552,284.65161134996356,296.42932474789876,18360900
20230825,283.51953125,286.3894983198096,274.1152219434127,284.145165887689,23701400
20230828,288.2465515136719,289.4282992174123,283.817467554323,286.00221884843614,14239300
20230829,295.9228515625,297.0748083488483,286.18090536800884,286.5781245308477,20844500
20230830,293.05291748046875,296.22079109242657,291.3944888220246,295.1085653050081,17717000
20230831,293.8375244140625,299.0113758980252,293.60910893714623,293.7481220448303,17229900
20230901,294.32403564453125,299.6468391187103,292.4272815563122,297.2932845068725,12842300
20230905,298.0679016113281,299.2993205385484,293.4601043049184,294.9596090695169,14956000
20230906,297.0946960449219,301.1960211231086,293.6090349237248,299.61705445694486,15418100
20230907,296.5981750488281,304.92001852805595,290.1929058097352,295.93280942459444,33748700
20230908,295.8235778808594,303.13250766294516,294.72126209393633,297.144338453534,17548000
20230911,305.42657470703125,306.89631943869733,299.1901378116266,299.31924090165063,19489300
20230912,299.5674743652344,306.51891736430514,298.1474011402655,304.20506293760377,13480400
20230913,302.9438781738281,305.0491674534788,299.22983124862884,300.2625952273231,13210900
20230914,309.5576171875,310.69963364131047,302.91402291497843,304.61215225596413,19343100
20230915,298.226806640625,309.83571785258516,296.67763047583276,309.44840865844526,28131100
20230918,300.45123291015625,301.49396736300946,295.7341831203548,296.1214922814983,14234200
20230919,302.9537658691406,304.0461413355526,297.7302442880401,300.3817360880637,15924400
20230920,297.59130859375,305.9230943737955,297.3529527808131,302.9339639807129,19379500
20230921,293.6785583496094,298.1771329325282,291.2356013293581,293.64876766916143,21319600
20230922,297.0053405761719,303.2616571736316,296.2009617759947,297.22381570127465,25369600
20230925,298.7431945800781,298.8623876231984,291.66267929164457,293.5892243593173,18987000
20230926,296.8861389160156,298.21683984687155,293.9566209246884,295.5951689952112,19417200
20230927,295.67462158203125,299.20992407915827,284.80059794210763,298.3658446206744,36429800
20230928,301.8514404296875,304.2049950422856,294.6418231934781,296.8662747588232,22167100
20230929,298.12750244140625,308.48517491583306,297.2833926385552,305.2477791028233,25373700
20231002,304.6916198730469,305.04910803314016,299.5376200905421,300.6399055567097,16265600
20231003,298.8524475097656,304.64199274116066,297.5614774475946,302.14942466981034,17362300
20231004,303.4602355957031,304.77108627702137,296.42936156061296,296.65777700392675,16880500
20231005,302.6756896972656,304.0858222299616,297.42237777774886,302.5167959756038,19130000
20231006,313.24188232421875,314.11578268990155,298.82261720809345,299.3489394320778,21803900
20231009,316.1515808105469,318.1079164958756,309.6569694053864,310.33224509730616,22503700
20231010,319.6074523925781,322.40789785267475,315.9529871386854,316.9063193123349,19038000
20231011,325.5459899902344,326.5589035580953,320.70977698843177,320.76935835678336,22036300
20231012,321.9113464355469,328.24709402590145,320.45154242865993,325.72470520119657,20530500
20231013,312.5070495605469,322.7951693946369,310.20313574623543,321.28572429519977,21341000
20231016,318.9222412109375,319.5876068907617,313.3312905356159,316.42967318231075,16536100
20231017,321.7524719238281,322.1496911366315,315.0989364623092,315.9728369140066,16387800
20231018,314.771240234375,323.67901825207645,313.3710175011576,319.1605928644108,16851000
20231019,310.64007568359375,319.65710588726887,309.5874311888656,317.6610392954345,18709200
20231020,306.50897216796875,313.11283685107736,304.3441015131794,311.9609101272688,22312300
20231023,311.8317565917969,315.1584937626349,305.12858060525525,307.35303227179605,17796800
20231024,310.3818664550781,316.14165074242743,308.47520223338284,314.58253436849895,19525500
20231025,297.45220947265625,308.723482489642,296.76699346232584,307.84958205293754,42192500
20231026,286.3497619628906,292.95362577078447,277.46183475359373,292.95362577078447,66684100
20231027,294.6716003417969,297.2336895945246,290.93767369496186,292.43720855053454,29596300
20231030,300.5605163574219,307.25375273017136,296.97554239139123,297.0152734056479,28435100
20231031,299.18011474609375,301.5734004979503,294.8007027575976,301.20597199311294,19434200
20231101,309.6867370605469,310.57054746980504,299.7561059558693,299.7561059558693,20434600
20231102,308.71356201171875,316.60842682665236,306.1911729173726,315.0989513185942,21631800
20231103,312.4176940917969,313.3610859643028,308.8625108040693,310.3818963136612,16764300
20231106,313.60931396484375,316.1217623884559,312.2687030283649,313.78808835480413,12887700
20231107,316.6084289550781,318.7732995414801,312.9340828504703,314.86062795752827,14055600
20231108,317.5617370605469,319.1009728408857,312.69573362289094,315.9331292322415,13609700
20231109,318.3263854980469,321.9312096368401,316.588524958862,317.2042495782576,16103100
20231110,326.4893798828125,326.81710771264596,317.2439638436698,317.72064509348024,19096200
20231113,326.90643310546875,330.02463537350303,323.44065270317503,323.9371842361514,16908900
20231114,333.97705078125,335.75464222677965,331.0177118150149,332.2193399936058,17179400
20231115,330.40203857421875,336.05257043204165,327.73069622431444,335.58582953023244,14531200
20231116,331.8717956542969,332.25907454606346,324.1159744301697,327.0852237219549,18932600
20231117,332.71588134765625,333.17268190426256,327.06534968314025,327.96904077299916,14494400
20231120,337.6116638183594,339.4984776499727,331.87176030410876,332.5669165974887,16960500
20231121,334.6424560546875,337.542183696788,333.5699308017252,335.9830671620636,12027900
20231122,339.12109375,340.5411969544513,336.2312766164619,336.856911191521,10702700
20231124,335.8837890625,339.48858315052064,334.4338949183931,337.7706031488248,5467500
20231127,332.37823486328125,337.5421448490172,331.8817033085443,333.84794886953887,15684500
20231128,336.6384582519531,337.02576741661284,331.0872390330007,331.0872390330007,12637200
20231129,329.89556884765625,337.5421364160391,328.4854059328464,337.3336016539062,16024500
20231130,324.880615234375,331.18657252656726,320.1635651009382,329.5877553439527,23146400
20231201,322.5667724609375,324.59259942151226,318.5349385863459,323.22219776202286,15276400
20231204,317.800048828125,318.6342182124183,311.4841819302408,315.08900590564207,19037100
20231205,316.08209228515625,319.64718551244295,313.20221508572604,316.76730831301273,16952100
20231206,315.2479248046875,320.01461603995,314.8407652561851,319.69682854269684,11294300
20231207,324.3244934082031,325.96304155910934,315.56566907383996,315.56566907383996,15905100
20231208,330.4417724609375,330.8588723302626,320.7594064759814,320.8487785252904,14087400
20231211,323.0235595703125,327.60159615821783,317.7801876857331,327.11497463782547,25802500
20231212,331.90155029296875,332.1498160678182,322.3085571160803,322.3482881257028,18485500
20231213,332.4179382324219,336.02276219765315,330.3325299305127,331.61355953176974,16353300
20231214,330.8589172363281,332.37830289256715,326.36034164190374,331.5341930155705,19607300
20231215,332.59674072265625,336.31078739773227,328.9223947553969,329.6870425102997,31776900
20231218,342.2294006347656,345.1490085729094,334.682115014434,335.138945860617,18993900
20231219,347.92962646484375,351.1471720097045,342.72598472163463,343.18278533196053,17729400
20231220,346.85711669921875,352.4977084573488,345.3774622145316,346.23148202811683,16369900
20231221,351.6336975097656,353.9376110969947,346.7875448972767,350.5314120529939,15289600
20231222,350.9385986328125,354.72216678296945,348.7836382780297,353.1133790344546,11772800
20231226,352.3685607910156,354.5036706665009,350.99815919191883,352.5274545211747,9898600
20231227,355.3477783203125,356.50967555573715,352.84527005939833,353.6000077612428,13207900
20231228,355.8343811035156,359.38953370527474,355.32790921917086,357.2048130452383,11798800
20231229,351.5046081542969,357.5027177940436,349.37946886869037,356.4997143601284,14987100
20240102,343.88787841796875,350.7102180387925,337.65144247298053,348.8829853109618,19042200
20240103,342.0804443359375,345.5363148044209,340.79938446227584,342.5869162104764,15451100
20240104,344.7120666503906,345.7349204555681,341.01787061798507,342.1102461152332,12099900
20240105,349.5085754394531,351.04781114531914,343.8580438907482,344.5829605689194,13920700
20240108,356.1719970703125,356.4897845196527,349.6078345522185,352.23947587883526,13890200
20240109,354.95050048828125,358.13825453556467,352.89485280677195,353.9276468114624,13463900
20240110,367.9001159667969,370.35298322336445,356.58911184712105,357.671577377967,22117200
20240111,367.1056823730469,370.1940943436833,360.41241587190035,369.54860933207885,17205400
20240112,371.89215087890625,374.4443300465793,366.9765072427444,367.59220145000734,19310000
20240116,364.9109802246094,373.00443891602794,364.6825950936139,371.05804360841296,15306900
20240117,365.814697265625,365.9835313493509,356.1223904408364,363.7590491056661,12724800
20240118,373.52081298828125,374.23581960253256,368.37675361940967,368.91298585068853,16354300
20240119,380.7900390625,381.69369976981744,375.3480426324147,376.37089636280143,21670800
20240122,379.13165283203125,387.64221140503804,378.51595852044164,385.2588658770631,17680500
20240123,382.5279541015625,385.6858877821844,379.42957148217187,381.9519604782741,15506100
20240124,387.9897766113281,393.4019524806912,385.1198096217787,387.29462029869575,15698500
20240125,390.4525451660156,392.7465185188865,382.9847215109349,387.4634458217214,15091100
20240126,391.40594482421875,394.0375562472737,388.8736154766164,391.6144796109066,13163700
20240129,398.2381896972656,400.1349440276031,390.37314620072715,392.2500198714916,18742400
20240130,397.2848205566406,403.54110595161325,396.79822933650826,400.7903320803033,18614700
20240131,387.4336853027344,395.23914738517544,384.41476473655706,386.30157872571164,20180800
20240201,392.0414733886719,397.7217958803975,390.32346321045657,391.20730397034777,29727100
20240202,471.695068359375,482.5889726143862,449.86755914254087,456.41184183690996,84707600
20240205,456.2231750488281,468.6265249011017,456.0344906135864,466.62054811775994,40832400
20240206,451.565673828125,463.879650746446,449.8576040090562,460.7812985876426,21655200
20240207,466.3324890136719,468.24909348841373,453.0155094480888,454.82289153063925,23066000
20240208,466.7396545410156,467.32555813022316,461.8041297477829,465.07131581521656,18815100
20240209,464.8627624511719,470.30475925765757,464.227217813574,469.6692146200597,18413100
20240212,465.6473083496094,475.82620571090297,463.34339455149507,464.9422419936449,19382000
20240213,456.9281921386719,464.64431187911475,451.93308592056786,453.7007370395461,20916600
20240214,469.99688720703125,470.82111621817603,462.85676132977494,464.6839937366196,16858400
20240215,480.67236328125,485.23051957889754,468.94428970905085,471.9830605741492,24212300
20240216,470.03668212890625,475.63754283013776,465.9551766088898,474.79343304710864,23324600
20240220,468.4775085449219,472.87677072112166,463.3235087291464,466.46159170236916,18015500
20240221,465.2765197753906,466.2408143576262,459.0732401837944,463.75552217021885,12921800
20240222,483.27001953125,487.1072959336593,473.2592557697575,477.41465683896786,21625800
20240223,481.18231201171875,491.4515243217583,479.512203212814,485.17865028153403,18374300
20240226,478.90576171875,483.279899399478,477.77248447458584,480.62559450403774,12101400
20240227,484.1846008300781,484.40330775112943,477.09657315636196,477.1562177404633,10809600
20240228,481.17242431640625,488.16106452209016,479.90990684515685,482.1466697460405,12715500
20240229,487.2464599609375,488.8072305793803,479.77068239389234,485.5664001835374,17732000
20240301,499.3448791503906,501.2834191335195,488.95637632208775,489.2148260719434,16273600
20240304,495.259033203125,501.4523915660251,493.49945745211545,500.04073241207027,12324100
20240305,487.3359069824219,492.6643581190784,485.0196283389058,492.0877837615881,15325300
20240306,493.17138671875,500.0109149772021,491.3819886609617,494.7023350451915,11757900
20240307,509.1766662597656,516.7915739517953,498.430266500058,500.3190822784107,18586400
20240308,502.973388671875,520.4897211921858,496.41221196459594,511.1649010956574,18597100
20240311,480.7449035644531,494.3941371250027,473.1995612597205,494.0859633671915,20428300
20240312,496.8099060058594,499.3548427671604,481.87828153344043,490.3580972248313,15448200
20240313,492.65447998046875,498.032655619547,488.1411811210766,492.47554623392085,12090700
20240314,488.93646240234375,498.40047394838774,485.2880706609728,497.3168902547745,12620000
20240315,481.2519836425781,488.93648764423443,478.4684381990813,486.1331011230377,29153600
20240318,494.05615234375,494.4935661399137,483.94597166783353,489.01597315025106,11755300
20240319,493.32049560546875,493.7082157075301,478.4485172399462,485.29799633874035,10903100
20240320,502.5459289550781,505.2101851162554,492.25684403551685,496.56135656046746,11711100
20240321,504.772705078125,512.009843099386,503.0330008538903,511.6818282752994,9712500
20240322,506.58197021484375,506.9696902867153,501.3728084604902,504.0171624999693,8120600
20240325,500.0606384277344,504.23594126166455,497.2969948454398,502.81436147156455,8380600
20240326,492.9725646972656,506.99953733459927,492.296542257246,502.15819366550943,11205400
20240327,490.95452880859375,496.9490824876934,485.19861413937207,496.3625268537015,9989700
20240328,482.7232360839844,489.99025800905156,482.2957731289916,489.9405339648192,15212800
20240401,488.45928955078125,494.5035062693651,478.9455846143477,484.3337109507277,9247000
20240402,494.4438171386719,494.6028794508865,481.7986515289307,482.2460161781615,11081000
20240403,503.75872802734375,504.2557864179736,495.8157446532508,495.99467839274877,12099200
20240404,507.9141540527344,526.8818886970938,507.5761276530795,513.3817659558945,26476300
20240405,524.2376098632812,527.5778279392391,511.3836255123389,513.8192239462539,19263300
20240408,516.1951293945312,528.363108870354,515.8372619219651,526.1661496559301,13260600
20240409,513.8590087890625,522.7762075444691,503.7587479141373,519.1576077555757,10863800
20240410,516.7717895507812,519.4857091896904,502.82430073937064,506.29378924573456,11418500
20240411,520.0820922851562,520.7779861454409,514.2466318161514,518.0441650826642,10369500
20240412,508.88836669921875,517.1296031880806,506.33347932820783,514.7039558507993,11984500
20240415,497.28704833984375,515.4794036371065,494.354391700334,513.6799940142547,13512900
20240416,496.8198547363281,501.80035960588333,494.18542077059385,495.1795376367459,9847900
20240417,491.2627258300781,500.1998263981414,484.27408574861244,500.1401818155544,12193700
20240418,498.8477783203125,509.19656777647754,496.10403669099543,496.87944655072096,14808700
20240419,478.2397766113281,499.8419152749836,472.93119653596085,499.8419152749836,25215400
20240422,478.89593505859375,489.11545536153847,470.614924466941,486.8389192139003,17271100
20240423,493.18133544921875,495.8256896968282,486.0932780281285,488.35986304921715,15079200
20240424,490.5966796875,506.99960818769,481.72914377987206,505.071019015776,37772700
20240425,438.78326416015625,443.1474209983465,412.06140056723507,418.92080020267707,82890700
20240426,440.6820373535156,443.8134991532309,429.4186772096866,438.8627866508182,32691400
20240429,430.07476806640625,437.17277596843513,426.03865663357846,436.9739404903706,21502600
20240430,427.63922119140625,437.0336063968029,427.1918565129434,428.51401845869754,18429500
20240501,436.6061706542969,447.31279793430986,424.59722242297005,426.0784771215956,20344900
20240502,439.0815124511719,441.3480976010575,429.7368203538555,436.2582243057381,15221300
20240503,449.301025390625,451.4980453862521,441.2387526159293,443.3065022340071,16489100
20240506,462.9403076171875,463.41749460646207,450.67290985368646,452.89972179422654,15094600
20240507,465.4852600097656,468.7559129119254,458.59603758146096,463.5467503722718,13406800
20240508,469.819580078125,472.78202856392227,460.2760532519462,460.7731116247885,11683900
20240509,472.6230163574219,473.2791067395544,464.8788380898599,467.2348900216278,9437700
20240510,473.3984069824219,474.69074661810515,466.83723038564307,474.2831551113348,10750000
20240513,465.2566223144531,470.56520248901546,460.12697588623786,469.96872632982064,14668800
20240514,469.07403564453125,469.75997868916056,457.3732610557371,460.64391394438604,10478600
20240515,478.70703125,479.6613749209952,468.4278667730867,472.185627211796,13100500
20240516,470.4458923339844,474.8796446556367,469.9687053603125,472.2054681039629,16608200
20240517,469.1336975097656,470.0184457515808,465.6642393287146,468.0600342968643,10807300
20240520,466.0816955566406,470.41606038220124,464.292297533688,467.18518092995544,11745100
20240521,461.896484375,467.93078051111434,459.55035299827114,464.37182544918653,11742200
20240522,465.0279541015625,470.9330103029686,462.9104804698009,465.1174209727308,10078600
20240523,463.03973388671875,471.5692429029614,458.824688253689,470.097969417188,11747900
20240524,475.40655517578125,477.026970474764,463.55666912571417,464.8689106321585,12024300
20240528,477.0965576171875,478.0309995170203,472.0464271821376,473.7761807408165,10175800
20240529,471.5692138671875,477.02693553440264,470.91312350005967,471.86746709937256,9226200
20240530,464.30224609375,468.95473584268626,461.9760163883006,468.8950912608571,10719600
20240531,464.08355712890625,466.3600932168862,451.7863365116036,463.05961798385624,16919800
20240603,474.6808166503906,476.7784188544019,465.48523633705065,468.08981747441885,11279400
20240604,474.1837463378906,476.07259246304915,470.44588792892165,474.1936972137186,7088700
20240605,492.14739990234375,493.7280417788963,481.06300501658586,481.59983651704835,15690500
20240606,490.8551025390625,499.8617979835521,488.00199228373344,490.07969267755135,10667300
20240607,490.059814453125,495.97482161134235,487.28625039496967,492.99247117957646,9380700
20240610,499.6430969238281,499.70274150325434,490.507161339267,490.9544956849635,11220900
20240611,504.4844665527344,504.6137065941105,495.3385796246827,497.2174749867736,9673700
20240612,505.8464050292969,510.9860023982034,501.50211932861663,510.96610064522395,11983200
20240613,501.1342468261719,506.3632801665325,498.4103463715146,502.73476019016255,9954600
20240614,501.6915283203125,504.6668789222054,498.29822076637157,500.1889118858626,10243300
20240617,504.1494445800781,508.2492673895921,493.5814470509708,499.2137382202111,11266600
20240618,497.04443359375,503.52256965234557,492.59631797913033,502.08961761755796,13060400
20240620,499.2436218261719,501.2039776573373,494.3377366859417,499.54214083877173,11801200
20240621,492.3575134277344,500.9850777253941,489.9792308643631,500.9850777253941,22359200
20240624,496.4672546386719,505.31371188112524,491.86987981067074,496.75584325197343,13525300
20240625,508.10003662109375,508.20948346889764,493.0739622723606,494.61636110697793,12063200
20240626,510.607666015625,511.294290079205,502.20898736583194,504.1693431011828,8882300
20240627,517.01611328125,520.3198650922028,511.3838526564667,511.7321146820941,10121200
20240628,501.7512512207031,519.3247883921233,501.37310690877666,514.6179667414566,15855100
20240701,502.208984375,504.0996755435027,490.75536015325986,502.4776818397667,10328200
20240702,507.00537109375,508.0004748642971,497.0045903470144,498.30817385697856,7739500
20240703,507.463134765625,508.776679094368,503.542423291387,503.89071570148445,6005600
20240705,537.2665405273438,538.221862173053,509.0951808356828,509.0951808356828,21354100
20240708,526.7283325195312,540.1522726002711,524.0714224714271,539.6945030030015,14917500
20240709,527.405029296875,534.8483865011414,525.6038937960874,531.1366686551077,8753200
20240710,532.0720825195312,536.241570100338,525.7730581128677,528.1911531915238,10983300
20240711,510.189697265625,532.8382680001971,505.8808810853549,528.2906366412508,16458300
20240712,496.4273986816406,505.6022563933377,491.81013311235034,495.3228481052496,19750500
20240715,493.73065185546875,504.1991317710119,490.95430404952043,496.18855919136934,12539200
20240716,487.39190673828125,501.4825804227028,483.411491472676,499.0445639252562,14075800
20240717,459.72802734375,476.8239349161113,456.87208409476005,476.8239349161113,28076600
20240718,473.5201416015625,476.8935276372503,462.2655202360778,472.67429731168903,19267200
20240719,474.45556640625,484.3269794518845,473.38083725734424,473.7291296735296,15149400
20240722,485.0136413574219,489.6508292384267,481.5307776602354,484.19764886000803,12023100
20240723,486.29730224609375,492.79532916331743,485.3320502981374,487.4416655984561,9455500
20240724,459.01153564453125,473.9679450896209,458.3249115680211,469.9974905005345,17649700
20240725,451.1900329589844,461.28037004297926,440.4827059887369,460.99181179623156,18240500
20240726,463.41986083984375,467.4699103049838,457.1706100687651,461.9272051107502,14222400
20240729,463.4298095703125,471.63941640526457,462.7431854783001,467.57940602342404,11339600
20240730,460.9221496582031,470.41544878621977,454.4639354603108,464.7134928556887,11390400
20240731,472.5051574707031,474.1669942964398,464.46473155899946,468.71381415352545,24285800
20240801,495.3029479980469,524.5888450886373,489.69057844469546,518.4490717442071,43083100
20240802,485.7499694824219,498.6962488962436,473.8186546145976,486.6057441489951,24044700
20240805,473.4007263183594,481.11278051767437,448.59276631095713,449.14009160406073,21396200
20240806,491.6708679199219,500.0993989210191,476.30646172405056,476.6547541524913,20955000
20240807,486.5261535644531,507.6521873819174,484.47621183859076,500.6665697776355,20105300
20240808,507.134765625,507.4631365242445,492.2977639959644,495.0641514061811,16156800
20240809,515.23486328125,515.8020796798145,503.2239543083287,505.22409209924047,13696600
20240812,513.4237670898438,515.4836390409224,506.6073006588977,514.3292847345034,9767400
20240813,525.9521484375,528.8976775945399,515.6130659607747,517.4639444796859,13743800
20240814,524.1809692382812,531.3855121572074,520.5687370214526,525.474592232972,11444200
20240815,534.6991577148438,537.1272134882921,524.1211991482853,529.186243628135,13482100
20240816,524.837646484375,531.0470846831789,522.0911501880614,529.2957529559742,14776700
20240819,526.6886596679688,529.0569512448724,520.2005623322635,524.2904250821298,9879700
20240820,524.1510009765625,528.4896996697129,523.3051870478047,525.7630642608573,7944400
20240821,532.5397338867188,536.759025104398,524.3500488791344,524.5690033025425,13423300
20240822,529.3255615234375,541.5653262197158,526.0019488156585,534.3707451204748,15708300
20240823,525.414794921875,537.2266719109294,522.4891873843347,534.2911036177962,11323900
20240826,518.5685424804688,525.4148622106036,512.4287683884583,525.0167963537939,9584000
20240827,516.5584106445312,521.4444048101191,512.7869887253286,516.4390030353331,6282700
20240828,514.2498168945312,518.5387122265323,509.94100004912804,515.135413196109,9106100
20240829,515.6826782226562,524.6187519270367,513.1551363566217,516.5086314086758,8317400
20240830,518.7576293945312,520.9766917316866,512.6775589346211,518.7974116868138,9157500
20240903,509.25433349609375,522.9170893173817,506.12969296841686,517.0957563465828,12459100
20240904,510.22955322265625,514.0607395987639,501.60201959752396,503.5922273556098,8335200
20240905,514.329345703125,519.0760103589896,508.6473113953943,509.2145278610141,8640900
20240906,497.8205871582031,522.0115894499307,495.8104883337226,519.324796934376,14744500
20240909,502.3184814453125,508.826438765725,499.6217281440494,503.6817688622659,11047800
20240910,502.3184814453125,511.66249081468396,497.5817773967797,505.67197656424986,9899000
20240911,509.3240051269531,510.607697634201,493.1734886032229,504.52762750902974,10782500
20240912,523.0264892578125,524.1311005430615,512.6973078184791,514.518364626398,11970500
20240913,522.0513305664062,524.9968595658981,514.5780915987693,517.7923180495212,10321400
20240916,531.1752319335938,531.9919419852342,515.3579036757625,522.469676680895,9527600
20240917,534.2032470703125,539.9604028191319,528.4759413037808,535.4781635235854,11690800
20240918,535.8268432617188,542.0521759030291,531.7928398690025,534.9503115622812,10323500
20240919,556.893310546875,559.8516201147253,544.3630052709944,547.8292508952223,15647000
20240920,559.1344604492188,562.2720524644678,554.1044037596297,557.7898128965492,22066800
20240923,562.1822509765625,571.7144855496283,560.1901449624024,567.2521875320701,12830700
20240924,561.1066284179688,565.5091662433006,552.0026881920077,564.4433820957124,12993000
20240925,566.06689453125,574.6030762858749,561.4949843782488,561.8236989002396,16543400
20240926,565.5988159179688,575.12108106941,560.1304333621082,573.4576286297669,14400800
20240927,565.1206665039062,568.5869725969067,562.2819395153491,567.8498422431941,9398400
20240930,570.1806640625,572.4118133775064,562.5708034533277,565.4593818880203,12792300
20241001,574.1947021484375,580.7387783195545,567.8498487564399,575.6987520585425,15259300
20241002,570.5492553710938,573.7266676462524,567.0929798010694,572.5911523592456,6524700
20241003,580.4699096679688,581.0575469776221,566.485284630292,567.8997238653835,11581000
20241004,593.587890625,594.4942722022978,579.1351503249019,581.4260603106362,14169500
20241007,582.4719848632812,600.5702534093805,581.7348544719052,595.8588807132597,12014200
20241008,590.5499267578125,591.2172653007906,583.6571956540708,587.3625447345094,7857400
20241009,588.1792602539062,592.0439507147165,579.3143643342203,591.6455052014218,9529700
20241010,581.525634765625,587.9003374315595,580.2208077791677,585.2508632249344,7740400
20241011,587.6215209960938,588.8765575917819,580.4101064940337,582.5217341395787,8587100
20241014,588.0896606445312,597.731447461574,587.631515121897,591.8746503066451,8252000
20241015,583.9560546875,588.2788909804673,577.850244485156,587.8306549386698,9564200
20241016,574.5134887695312,579.7826489722071,571.7644330744417,579.1053401086986,11268400
20241017,574.6528930664062,582.6611379007146,572.9297407014117,581.0276570619114,8701200
20241018,574.1947021484375,581.6651004084903,572.9795465460454,578.8064328711839,7694300
20241021,572.8899536132812,574.9617613706962,566.8638436822902,573.756575861057,8171900
20241022,579.712890625,581.2269108333847,569.8619106006562,572.0233288655415,8544500
20241023,561.4651489257812,582.6910370930768,560.2798433587277,577.6808610458894,14248400
20241024,565.5390625,566.6346966004356,559.3037603206038,564.8916036624881,7184700
20241025,570.9874267578125,578.9956716161158,569.463436367779,571.6647355552979,11337900
20241028,575.8780517578125,581.4460155123639,571.8540189924909,579.7029225322412,10925100
20241029,590.9384765625,591.3268911100713,573.1290403357294,577.8602930748424,13019100
20241030,589.4641723632812,598.8270951847134,587.0537410474774,598.6079319045934,26864900
20241031,565.3399047851562,587.5718199962945,560.7879342651435,582.6911348906162,26838400
20241101,564.9214477539062,571.405763142559,560.339627825337,565.3696838064145,15303200
20241104,558.4671020507812,566.4454979265795,555.6881355028934,561.8735869795249,12064600
20241105,570.1707153320312,571.2165590136462,564.4334392801001,565.0609576479214,9775400
20241106,569.7921752929688,570.7384379160791,552.9787937592303,560.5288934332871,18305400
20241107,589.3646850585938,592.4524256318628,572.9397776720764,574.6131397370345,14653700
20241108,587.0139770507812,590.7590857439004,582.2129936797714,589.205245296399,9415700
20241111,580.8682250976562,584.6831252027152,574.2345387059856,584.0456366766098,10209100
20241112,582.5117797851562,597.2931737075237,578.0893016004109,586.217068126676,16287700
20241113,577.7107543945312,583.3285080451261,572.899801262269,580.3104381986861,10757600
20241114,574.8820190429688,578.4678469202681,570.7484348770021,574.7226772857438,11053700
20241115,551.89306640625,570.3100767540825,549.3232326292208,568.965368719872,17712900
20241118,552.2118530273438,557.6901449788284,547.9188666753142,554.8413869604221,14327300
20241119,558.87548828125,559.2141123072212,548.4268396780825,549.6818763732618,9522400
20241120,563.2879638671875,564.1146441614266,552.012635573936,560.7081596102355,9797300
20241121,560.8675537109375,567.7502537214924,546.8829296056848,567.272167698836,11154700
20241122,556.9332275390625,561.6047197027932,552.4011974206409,561.325795612175,9164000
20241125,562.879638671875,570.3301583372638,554.1940834953002,559.8815086561405,13599800
20241126,571.2763061523438,575.2206985425693,562.9692568623328,563.7660872296004,10356600
20241127,566.953369140625,572.7105237597915,561.8734624592141,572.62091303625,7200200
20241129,572.0532836914062,576.1769585485704,564.6625859365694,566.7542733482691,7130500
20241202,590.490234375,592.1536261932165,573.2983464509542,575.220721827725,12522400
20241203,611.22802734375,611.7758444062205,588.9164129212908,592.651612157578,14907200
20241204,611.3574829101562,615.3416951929215,602.7116887576115,610.5407120968788,14697000
20241205,606.526611328125,617.453345528134,604.6540266228751,614.6444684702592,8081200
20241206,621.30810546875,627.3043042136323,606.1282648810326,607.6920148593949,16935500
20241209,611.1483764648438,623.9277561947446,603.7775583797533,621.4575028893596,11426000
20241210,616.8756713867188,623.1209443670939,610.3216243479825,615.1226080382442,10938900
20241211,630.1829223632812,635.880378199676,619.0769658169937,620.909669634273,10837200
20241212,628.3003540039062,634.1471812183523,624.7345274454173,629.007573636922,7474700
20241213,617.9015502929688,628.5892419845969,614.455245285517,624.7444306032417,8453300
20241216,622.2777709960938,629.1660843597223,616.6355892593001,627.9997182991576,10885600
20241217,617.4928588867188,630.3822075101276,614.6019503899752,624.2016843799404,12897800
20241218,595.312744140625,625.3878881375024,594.4454838407464,619.0478953096681,17075500
20241219,593.6978759765625,609.5977504710141,593.1296604292414,608.4712976770209,14958100
20241220,583.4102783203125,601.2141211648265,578.1767815903994,588.7235406079465,48989400
20241223,597.9644165039062,599.2005698155671,584.4071908696653,587.746636194458,10205800
20241224,605.8395385742188,606.0787743995681,597.3961932142544,600.8253211686514,4726100
20241226,601.453369140625,604.3941081026211,597.0572585697707,603.576678438532,6081400
20241227,597.924560546875,599.9581261267912,587.9460161502445,597.5257935657311,8084200
20241230,589.3814086914062,595.0635027304218,583.739227850836,586.8992458198082,7025900
20241231,583.6694946289062,592.1028621932754,582.0146786657892,590.4082547146103,6019500
20250102,597.3563232421875,603.0084829766075,585.9722382113614,587.8662291946306,12682300
20250103,602.7293701171875,607.5840565630332,594.5351777814667,602.8589663338769,11436800
20250106,628.218994140625,629.0064888916852,603.7162437232414,609.906744646259,14560800
20250107,615.9476928710938,630.112985152474,606.3180247667793,629.7142790484268,12071500
20250108,608.8002319335938,614.5022833089956,600.895166417742,611.4718611566152,10085800
20250110,613.9240112304688,627.9298324702991,595.4622707729309,608.112381815468,19256600
20250113,606.4177856445312,607.0557276203978,596.5688376806378,605.1916106669787,10785000
20250114,592.3820190429688,603.586677198732,586.6999244030517,603.1680144738151,13598000
20250115,615.1801147460938,620.5033555415417,604.5935029582943,608.2918626953108,15524300
20250116,609.37841796875,614.3128702309481,607.7934500715568,609.5778014543201,8355300
20250117,610.8438110351562,623.0054123386464,601.7723798733631,622.0883213436317,17280600
20250121,614.522216796875,619.5463519549992,607.0956232572347,615.8879054164239,11674000
20250122,621.5401000976562,631.7080497498704,617.482886369199,621.3407166057895,12274000
20250123,634.4493408203125,634.5988327915112,619.197448317166,625.3878883324852,9910200
20250124,645.4546508789062,649.9504837452617,632.2064489650473,634.3995455880619,19065300
20250127,657.8057250976562,661.7831731182577,623.1350240288891,624.6402872001196,28399200
20250128,672.2103271484375,680.434394086623,657.3969918528114,663.9064946462431,20950100
20250129,674.363525390625,678.9091891458575,663.5775294568425,672.8782187611764,21377800
20250130,684.8405151367188,708.5557128184324,673.9747533685537,694.6296546921253,29322900
20250131,687.0136108398438,703.082934049854,683.4249514874042,688.8278971175284,19303900
20250203,695.2676391601562,701.7870595426608,673.1274317559399,673.7853303532094,21415700
20250204,701.9764404296875,705.4853950757674,689.435967564897,700.291750368734,13826300
20250205,702.6543579101562,715.8826654247008,696.8127924114283,701.338499801199,17778200
20250206,709.7518920898438,716.6402049884904,701.2885896343017,703.6611131134636,13080700
20250207,712.27392578125,722.7309407303161,709.5126138066624,714.5467269625192,16427100
20250210,715.1448974609375,718.932940098342,709.0939710353202,716.3012242622654,12904300
20250211,717.537353515625,721.3852053088176,707.8080235680292,711.077742352479,12998000
20250212,723.099853515625,724.8144176821432,710.3599968194253,713.0515218383842,12016500
20250213,726.2698364257812,726.7084557601091,715.7828856053137,719.2519879198333,12569100
20250214,734.3543090820312,738.5809711848887,723.3390562017464,723.8574410856692,16901200
20250218,714.1181640625,734.6833207719243,704.2193852371487,733.6864641630071,21938700
20250219,701.5578002929688,704.7776276936228,693.2041369812721,701.886719169158,17535500
20250220,692.6558227539062,703.4118828816584,691.4595827411689,695.088155137264,12587400
20250221,681.4013061523438,701.6574392501641,680.2150443830811,694.3903766528952,15660400
20250224,666.02978515625,685.1096345134455,660.3676471383606,684.122756243814,15677000
20250225,655.4332885742188,665.900284057153,639.8424349858167,663.8766357256659,20579700
20250226,671.5823364257812,680.8630693918321,655.9316748718801,657.576512679624,14488700
20250227,656.1708374023438,686.485278775033,655.5029605584499,680.3047560748793,12500000
20250228,666.0995483398438,667.5250458825946,640.579984557629,655.9714518798419,17534200
20250303,652.9908447265625,679.1084974580099,648.7941177590432,671.5622863758869,10843800
20250304,637.9882202148438,647.7075720071792,621.6896392388619,643.4809097831836,21495200
20250305,654.406494140625,657.4269991717806,635.6556218898671,638.985150066886,13770000
20250306,625.9561767578125,648.5150471759833,622.1481771276858,645.9630966353535,13446500
20250307,623.6932373046875,632.7945424007281,598.7219930959255,623.4041708110899,21375700
20250310,596.1102905273438,608.1921880983464,585.0252495931782,606.1586224627868,21999900
20250311,603.8060302734375,612.9970188777876,591.4649407555324,593.1795048947525,17401500
20250312,617.6124267578125,631.3391605894193,607.4344997247063,627.9199500067502,15747000
20250313,588.7833862304688,618.549509168397,584.666363679096,618.300295022882,16480300
20250314,606.2288818359375,607.4860482974414,593.4378646925935,601.43972556622,12364500
20250317,603.5349731445312,611.716419847394,596.6505197119633,606.0891936692743,15473900
20250318,581.0458374023438,598.895481615564,573.3632009688982,598.695920754158,20297700
20250319,582.7420654296875,590.9834364727485,573.473050249603,582.9616006660708,20537500
20250320,584.6776123046875,608.8230139342973,578.2022676048324,581.4449335433823,24336500
20250321,594.904541015625,596.1916081624212,579.6390781803701,582.1034753081934,25015900
20250324,617.4534912109375,621.1351668672481,610.818534005287,613.5822418688982,15741300
20250325,624.896728515625,632.4496541118687,619.7782994932003,625.3457252697278,15312500
20250326,609.6012573242188,625.3356905979604,605.2411234358802,623.479902445872,12609800
20250327,601.2202758789062,612.8639250968658,598.745830668508,600.6415676163016,10436500
20250328,575.4385986328125,600.3921742735024,572.6249545466391,598.9554211422102,17602800
20250331,575.0594482421875,577.3941949049992,552.0514847999954,562.2284810192266,21124700
20250401,584.6776123046875,588.5787620697387,568.713718453365,569.5518496754252,12836600
20250402,582.6123046875,591.3225852084037,572.0661494891557,573.612639602056,13470800
20250403,530.4203491210938,551.3130986556911,529.1033205063213,544.9873786131755,34777500
20250404,503.5910949707031,516.8311404448868,493.0848569823107,505.4768143795348,38589800
20250407,515.0850219726562,538.1528441381656,480.8125306436679,484.0053216518451,36606100
20250408,509.29815673828125,546.1946900687835,501.72525715038495,542.0241297513288,28034200
20250409,584.4481811523438,586.563392325636,500.9769327422793,508.1207792653783,39216600
20250410,545.0572509765625,579.9882591353082,534.0920601322453,574.1913720884271,28173500
20250411,542.3433837890625,546.1647580379857,527.3972072394978,534.3015744722139,17642300
20250414,530.2807006835938,556.5114165099282,527.0879701726936,554.9149903570471,14130900
20250415,520.3432006835938,536.7261316213554,516.3322523952014,530.9092700648307,15558700
20250416,501.176513671875,512.2115538752881,494.5115946838527,507.36253528750194,18735100
20250417,500.3484191894531,506.1552631934533,496.8862480413959,504.1099012067369,14593500
20250421,483.56634521484375,492.38639367876976,478.71729620364266,490.22127698998224,16166000
20250422,499.1510925292969,505.7362053967078,485.26249029169,490.7600664511802,17399400
20250423,519.0960693359375,534.1320723212986,515.3545309290855,527.3374410103529,18173900
20250424,531.9469604492188,532.6952680588365,516.3322506362241,517.5594556288198,13910000
20250425,546.0350952148438,548.6192167322417,535.0399425493104,545.566124111354,17098900
20250428,548.49951171875,557.2297674992926,539.3701950695558,554.3862228326028,15179000
20250429,553.1889038085938,555.3141023170735,542.8921836696377,544.7679463052672,11835000
20250430,547.7611694335938,547.8609194224242,528.305171612182,537.1851129255415,29244000
20250501,570.9188232421875,591.6120134415539,569.2126599544815,590.7439814787114,31159000
20250502,595.6727905273438,602.9762796011632,577.024963745963,582.143392314511,24739300
20250505,597.917724609375,601.8488361583287,586.7230116613694,589.8858412822701,13887700
20250506,585.9847412109375,594.6850963262071,585.2564079323492,591.1929940245881,10600700
20250507,595.4632568359375,601.7191276587725,585.3461237925522,589.0277995025451,13139100
20250508,596.6605834960938,609.9205723172726,595.2737054544873,604.9218677784463,14622800
20250509,591.153076171875,605.6003835325008,590.3748678564078,602.3577169402795,10427300
20250512,637.9871215820312,638.944977269137,619.628677643235,629.4963146177121,21965100
20250513,654.5496826171875,659.4286019389394,641.3794565378789,644.083302386897,18570800
20250514,657.8721313476562,661.1746598556101,652.8335389149222,659.7179933381154,12348200
20250515,642.4271240234375,655.8268126376665,637.1390953699993,652.8036813375844,14341800
20250516,638.8950805664062,638.9948305544648,624.7370982869602,636.5204462352993,18519000
20250519,638.98486328125,641.5490713874889,626.3833579870233,626.8323547421304,9592400
20250520,635.662353515625,637.9072763695222,630.8333091235804,634.5748472134089,6743500
20250521,634.06591796875,645.150832304797,628.7479287022497,630.3642681060018,11464600
20250522,635.133544921875,641.7984637515493,629.2867830155565,632.6192119816805,8228400
20250523,625.6449584960938,631.022809904483,621.2449370057717,622.5918662034928,8454100
20250527,640.8705444335938,641.6288391569669,631.322132840975,633.9761034753569,9508400
20250528,642.1277465820312,649.4112615873161,641.1000415977985,641.1499165908115,9042900
20250529,643.5944213867188,651.8457794764735,638.0569572367845,650.1795649115138,8858800
20250530,646.0288696289062,647.9445199213626,631.3521030687026,641.0501397655987,16241000
20250602,669.3861083984375,671.7407683371362,642.8062081386795,642.9359196596392,15766300
20250603,665.34521484375,674.0555568287034,663.5293753010757,669.9348713872049,11585000
20250604,686.3976440429688,687.4452625248051,667.0613703936261,667.8096780088563,14031900
20250605,683.0750732421875,692.8130584501095,680.7104262850396,690.0991647687987,13083100
20250606,696.1356201171875,701.2240874679378,690.3087714429512,694.5990561951916,11728000
20250609,692.4938354492188,703.5987252238476,692.3741111037318,696.8839311085023,12773200
20250610,700.8150024414062,701.6430856337115,689.9994369756769,699.7673231326536,10850100
20250611,692.5736694335938,707.2704113136799,690.4284966062165,702.1220817843749,9582500
20250612,691.79541015625,693.8108714889893,685.4497761885773,691.7355479828731,7322700
20250613,681.3291015625,693.00271273635,679.4733132608307,686.3976556130428,9274400
20250616,701.0746459960938,706.097186349852,692.4774795938313,698.2888218186604,13720300
20250617,696.19189453125,704.9188720421186,695.0236535754563,700.9548121157454,10066100
20250618,694.734130859375,700.5454731369719,693.8654310237622,697.1405159449071,10068300
20250620,681.3340454101562,700.7750888089137,677.659531763817,699.7066745861354,22538600
20250623,697.4900512695312,698.009235646563,677.7394706648903,682.6721183845542,11080100
20250624,711.1396484375,712.1281647182683,701.0646441862544,703.840534417847,13823200
20250625,707.6248779296875,715.5131404309827,704.329803307428,712.2579843149763,9320400
20250626,725.0089721679688,727.1357448031094,709.9913257897466,713.2963951875835,13964800
20250627,732.5377197265625,734.335027558332,724.7792688020234,725.4383202717177,18775700
20250630,736.9911499023438,746.7865422233173,733.1568401231899,743.4414931754206,15402100
20250701,718.149169921875,736.6516110389775,714.3049263192432,735.7829112020786,13431200
20250702,712.507568359375,719.2275285170003,711.7386953151484,714.2649576351612,9336700
20250703,717.9395141601562,727.9446154194361,713.3563211505465,725.5281745483136,8601700
20250707,717.2804565429688,725.9176023238477,712.4476967305745,716.5315731843128,9457100
20250708,719.5969848632812,721.8336399994789,713.7457243829997,720.4956692403485,7770700
20250709,731.6890258789062,736.4319538163115,721.6439452565418,721.6439452565418,11418000
20250710,726.1572265625,734.704479422628,718.5285868802704,730.4608071076664,9913600
20250711,716.4417724609375,724.080346484783,708.6434025181652,721.4243335394181,10873900
20250714,719.8466186523438,726.9160944373699,715.4831299390246,716.5315544248375,8939400
20250715,709.3323974609375,723.3913915043134,708.7632387544227,722.8222937420867,11529500
20250716,701.8634033203125,712.9069335357998,698.2288692710704,712.3078512596281,13067600
20250717,700.3656616210938,704.8490277671435,696.0720759709156,703.3412662167694,11803300
20250718,703.2314453125,703.6607977835126,690.6202449112741,701.1445302429636,12779800
20250721,711.908447265625,715.932476351091,704.7092210614702,705.7476506911312,9404400
20250722,703.7606201171875,715.5330442831794,700.3656579311477,715.1236815394241,8921100
20250723,712.517578125,713.5660026063329,703.880432607157,705.3182910497592,8771600
20250724,713.7357788085938,722.5426547237513,712.9369820539731,715.9824289621253,10920800
20250725,711.618896484375,719.5770617883383,710.8400895031193,715.8525738749273,8271700
20250728,716.5615844726562,723.6609843506268,711.6189419324959,714.1352096135126,8715700
20250729,698.957763671875,723.3913008144071,698.8678708582052,718.9279854910714,13267000
20250730,694.1749267578125,707.4451173939698,690.170887478499,707.0357546566921,27077300
20250731,772.2884521484375,783.5816106103192,764.3702661872821,774.0458414913344,38831100
20250801,748.8933715820312,764.8595554226001,744.2003568990668,759.5973820600149,19028700
20250804,775.214111328125,775.6933771870287,757.2808287946278,758.8684883686742,15801700
20250805,762.3233032226562,781.9639994147884,761.863966178597,775.2939526074297,11640300
20250806,770.8406372070312,772.488205034118,759.327834976083,768.853609707056,9733900
20250807,760.6957397460938,773.8461140652291,758.4191051508143,772.3383525306105,9019700
20250808,768.1546630859375,768.7538063796192,757.4506521481833,761.6144268371896,7320800
20250811,764.729736328125,772.3084628390361,763.531510748687,768.9334902466898,7612000
20250812,788.8237915039062,792.4883102810505,771.2799436630941,771.849102319645,14563100
20250813,778.9186401367188,794.2757473900336,777.0713578354987,789.9721665216805,8811800
20250814,780.9655151367188,786.6370510429252,771.3598429397638,776.7218428333804,8116200
20250815,784.0609130859375,795.0645257736991,779.6575056048304,782.9825648931883,13375400
20250818,766.2274780273438,774.6549143701418,755.4335751910228,773.9360156125421,16513700
20250819,750.3611450195312,766.0277875160474,748.2443062415024,765.977874147037,12286700
20250820,746.6067504882812,749.083099657565,729.911672806752,746.4570103778062,11898200
20250821,737.9995727539062,744.3900685450179,732.0185006665147,743.6012666698691,8876300
20250822,753.6661987304688,755.7731035460037,733.2966081137474,738.1293678852983,10612700
20250825,752.1784057617188,757.7501148109367,749.0131426125197,753.6961621486424,6861200
20250826,752.9772338867188,753.7461069744401,746.8264320177999,749.6821592803592,7601800
20250827,746.2672729492188,753.0272129802489,741.7340542390842,751.1799307743298,8315400
20250828,749.99169921875,751.9288132977724,739.6970516455432,742.8922995313089,7468000
20250829,737.6002197265625,746.0276565106426,734.2551707121078,744.1704403453122,9070500
20250902,734.0155029296875,734.9041924629622,720.655419120511,724.9589996576248,9350900
20250903,735.95263671875,739.1478846127889,732.8971950134412,734.9042121918441,7699300
20250904,747.535400390625,760.0267237435045,744.7095967582477,747.4555024338443,11439100
20250905,751.3297119140625,756.821523128746,743.9207763942886,751.4994417417535,9663400
20250908,751.1798706054688,765.3687349414048,750.9003191950952,754.8743737770961,13087800
20250909,764.5599975585938,765.1590798691678,752.3082462809408,756.3621991005824,10999000
20250910,750.8604125976562,764.5600175863916,749.8818911499914,763.990858904295,12478300
20250911,749.7820434570312,755.9727638030715,747.2557810059183,753.5264602522736,7923300
20250912,754.4650268554688,756.4420593260343,742.6526235095245,747.6151944100551,8248600
20250915,763.5614624023438,772.9175066813722,750.8703641812288,756.3421855933647,10533800
20250916,777.8401489257812,780.1966205012909,763.960820221922,765.8580156945753,11782500
20250917,774.5650634765625,782.1238004242355,765.1691000860621,778.828725718326,9400900
20250918,779.0883178710938,787.6056471582369,772.2085614820411,779.5875734416616,10955000
20250919,777.2210693359375,789.6225600448605,768.0447499547826,785.2490765825911,23696800
20250922,764.5364379882812,785.0896826443245,763.8469978355404,781.2128396094075,11706900
20250923,754.784423828125,769.9719880546131,750.4579354131178,768.6231126086477,10872600
20250924,760.0401000976562,760.4897455830934,751.9167814613187,756.8827020619125,8828200
20250925,748.2996826171875,756.1533238123261,743.9432502397539,752.8360219788784,10591100
20250926,743.1439208984375,751.3172477286904,736.7491118404043,749.3888277967437,9696300
20250929,742.794189453125,750.1681799899285,738.5476529969768,748.1098002440084,9246800
20250930,733.7815551757812,742.3645209926972,725.7081225297242,741.6451369970716,16226800
20251001,716.7554321289062,721.2617054862658,709.6212362201944,720.9020135039985,20419600
20251002,726.45751953125,727.176964520395,717.5548070653372,721.9911913779041,11415300
20251003,709.98095703125,730.4043027655052,709.6012618171895,729.0354240673363,16154300
20251006,715.0767822265625,716.2958197616522,689.9473135389625,704.6153434967972,21654700
20251007,712.4989013671875,717.9144673294414,705.1748577839295,717.135073707775,12062900
20251008,717.2550659179688,719.063588526951,707.233209995552,712.8686286502683,10790600
20251009,732.9122314453125,732.9122314453125,711.8593952481671,717.694662739213,12717200
20251010,704.7252197265625,734.6708280741015,703.9358854737135,730.3243364156914,16980100
20251013,715.1167602539062,719.353295154282,707.0633311027989,712.4289500007787,9251800
20251014,708.072509765625,714.966850016347,698.7600977854659,707.2032236513401,8829800
20251015,716.9652709960938,723.3101331023296,708.9318445822669,716.4756800447307,10246800
20251016,711.48974609375,724.898793146875,703.3064176322127,716.9652609619593,9017000
20251017,716.3357543945312,717.9544293541486,705.5445676686097,706.5038073054051,12232400
20251020,731.5733032226562,733.1720358988009,719.5930841941394,720.602270855396,8900200
20251021,732.6724853515625,737.898203963144,728.156149137632,735.4202444049121,7647300
20251022,732.8123168945312,739.9964601984101,723.4400167690366,733.2320185457676,8734500
20251023,733.40185546875,741.8049752352916,732.5025644943078,734.1012972282697,9856000
20251024,737.75830078125,740.6060149267306,730.5542151922721,736.1895728454068,9151300
20251027,750.2081298828125,755.1341048828856,747.4004223192904,749.1189913399045,11321100
20251028,750.82763671875,757.7819868095911,744.9124781386814,752.0166693998259,12193800
20251029,751.0574340820312,758.5413205942342,741.9049255575367,754.1349412128479,26818600
20251030,665.9268798828125,680.405123547836,649.6401745693712,668.6047496805471,88440100
20251031,647.8216552734375,674.3400676801817,645.0439523217459,673.9603724515775,56953200
20251103,637.1903686523438,658.792746197499,635.6615861365713,655.4654426520216,33003600
20251104,626.8087768554688,641.2170082918374,625.4998468710925,627.528160823027,27356600
20251105,635.4317626953125,641.7066132741587,626.0293969573662,631.7947143740674,20219900
20251106,618.4356079101562,635.4817027165644,617.4963715076051,635.3318005623231,23628800
20251107,621.203369140625,621.6230097922952,600.7100736857968,615.9875913853423,29946800
20251110,631.2451782226562,634.4825281361091,617.606277436272,630.5757412925083,19245000
20251111,626.5690307617188,629.0469903781388,618.8852946435945,627.4882640088713,13302200
20251112,608.5137329101562,628.4774318700306,607.2747531328254,627.6181473129036,24493300
20251113,609.3930053710938,617.1466913787408,602.5086055074847,612.5704066192014,20973800
20251114,608.96337890625,613.1799107961393,594.7149894844074,601.2995852054279,20724100
20251117,601.5194091796875,611.1915132655756,594.914810553651,608.54364845602,16501300
20251118,597.2029418945312,603.1680476389258,583.3043040560937,591.1178778321469,25500600
20251119,589.8389282226562,594.8448550993957,580.7763124672824,593.236120814011,24744700
20251120,588.669921875,606.225550290049,582.8745995478572,603.0082035639184,20603000
20251121,593.7657470703125,597.6325885375659,581.38582901572,588.0204327318114,21052600
20251124,612.5504150390625,616.1974650582393,597.1429978306941,598.2320754408486,23554900
20251125,635.7014770507812,636.5308177101258,617.7960982049689,623.4914651316196,25213000
20251126,633.0936279296875,637.8397569399452,631.1152610365342,637.1703200291516,15209500
20251128,647.4219970703125,647.5218911860414,634.9821303911365,635.5616748244524,11033200
20251201,640.3477172851562,644.7941029489796,637.2402664201815,639.028785702615,13029900
20251202,646.5726318359375,647.3420238521164,637.5500224020741,641.8165621493692,11640900
20251203,639.0787353515625,648.3211970895987,637.0304181904862,643.8848130159247,11134300
20251204,660.990966796875,675.5490404402168,659.512131337801,675.4491463216154,29874600
20251205,672.8712158203125,674.1402004180294,661.8502358329807,663.4589092143041,21207900
20251208,666.256591796875,676.1585499822719,664.528021142878,668.7945609027437,13161000
20251209,656.4246826171875,663.9385132978894,652.807637338328,663.2291308887899,12997100
20251210,649.6002197265625,653.9766553823684,642.8757234590145,649.4203737252112,16910900
20251211,652.1781005859375,654.7460135009795,640.2777724038347,642.7657334383907,13056700
20251212,643.7050170898438,710.4206277669183,638.0896015354143,649.2704855848336,14016900
20251215,647.510009765625,653.0,638.7000122070312,645.7000122070312,15549100
20251216,657.1500244140625,662.5399780273438,643.2000122070312,643.5,14309100
20251217,649.5,661.22998046875,649.2000122070312,655.6099853515625,15598500
20251218,664.4500122070312,670.5599975585938,656.4600219726562,657.030029296875,20260300
20251219,658.77001953125,671.0,658.1799926757812,666.4199829101562,49977100
20251222,661.5,673.5800170898438,656.6500244140625,661.6500244140625,15659400
20251223,664.9400024414062,666.0,658.25,660.0499877929688,8486800
20251224,667.5499877929688,668.1799926757812,662.2000122070312,662.530029296875,5627500
20251226,663.2899780273438,668.9500122070312,661.3200073242188,668.0599975585938,7133800
20251229,658.6900024414062,660.25,654.3900146484375,658.010009765625,8506500
20251230,665.9500122070312,672.219970703125,657.8400268554688,658.6900024414062,9187500
